patient_id,episode_index,epoch_index,epoch_start_sec,epoch_end_sec,epoch_len_sec,eye_emg_corr,phasic_ratio,phasic_time_sec,phasic_count,tonic_ratio,tonic_eog,very_phasic,tonic_excluded,rswa
AN166,0,3.0,9524.0,9528.0,4.0,0.1114546922352598,0.9697265625,3.87890625,2.0,2.011079275287089,False,True,True,True
AN166,0,4.0,9528.0,9532.0,4.0,0.040541487316076,0.0,0.0,0.0,1.8420826856315664,False,False,False,True
AN166,0,5.0,9532.0,9536.0,4.0,0.021207727271875802,0.0,0.0,0.0,2.494334257965307,False,False,False,True
AN166,0,6.0,9536.0,9540.0,4.0,0.0049758829940595,0.0,0.0,0.0,1.7005896677534094,False,False,False,True
AN166,0,8.0,9544.0,9548.0,4.0,0.023386616522055,0.0,0.0,0.0,3.3745098209344007,False,False,False,True
AN166,0,9.0,9548.0,9552.0,4.0,-0.0177224273829472,0.4462890625,1.78515625,1.0,2.6019681272681545,False,False,False,True
AN166,0,10.0,9552.0,9556.0,4.0,0.0080238521181729,0.6298828125,2.51953125,1.0,3.277562107194906,,False,False,True
AN166,0,13.0,9564.0,9568.0,4.0,0.003429150005442,0.0,0.0,0.0,2.717663522540637,False,False,False,True
AN166,0,14.0,9568.0,9572.0,4.0,0.0099362910336278,0.0,0.0,0.0,2.6684592181712565,False,False,False,True
AN166,0,16.0,9576.0,9580.0,4.0,0.0184302755753882,0.0,0.0,0.0,1.454876689493957,False,False,False,True
AN166,0,21.0,9596.0,9600.0,4.0,0.0059379023932622,0.0,0.0,0.0,1.4102441820464164,False,False,False,True
AN166,0,23.0,9604.0,9608.0,4.0,0.0020555251470942,0.0,0.0,0.0,2.099820874909492,False,False,False,True
AN166,0,24.0,9608.0,9612.0,4.0,0.0007033244970885,0.0,0.0,0.0,2.277350559651608,False,False,False,True
AN166,0,26.0,9616.0,9620.0,4.0,0.0030443813160302997,0.0,0.0,0.0,2.306058944097087,False,False,False,True
AN166,0,28.0,9624.0,9628.0,4.0,-0.0078489456532392,0.0,0.0,0.0,1.4893988460093577,False,False,False,True
AN166,0,29.0,9628.0,9632.0,4.0,-0.0111890459064457,0.0,0.0,0.0,2.3431292603184235,False,False,False,True
AN166,0,34.0,9648.0,9652.0,4.0,0.0106359832781573,0.0732421875,0.29296875,1.0,1.5297985369075615,False,False,False,True
AN166,0,35.0,9652.0,9656.0,4.0,0.0063723829439993,1.0,4.0,2.0,6.61377037060722,False,True,True,True
AN166,0,36.0,9656.0,9660.0,4.0,-0.047123530435929595,1.0,4.0,3.0,3.5947616681645362,False,True,True,True
AN166,0,37.0,9660.0,9664.0,4.0,-0.00484747372982705,0.7998046875,3.19921875,1.0,1.4608915757903427,False,True,True,True
AN166,0,38.0,9664.0,9668.0,4.0,0.00892407446932365,0.0,0.0,0.0,1.9835461721765193,False,False,False,True
AN166,0,39.0,9668.0,9672.0,4.0,-0.0831061529463255,0.0,0.0,0.0,1.5129083115650388,False,False,False,True
AN166,0,42.0,9680.0,9684.0,4.0,-0.0140151064434328,0.431640625,1.7265625,1.0,2.4274101289099765,False,False,False,True
AN166,0,43.0,9684.0,9688.0,4.0,-0.0187330031307964,0.0,0.0,0.0,1.5690659468054364,False,False,False,True
AN166,0,48.0,9704.0,9708.0,4.0,0.0003670863737834,0.0,0.0,0.0,2.4803194528572434,False,False,False,True
AN166,0,49.0,9708.0,9712.0,4.0,0.0064279191743693,0.0,0.0,0.0,1.5670585352399615,False,False,False,True
AN166,0,51.0,9716.0,9720.0,4.0,0.0088459595709833,0.0771484375,0.30859375,1.0,1.5533217911594446,False,False,False,True
AN166,0,52.0,9720.0,9724.0,4.0,-0.0096318183223279,1.0,4.0,1.0,1.5145935064264504,False,True,True,True
AN166,0,53.0,9724.0,9728.0,4.0,-0.009034044065641,1.0,4.0,1.0,4.132087201634641,False,True,True,True
AN166,0,54.0,9728.0,9732.0,4.0,0.02852730113350765,0.041015625,0.1640625,1.0,2.193838921537001,False,False,False,True
AN166,0,55.0,9732.0,9736.0,4.0,-0.0515334487751409,0.0,0.0,0.0,1.4631434942272827,False,False,False,True
AN166,0,59.0,9748.0,9752.0,4.0,-0.0028021724683702,0.0,0.0,0.0,1.4920035863420706,False,False,False,True
AN166,0,60.0,9752.0,9756.0,4.0,0.0014769235896736,0.0,0.0,0.0,1.5536960972640117,False,False,False,True
AN166,0,61.0,9756.0,9760.0,4.0,0.0034862343574269504,0.0,0.0,0.0,1.6412960629511475,False,False,False,True
AN166,0,62.0,9760.0,9764.0,4.0,-0.00114288482481455,0.0205078125,0.08203125,1.0,2.657948538566213,False,False,False,True
AN166,0,63.0,9764.0,9768.0,4.0,-0.00104223256877805,0.9365234375,3.74609375,1.0,1.9042894062220228,False,True,True,True
AN166,0,64.0,9768.0,9772.0,4.0,-0.0028268092175457,0.0,0.0,0.0,1.3221766340209251,False,False,False,True
AN166,0,68.0,9784.0,9788.0,4.0,0.0078786147635106,0.0,0.0,0.0,2.2714179106470764,False,False,False,True
AN166,0,70.0,9792.0,9796.0,4.0,0.0079461909618112,0.0,0.0,0.0,1.4267145515131976,False,False,False,True
AN166,0,74.0,9808.0,9812.0,4.0,0.0022845628593025,0.0,0.0,0.0,1.9901694706793411,False,False,False,True
AN166,0,78.0,9824.0,9828.0,4.0,0.0003323300933082,0.0,0.0,0.0,1.6374823340480338,False,False,False,True
AN166,0,83.0,9844.0,9848.0,4.0,-0.003227893937381,0.0,0.0,0.0,1.5641216812348129,False,False,False,True
AN166,0,85.0,9852.0,9856.0,4.0,-0.0213278078281943,0.0,0.0,0.0,1.6222570881598044,False,False,False,True
AN166,0,86.0,9856.0,9860.0,4.0,-0.004455483394218401,0.0,0.0,0.0,2.844265938854993,False,False,False,True
AN166,0,87.0,9860.0,9864.0,4.0,0.0056387461772451,0.0,0.0,0.0,1.3087259744349038,False,False,False,True
AN166,0,88.0,9864.0,9868.0,4.0,-0.002230707466585,0.0,0.0,0.0,1.370953726624925,False,False,False,True
AN166,0,89.0,9868.0,9872.0,4.0,0.005361308343536,0.0,0.0,0.0,1.477241712346439,False,False,False,True
AN166,0,91.0,9876.0,9880.0,4.0,0.0029436455040814,0.0,0.0,0.0,1.3067286969778185,False,False,False,True
AN166,0,92.0,9880.0,9884.0,4.0,0.0021109049336779998,0.0,0.0,0.0,2.038725012345721,False,False,False,True
AN166,0,93.0,9884.0,9888.0,4.0,0.0017532336915184,0.0,0.0,0.0,1.690680132161709,False,False,False,True
AN166,0,94.0,9888.0,9892.0,4.0,-0.0056483767243358,0.0,0.0,0.0,1.4914725701191913,False,False,False,True
AN166,0,95.0,9892.0,9896.0,4.0,0.0017279902475144,0.1875,0.75,1.0,1.3292189603463898,False,False,False,True
AN166,0,96.0,9896.0,9900.0,4.0,0.0127258774926121,1.0,4.0,1.0,4.122400334306564,False,True,True,True
AN166,0,97.0,9900.0,9904.0,4.0,0.0020858126891855,0.537109375,2.1484375,1.0,1.7190735044807146,,False,False,True
AN166,0,98.0,9904.0,9908.0,4.0,-0.0036517639544884502,0.6328125,2.53125,1.0,2.2017443670056114,False,False,False,True
AN166,0,99.0,9908.0,9912.0,4.0,-0.0008182373897234,0.2119140625,0.84765625,1.0,1.4158444389237177,False,False,False,True
AN166,0,119.0,9988.0,9992.0,4.0,-0.002470818301618,0.0,0.0,0.0,2.213892376006572,False,False,False,True
AN166,0,120.0,9992.0,9996.0,4.0,0.0013346454014394496,0.98828125,3.953125,1.0,1.7833715637808467,False,True,True,True
AN166,0,121.0,9996.0,10000.0,4.0,0.00028712580613984937,1.0,4.0,1.0,3.5918748000141143,False,True,True,True
AN166,0,122.0,10000.0,10004.0,4.0,0.011677567096883949,0.2138671875,0.85546875,1.0,2.260960868970719,False,False,False,True
AN166,0,123.0,10004.0,10008.0,4.0,0.0018577725820930003,0.0,0.0,0.0,2.7525053255999605,False,False,False,True
AN166,0,124.0,10008.0,10012.0,4.0,-0.0035593592553879,0.0302734375,0.12109375,1.0,2.096363394839908,False,False,False,True
AN166,0,125.0,10012.0,10016.0,4.0,0.0045022178672718,1.0,4.0,1.0,1.8363099935247176,False,True,True,True
AN166,0,126.0,10016.0,10020.0,4.0,0.0271648011261089,1.0,4.0,1.0,2.3533525687335626,False,True,True,True
AN166,0,127.0,10020.0,10024.0,4.0,0.0082029934035175,1.0,4.0,1.0,3.1981010119587787,False,True,True,True
AN166,0,128.0,10024.0,10028.0,4.0,0.01550214066301725,1.0,4.0,1.0,3.094307545184954,False,True,True,True
AN166,0,129.0,10028.0,10032.0,4.0,0.0058777336443225,0.21875,0.875,1.0,1.7312856892489503,False,False,False,True
AN166,0,131.0,10036.0,10040.0,4.0,0.00057295274128,0.0,0.0,0.0,2.9209524130053617,False,False,False,True
AN166,0,132.0,10040.0,10044.0,4.0,-0.0014583958985541,0.0,0.0,0.0,3.026624622179774,False,False,False,True
AN166,0,133.0,10044.0,10048.0,4.0,-0.0009556630593447,0.0,0.0,0.0,1.9005779910882812,False,False,False,True
AN166,0,134.0,10048.0,10052.0,4.0,0.0017341608174175,0.0,0.0,0.0,1.5290784352213196,False,False,False,True
AN166,0,135.0,10052.0,10056.0,4.0,-0.0022201612606465495,0.78125,3.125,1.0,1.933330016818922,False,True,True,True
AN166,0,136.0,10056.0,10060.0,4.0,0.0299345513389219,1.0,4.0,1.0,1.3572928423628785,False,True,True,True
AN166,0,137.0,10060.0,10064.0,4.0,0.0291493181379963,1.0,4.0,1.0,3.4131236709746715,False,True,True,True
AN166,0,138.0,10064.0,10068.0,4.0,0.0028235510283351,1.0,4.0,1.0,2.790619185408889,False,True,True,True
AN166,0,139.0,10068.0,10072.0,4.0,0.0018024451396371501,0.783203125,3.1328125,1.0,2.2048056802282,False,True,True,True
AN166,0,140.0,10072.0,10076.0,4.0,0.0168904804489397,0.3583984375,1.43359375,1.0,3.262796047039129,False,False,False,True
AN166,0,141.0,10076.0,10080.0,4.0,-0.0051965912076664,1.0,4.0,1.0,2.8802796318325017,False,True,True,True
AN166,0,142.0,10080.0,10084.0,4.0,0.0003813667753559,0.0,0.0,0.0,1.4600891010496608,False,False,False,True
AN166,0,143.0,10084.0,10088.0,4.0,0.00742227171316665,0.5439453125,2.17578125,1.0,2.1974903933245087,False,False,False,True
AN166,0,144.0,10088.0,10092.0,4.0,-0.00435642894353285,0.2490234375,0.99609375,1.0,1.6771689900449442,False,False,False,True
AN166,0,145.0,10092.0,10096.0,4.0,0.0045446653131916,0.0,0.0,0.0,1.3204461705994035,False,False,False,True
AN166,0,148.0,10104.0,10108.0,4.0,-0.0034127855393921,0.0,0.0,0.0,1.3060283355897744,False,False,False,True
AN166,0,149.0,10108.0,10112.0,4.0,0.0042729652294953,0.0,0.0,0.0,1.324360743308879,False,False,False,True
AN166,0,150.0,10112.0,10116.0,4.0,-0.0030004880428395,0.0,0.0,0.0,1.4988166563083671,False,False,False,True
AN166,0,151.0,10116.0,10120.0,4.0,-0.0030202373922795,0.44140625,1.765625,1.0,1.6222181193419116,False,False,False,True
AN166,0,152.0,10120.0,10124.0,4.0,-0.003110094721115,0.0,0.0,0.0,1.7307950159620684,False,False,False,True
AN166,0,156.0,10136.0,10140.0,4.0,0.08101453681955581,1.0,4.0,1.0,3.11072789767679,False,True,True,True
AN166,0,162.0,10160.0,10164.0,4.0,0.0057489652549536,0.0,0.0,0.0,1.377011134498911,False,False,False,True
AN166,0,167.0,10180.0,10184.0,4.0,0.0044089839819274,0.0,0.0,0.0,1.301420292445202,False,False,False,True
AN166,0,168.0,10184.0,10188.0,4.0,0.0037777391726267,0.0,0.0,0.0,2.437256110322036,False,False,False,True
AN166,0,169.0,10188.0,10192.0,4.0,-0.032294709121018846,0.0,0.0,0.0,4.031824222169577,False,False,False,True
AN166,0,170.0,10192.0,10196.0,4.0,0.0086984399366425,0.0,0.0,0.0,2.094966739899575,False,False,False,True
AN166,0,171.0,10196.0,10200.0,4.0,0.00666537187997285,0.7705078125,3.08203125,1.0,1.8803767039624049,False,True,True,True
AN166,0,172.0,10200.0,10204.0,4.0,-0.0056442480855019,1.0,4.0,1.0,4.065216056371376,,True,True,True
AN166,0,173.0,10204.0,10208.0,4.0,-0.007305445177721,0.34765625,1.390625,2.0,2.492525596944115,False,False,False,True
AN166,0,174.0,10208.0,10212.0,4.0,0.0135093362040339,0.0,0.0,0.0,1.5144754993188894,False,False,False,True
AN166,0,175.0,10212.0,10216.0,4.0,-0.00032583540304710005,0.0,0.0,0.0,3.828509187062224,False,False,False,True
AN166,0,176.0,10216.0,10220.0,4.0,0.0048038873931213,0.7685546875,3.07421875,1.0,1.7717840419577746,False,True,True,True
AN166,0,177.0,10220.0,10224.0,4.0,-0.0054624234377813,0.51171875,2.046875,1.0,1.7913789625094947,False,False,False,True
AN166,0,178.0,10224.0,10228.0,4.0,-0.0016177453387348,0.0,0.0,0.0,1.433732365440637,False,False,False,True
AN166,0,179.0,10228.0,10232.0,4.0,0.0017940708245115,0.0,0.0,0.0,3.770066336330056,False,False,False,True
AN166,0,180.0,10232.0,10236.0,4.0,0.004100020922466,0.0,0.0,0.0,1.532541940332678,False,False,False,True
AN166,0,181.0,10236.0,10240.0,4.0,-0.0088993074697867,0.0224609375,0.08984375,1.0,1.6291110442806702,False,False,False,True
AN166,0,182.0,10240.0,10244.0,4.0,-0.0011028346830686,1.0,4.0,1.0,5.278808552642847,False,True,True,True
AN166,0,183.0,10244.0,10248.0,4.0,0.00434492750573965,0.064453125,0.2578125,1.0,1.3763720328842663,False,False,False,True
AN166,0,184.0,10248.0,10252.0,4.0,0.0228832898163043,0.0,0.0,0.0,1.3280091783446195,False,False,False,True
AN166,0,187.0,10260.0,10264.0,4.0,0.0104504194421388,0.0,0.0,0.0,1.3379408076088086,False,False,False,True
AN166,0,188.0,10264.0,10268.0,4.0,0.0282964790399888,0.6572265625,2.62890625,2.0,1.6226438374859402,False,False,False,True
AN166,0,189.0,10268.0,10272.0,4.0,0.02589800090233785,0.6826171875,2.73046875,3.0,1.54531850698065,False,False,False,True
AN166,0,190.0,10272.0,10276.0,4.0,0.0039926497399588,0.0,0.0,0.0,1.3272396500705983,False,False,False,True
AN166,0,191.0,10276.0,10280.0,4.0,-0.0041096538457438,0.0,0.0,0.0,1.371458643669614,False,False,False,True
AN166,0,192.0,10280.0,10284.0,4.0,-0.0020329675300409,0.0,0.0,0.0,1.8157312769455864,False,False,False,True
AN166,0,193.0,10284.0,10288.0,4.0,-0.0286876546337908,0.185546875,0.7421875,2.0,1.5975818113779168,False,False,False,True
AN166,0,194.0,10288.0,10292.0,4.0,0.0398303280647149,1.0,4.0,3.0,3.718134515893796,False,True,True,True
AN166,0,195.0,10292.0,10296.0,4.0,0.01897900740825685,1.0,4.0,3.0,2.850867264969337,False,True,True,True
AN166,0,196.0,10296.0,10300.0,4.0,0.052402636475481795,1.0,4.0,2.0,2.398571121622749,False,True,True,True
AN166,0,197.0,10300.0,10304.0,4.0,0.3376173765558703,0.5068359375,2.02734375,1.0,2.502222799224774,False,False,False,True
AN166,0,198.0,10304.0,10308.0,4.0,0.047121096161245046,1.0,4.0,1.0,1.66920212917103,False,True,True,True
AN166,0,199.0,10308.0,10312.0,4.0,0.01310861765648275,1.0,4.0,1.0,1.6902254254742743,False,True,True,True
AN166,0,200.0,10312.0,10316.0,4.0,0.0061099353048998,1.0,4.0,2.0,2.135177399291313,False,True,True,True
AN166,0,201.0,10316.0,10320.0,4.0,0.06891620382305666,1.0,4.0,3.0,1.99793098529834,False,True,True,True
AN166,0,202.0,10320.0,10324.0,4.0,-0.0151135778558149,1.0,4.0,3.0,2.4195602453723284,False,True,True,True
AN166,0,203.0,10324.0,10328.0,4.0,0.0493998706655815,1.0,4.0,2.0,2.086857611679411,False,True,True,True
AN166,0,204.0,10328.0,10332.0,4.0,0.010051222054147501,0.4677734375,1.87109375,2.0,1.6227333258945524,False,False,False,True
AN166,0,205.0,10332.0,10336.0,4.0,0.00047856628323140007,0.0,0.0,0.0,1.4795413432476865,False,False,False,True
AN166,0,206.0,10336.0,10340.0,4.0,0.032123189071060904,0.0,0.0,0.0,1.3978552212740576,False,False,False,True
AN166,0,207.0,10340.0,10344.0,4.0,0.0206643156687523,0.0,0.0,0.0,1.408038142884677,False,False,False,True
AN166,0,208.0,10344.0,10348.0,4.0,0.01401008131552815,0.0,0.0,0.0,1.4310088980811526,False,False,False,True
AN166,0,209.0,10348.0,10352.0,4.0,0.03972586446557995,0.0,0.0,0.0,1.457098292108146,False,False,False,True
AN166,0,210.0,10352.0,10356.0,4.0,0.037974013914523,0.0,0.0,0.0,1.4728997901109695,False,False,False,True
AN166,0,211.0,10356.0,10360.0,4.0,0.0483164567231949,0.802734375,3.2109375,1.0,1.5231653547636432,False,True,True,True
AN166,0,212.0,10360.0,10364.0,4.0,0.033222991593192044,0.17578125,0.703125,1.0,1.4958701947005286,False,False,False,True
AN166,0,213.0,10364.0,10368.0,4.0,0.0139849177723945,0.5029296875,2.01171875,1.0,1.641249133047248,False,False,False,True
AN166,0,214.0,10368.0,10372.0,4.0,0.0187124966563171,1.0,4.0,1.0,1.5443038822876753,False,True,True,True
AN166,0,215.0,10372.0,10376.0,4.0,0.035906778870769346,1.0,4.0,1.0,1.477528697809952,False,True,True,True
AN166,0,216.0,10376.0,10380.0,4.0,0.02351643506475945,1.0,4.0,1.0,1.4864601858689508,False,True,True,True
AN166,0,217.0,10380.0,10384.0,4.0,0.014381500050776149,1.0,4.0,1.0,1.507092556185274,False,True,True,True
AN166,0,218.0,10384.0,10388.0,4.0,0.0097892517960333,1.0,4.0,1.0,1.5575930349424127,False,True,True,True
AN166,0,219.0,10388.0,10392.0,4.0,0.0164481266280831,1.0,4.0,1.0,1.5034544610421503,False,True,True,True
AN166,0,220.0,10392.0,10396.0,4.0,0.00581874459134385,1.0,4.0,1.0,1.6570052957281347,False,True,True,True
AN166,0,221.0,10396.0,10400.0,4.0,0.030637299057787098,1.0,4.0,1.0,1.5284012667430464,False,True,True,True
AN166,0,222.0,10400.0,10404.0,4.0,0.0400753520909034,1.0,4.0,1.0,1.5863716387698812,False,True,True,True
AN166,0,223.0,10404.0,10408.0,4.0,0.01888311565588145,1.0,4.0,1.0,1.5786895023355942,False,True,True,True
AN166,0,224.0,10408.0,10412.0,4.0,0.0074149298867912,1.0,4.0,1.0,1.5264944716346325,False,True,True,True
AN166,0,225.0,10412.0,10416.0,4.0,0.0155239163381269,1.0,4.0,1.0,1.5387718523822365,False,True,True,True
AN166,0,226.0,10416.0,10420.0,4.0,0.0129503489459772,1.0,4.0,1.0,1.6458283374953544,False,True,True,True
AN166,0,227.0,10420.0,10424.0,4.0,0.01378350231426265,1.0,4.0,1.0,1.6252291035235396,False,True,True,True
AN166,0,228.0,10424.0,10428.0,4.0,0.0322822583636721,1.0,4.0,1.0,1.5452058210468362,False,True,True,True
AN166,0,229.0,10428.0,10432.0,4.0,0.0100164117399517,1.0,4.0,1.0,1.687094393367678,False,True,True,True
AN166,0,230.0,10432.0,10436.0,4.0,0.1191479150562889,1.0,4.0,1.0,1.5778703697638503,False,True,True,True
AN166,0,231.0,10436.0,10440.0,4.0,0.0478881481296752,0.974609375,3.8984375,1.0,2.172072058708259,False,True,True,True
AN166,0,232.0,10440.0,10444.0,4.0,-0.0036884358993693,0.0,0.0,0.0,4.739733139761306,False,False,False,True
AN166,0,233.0,10444.0,10448.0,4.0,0.0168598909649847,0.0,0.0,0.0,1.9125756244192933,False,False,False,True
AN166,0,234.0,10448.0,10452.0,4.0,-0.0037749449725406,0.0,0.0,0.0,3.6403411852132246,False,False,False,True
AN166,0,235.0,10452.0,10456.0,4.0,0.0067614008026786,0.0,0.0,0.0,2.0655703567527777,False,False,False,True
AN166,0,241.0,10476.0,10480.0,4.0,0.0004227850552301,0.0,0.0,0.0,2.312317173230264,False,False,False,True
AN166,0,242.0,10480.0,10484.0,4.0,-0.0278057666636777,0.0,0.0,0.0,2.371603702307618,False,False,False,True
AN166,0,244.0,10488.0,10492.0,4.0,-7.268255068669987e-05,0.0,0.0,0.0,1.7009290488110205,False,False,False,True
AN166,0,247.0,10500.0,10504.0,4.0,0.0110316859600034,0.0,0.0,0.0,1.821438043834471,False,False,False,True
AN166,0,248.0,10504.0,10508.0,4.0,-0.0005776948601648,0.0,0.0,0.0,2.147838474117292,False,False,False,True
AN166,0,249.0,10508.0,10512.0,4.0,-0.0023285454706443,0.0,0.0,0.0,1.964192190866102,False,False,False,True
AN166,0,251.0,10516.0,10520.0,4.0,0.0131493384172874,0.0,0.0,0.0,1.8632477710953947,False,False,False,True
AN166,0,252.0,10520.0,10524.0,4.0,-0.0044683226095981,0.0,0.0,0.0,2.2564265502791656,False,False,False,True
AN166,0,266.0,10576.0,10580.0,4.0,0.0017391910081078,0.0,0.0,0.0,1.3681757116131037,False,False,False,True
AN166,0,270.0,10592.0,10596.0,4.0,0.0075496151640847,0.0,0.0,0.0,1.892408476344075,False,False,False,True
AN166,0,273.0,10604.0,10608.0,4.0,0.002795983413805,0.0,0.0,0.0,1.5701701731829152,False,False,False,True
AN166,0,274.0,10608.0,10612.0,4.0,-0.0038259271786397,0.0,0.0,0.0,1.6337252157547613,False,False,False,True
AN166,0,275.0,10612.0,10616.0,4.0,-0.0050646401223207495,0.0,0.0,0.0,2.903500558949962,False,False,False,True
AN166,0,276.0,10616.0,10620.0,4.0,-0.0007172411474242501,0.0,0.0,0.0,1.6427325771579855,False,False,False,True
AN166,0,277.0,10620.0,10624.0,4.0,-0.0039449772809112,0.0,0.0,0.0,1.828870483384304,False,False,False,True
AN166,0,278.0,10624.0,10628.0,4.0,0.0072956966102927,0.0,0.0,0.0,1.7842359540293438,False,False,False,True
AN166,0,282.0,10640.0,10644.0,4.0,3.05387071705703e-05,0.0,0.0,0.0,1.604295914272386,False,False,False,True
AN166,0,286.0,10656.0,10660.0,4.0,0.02539817285155535,0.0,0.0,0.0,1.4285702199921277,False,False,False,True
AN166,0,287.0,10660.0,10664.0,4.0,0.0014166804261178,0.0,0.0,0.0,1.655007263919674,False,False,False,True
AN166,0,288.0,10664.0,10668.0,4.0,0.0012473823843395001,0.3173828125,1.26953125,1.0,2.298461934864222,False,False,False,True
AN166,0,289.0,10668.0,10672.0,4.0,-0.00212955431060395,0.5947265625,2.37890625,1.0,2.2215631496447434,False,False,False,True
AN166,0,290.0,10672.0,10676.0,4.0,0.0053401781094999,0.0,0.0,0.0,2.2615769624804023,False,False,False,True
AN166,0,291.0,10676.0,10680.0,4.0,0.00900306754116955,0.2041015625,0.81640625,1.0,1.845350701454935,False,False,False,True
AN166,0,292.0,10680.0,10684.0,4.0,-0.013960095538612351,1.0,4.0,1.0,4.572489967134022,False,True,True,True
AN166,0,293.0,10684.0,10688.0,4.0,-3.964825354982874e-05,1.0,4.0,1.0,1.5933522177827124,False,True,True,True
AN166,0,294.0,10688.0,10692.0,4.0,-0.0002896480438537,0.4794921875,1.91796875,1.0,1.9367813985761808,False,False,False,True
AN166,0,295.0,10692.0,10696.0,4.0,0.0043583120289663,0.0,0.0,0.0,1.542114986034849,False,False,False,True
AN166,0,296.0,10696.0,10700.0,4.0,0.0023934290548907,0.0,0.0,0.0,1.6295078141702106,False,False,False,True
AN166,0,297.0,10700.0,10704.0,4.0,-0.0108091955635789,0.9580078125,3.83203125,1.0,2.402077471222272,False,True,True,True
AN166,0,298.0,10704.0,10708.0,4.0,0.01133645869920145,0.8955078125,3.58203125,1.0,1.8535021975102042,False,True,True,True
AN166,0,299.0,10708.0,10712.0,4.0,0.00325231156985035,0.0,0.0,0.0,1.46421964018949,False,False,False,True
AN166,0,300.0,10712.0,10716.0,4.0,0.0063444740092125,0.0,0.0,0.0,1.505740500316129,False,False,False,True
AN166,0,301.0,10716.0,10720.0,4.0,-0.00430307453775115,0.0,0.0,0.0,1.7049421417455175,False,False,False,True
AN166,0,302.0,10720.0,10724.0,4.0,-0.0197486065524523,0.0,0.0,0.0,1.6247039922145528,False,False,False,True
AN166,0,303.0,10724.0,10728.0,4.0,0.0126046199043734,0.0,0.0,0.0,4.789795436476715,False,False,False,True
AN166,0,304.0,10728.0,10732.0,4.0,0.0044350776558162,0.0,0.0,0.0,1.7062329651441055,False,False,False,True
AN166,0,305.0,10732.0,10736.0,4.0,-0.0053941900044634,0.0,0.0,0.0,1.8742470075594209,False,False,False,True
AN166,0,306.0,10736.0,10740.0,4.0,-0.0011093177614971,0.0,0.0,0.0,1.8683158003736309,False,False,False,True
AN166,0,307.0,10740.0,10744.0,4.0,0.0032856333100407,0.0,0.0,0.0,1.5367169744173907,False,False,False,True
AN166,0,308.0,10744.0,10748.0,4.0,0.0127282295975738,0.0,0.0,0.0,1.463656055651815,False,False,False,True
AN166,0,309.0,10748.0,10752.0,4.0,-0.0456899570206242,0.0,0.0,0.0,1.7496203393078031,False,False,False,True
AN166,0,310.0,10752.0,10756.0,4.0,-0.0862118737858708,0.0,0.0,0.0,1.4699034068068142,False,False,False,True
AN166,0,311.0,10756.0,10760.0,4.0,0.0164020628286174,0.0,0.0,0.0,1.3644028948113749,False,False,False,True
AN166,0,312.0,10760.0,10764.0,4.0,0.01403229124284045,0.234375,0.9375,1.0,1.6855148879089588,False,False,False,True
AN166,0,313.0,10764.0,10768.0,4.0,0.0175025840856982,0.6064453125,2.42578125,1.0,1.5471436950949544,False,False,False,True
AN166,1,4.0,10998.0,11002.0,4.0,0.0008808918178497,0.9306640625,3.72265625,1.0,1.306090000111894,,True,True,True
AN166,1,6.0,11006.0,11010.0,4.0,0.004792632748359,0.736328125,2.9453125,1.0,1.3029745735028595,,False,False,True
AN166,1,7.0,11010.0,11014.0,4.0,0.0042354027289665,0.1982421875,0.79296875,1.0,1.7461028175266913,False,False,False,True
AN166,1,8.0,11014.0,11018.0,4.0,0.1927905269435742,0.533203125,2.1328125,2.0,1.838889877923114,False,False,False,True
AN166,1,9.0,11018.0,11022.0,4.0,-0.14245588022264843,1.0,4.0,1.0,2.2883045616445528,False,True,True,True
AN166,1,10.0,11022.0,11026.0,4.0,0.0145182316705532,1.0,4.0,1.0,3.4435416111674515,,True,True,True
AN166,1,11.0,11026.0,11030.0,4.0,-0.0338675770170764,1.0,4.0,1.0,5.2200469354549,,True,True,True
AN166,1,12.0,11030.0,11034.0,4.0,0.0140532047891388,0.123046875,0.4921875,1.0,1.7043234860998924,False,False,False,True
AN166,1,14.0,11038.0,11042.0,4.0,-0.0105625932898098,1.0,4.0,1.0,4.35727416087865,,True,True,True
AN166,1,15.0,11042.0,11046.0,4.0,-0.0228952920073701,1.0,4.0,1.0,3.201939710092016,,True,True,True
AN166,1,16.0,11046.0,11050.0,4.0,0.0087433282246757,0.0,0.0,0.0,1.8484035726400965,False,False,False,True
AN166,1,18.0,11054.0,11058.0,4.0,0.0010906499379174,0.0,0.0,0.0,1.5290358335832726,False,False,False,True
AN166,1,21.0,11066.0,11070.0,4.0,0.0946073863409587,0.0,0.0,0.0,1.4739197002388738,False,False,False,True
AN166,1,22.0,11070.0,11074.0,4.0,-0.0731959819757148,1.0,4.0,1.0,3.899340237664318,,True,True,True
AN166,1,23.0,11074.0,11078.0,4.0,0.0114703691986008,0.3193359375,1.27734375,1.0,1.615578742841642,False,False,False,True
AN166,1,24.0,11078.0,11082.0,4.0,-0.0008213654244725,0.0,0.0,0.0,1.5160166010787115,False,False,False,True
AN166,1,25.0,11082.0,11086.0,4.0,0.0141786397622076,0.7392578125,2.95703125,1.0,1.3020749711792674,,False,False,True
AN166,1,26.0,11086.0,11090.0,4.0,0.00650868548858315,1.0,4.0,1.0,2.527179629252268,False,True,True,True
AN166,1,27.0,11090.0,11094.0,4.0,0.2665764530488847,1.0,4.0,1.0,3.39859460654318,,True,True,True
AN166,1,28.0,11094.0,11098.0,4.0,-0.0746175123159244,1.0,4.0,5.0,2.21044463356999,,True,True,True
AN166,1,29.0,11098.0,11102.0,4.0,0.0088176732624588,1.0,4.0,5.0,1.9597775474188448,,True,True,True
AN166,1,30.0,11102.0,11106.0,4.0,0.0248238488192723,1.0,4.0,5.0,1.6199949370801372,,True,True,True
AN166,1,31.0,11106.0,11110.0,4.0,-0.1179713606091695,1.0,4.0,4.0,1.5871123108866316,False,True,True,True
AN166,1,38.0,11134.0,11138.0,4.0,-0.0088630351095597,0.0,0.0,0.0,1.6075762455646907,False,False,False,True
AN166,1,41.0,11146.0,11150.0,4.0,0.010403584473440539,1.0,4.0,2.0,2.7680705030824257,,True,True,True
AN166,1,45.0,11162.0,11166.0,4.0,0.018342619114855,1.0,4.0,1.0,2.6400532337438043,,True,True,True
AN166,1,48.0,11174.0,11178.0,4.0,-0.001260605236633,0.0,0.0,0.0,1.4291159937309483,False,False,False,True
AN166,1,49.0,11178.0,11182.0,4.0,-0.00018529049335685,0.662109375,2.6484375,1.0,1.4808228724523564,False,False,False,True
AN166,1,51.0,11186.0,11190.0,4.0,0.0164540057758404,0.0,0.0,0.0,1.813883531001249,False,False,False,True
AN166,1,52.0,11190.0,11194.0,4.0,0.0004519288326582,0.0,0.0,0.0,1.3953989937918505,False,False,False,True
AN166,1,53.0,11194.0,11198.0,4.0,-0.0016425983749095,0.0,0.0,0.0,2.267164062234185,False,False,False,True
AN166,1,54.0,11198.0,11202.0,4.0,0.0495543449068874,0.0,0.0,0.0,1.38679046183123,False,False,False,True
AN166,1,56.0,11206.0,11210.0,4.0,-0.0105925482967922,0.0,0.0,0.0,1.4141178600550677,False,False,False,True
AN166,1,58.0,11214.0,11218.0,4.0,0.0321101595118451,0.30078125,1.203125,1.0,1.309679219454574,False,False,False,True
AN166,1,61.0,11226.0,11230.0,4.0,0.005625205812776,0.0,0.0,0.0,1.6323867057808052,False,False,False,True
AN166,1,62.0,11230.0,11234.0,4.0,0.0023700572467966,0.0,0.0,0.0,1.4930453213241612,False,False,False,True
AN166,1,65.0,11242.0,11246.0,4.0,0.0022773669663613,0.0,0.0,0.0,1.991770805376691,False,False,False,True
AN166,1,66.0,11246.0,11250.0,4.0,-0.0374850314198755,1.0,4.0,2.0,4.083310262893209,,True,True,True
AN166,1,67.0,11250.0,11254.0,4.0,-0.041137963024121704,1.0,4.0,2.0,2.5449959083383256,False,True,True,True
AN166,1,70.0,11262.0,11266.0,4.0,-0.2517966172371776,0.5283203125,2.11328125,1.0,2.017958341685796,,False,False,True
AN166,1,71.0,11266.0,11270.0,4.0,-0.0350685541320727,0.3994140625,1.59765625,1.0,1.5154578802528678,False,False,False,True
AN166,1,72.0,11270.0,11274.0,4.0,0.0038473977069753505,1.0,4.0,2.0,3.4131639399987934,,True,True,True
AN166,1,73.0,11274.0,11278.0,4.0,0.008660776443508,1.0,4.0,1.0,2.746713033626284,,True,True,True
AN166,1,78.0,11294.0,11298.0,4.0,-0.0260385509051618,1.0,4.0,1.0,2.7116263594816634,,True,True,True
AN166,1,79.0,11298.0,11302.0,4.0,0.0163093919368581,1.0,4.0,1.0,5.201644025180188,,True,True,True
AN166,1,80.0,11302.0,11306.0,4.0,-0.0091720164962558,0.4755859375,1.90234375,1.0,3.443527383920271,False,False,False,True
AN166,1,91.0,11346.0,11350.0,4.0,0.0127000977910791,0.0,0.0,0.0,1.53512939379267,False,False,False,True
AN166,1,93.0,11354.0,11358.0,4.0,0.0165831956137249,0.0,0.0,0.0,1.3255581935833982,False,False,False,True
AN166,1,100.0,11382.0,11386.0,4.0,0.0995202745040819,0.0,0.0,0.0,1.7411357658647584,False,False,False,True
AN166,1,101.0,11386.0,11390.0,4.0,-0.2315828282799949,1.0,4.0,1.0,4.2199743101204215,,True,True,True
AN166,1,102.0,11390.0,11394.0,4.0,0.0074286935112669,0.3974609375,1.58984375,1.0,1.579156748907171,False,False,False,True
AN166,1,105.0,11402.0,11406.0,4.0,0.0132594617074985,0.0,0.0,0.0,1.6003935563617686,False,False,False,True
AN166,1,106.0,11406.0,11410.0,4.0,0.09458528703021485,0.0,0.0,0.0,1.349342291841101,False,False,False,True
AN166,1,109.0,11418.0,11422.0,4.0,0.1296513185108739,0.0,0.0,0.0,1.6173495202798824,False,False,False,True
AN166,1,114.0,11438.0,11442.0,4.0,-0.0368000641595004,0.0,0.0,0.0,1.830839144323551,False,False,False,True
AN166,1,116.0,11446.0,11450.0,4.0,0.0195615947149077,0.0,0.0,0.0,1.544348580247219,False,False,False,True
AN166,1,120.0,11462.0,11466.0,4.0,-0.0080436724834502,0.0,0.0,0.0,1.4656014483201985,False,False,False,True
AN166,1,121.0,11466.0,11470.0,4.0,0.0178553385846269,0.0,0.0,0.0,1.651503977958917,False,False,False,True
AN166,1,147.0,11570.0,11574.0,4.0,-0.0343593798736612,1.0,4.0,2.0,3.9335136406623694,,True,True,True
AN166,1,153.0,11594.0,11598.0,4.0,-0.0808424178771551,0.0,0.0,0.0,1.5047447663545053,False,False,False,True
AN166,1,161.0,11626.0,11630.0,4.0,0.015935642708132552,0.0,0.0,0.0,1.5395555864607293,False,False,False,True
AN166,1,169.0,11658.0,11662.0,4.0,-0.0154841992726766,0.0,0.0,0.0,1.3037484509865604,False,False,False,True
AN166,1,174.0,11678.0,11682.0,4.0,-0.0114920031025101,1.0,4.0,2.0,2.6545631932869203,,True,True,True
AN166,1,176.0,11686.0,11690.0,4.0,-0.0057744662719546504,1.0,4.0,1.0,2.258262630555868,False,True,True,True
AN166,1,177.0,11690.0,11694.0,4.0,-0.0065462158217487,0.0,0.0,0.0,1.8101978390914488,False,False,False,True
AN166,1,181.0,11706.0,11710.0,4.0,-0.09132142941241875,0.5068359375,2.02734375,1.0,1.4986376951141998,False,False,False,True
AN166,1,182.0,11710.0,11714.0,4.0,-0.4408476127890586,0.0,0.0,0.0,1.7369743323213258,False,False,False,True
AN166,1,187.0,11730.0,11734.0,4.0,-0.0193820939896045,0.0,0.0,0.0,1.3599047598105372,False,False,False,True
AN166,1,189.0,11738.0,11742.0,4.0,0.0016771725998521,0.0,0.0,0.0,1.4231939579650266,False,False,False,True
AN166,1,194.0,11758.0,11762.0,4.0,0.0020601397631727,0.0,0.0,0.0,1.343343154850329,False,False,False,True
AN166,1,195.0,11762.0,11766.0,4.0,0.0034139342170789,0.0,0.0,0.0,1.7316646144489527,False,False,False,True
AN166,2,0.0,26732.0,26736.0,4.0,0.0096006474223073,0.0,0.0,0.0,1.7449074154662068,False,False,False,True
AN166,2,1.0,26736.0,26740.0,4.0,0.011580204637824,0.0,0.0,0.0,4.83198670609543,False,False,False,True
AN166,2,3.0,26744.0,26748.0,4.0,0.00965369027170405,0.0,0.0,0.0,1.6540384135281707,False,False,False,True
AN166,2,4.0,26748.0,26752.0,4.0,-0.0356113402818,0.0,0.0,0.0,1.4031829350723468,False,False,False,True
AN166,3,0.0,26822.0,26826.0,4.0,0.0116849314246426,0.0,0.0,0.0,1.8215649975392736,False,False,False,True
AN166,3,1.0,26826.0,26830.0,4.0,-0.0042189218833929695,0.0,0.0,0.0,1.726479099852764,False,False,False,True
AN166,3,2.0,26830.0,26834.0,4.0,-0.0009941523722854,0.0,0.0,0.0,2.112201481143443,False,False,False,True
AN166,3,5.0,26842.0,26846.0,4.0,0.0167772374161684,0.0,0.0,0.0,4.8043720066370295,False,False,False,True
AN166,3,6.0,26846.0,26850.0,4.0,-0.0077323629986798,0.0,0.0,0.0,1.9870778319654048,False,False,False,True
AN166,3,9.0,26858.0,26862.0,4.0,0.0341711000053765,0.4453125,1.78125,1.0,1.6195198568228637,False,False,False,True
AN166,3,10.0,26862.0,26866.0,4.0,-0.02274490228691175,0.78515625,3.140625,1.0,3.4344589303039523,False,True,True,True
AN166,3,11.0,26866.0,26870.0,4.0,-0.0170347439469811,0.0,0.0,0.0,2.6494152334152976,False,False,False,True
AN166,3,12.0,26870.0,26874.0,4.0,0.056273578597753456,0.0,0.0,0.0,1.4050184324143884,False,False,False,True
AN166,3,14.0,26878.0,26882.0,4.0,0.0111665212097817,0.0,0.0,0.0,1.7948290967566656,False,False,False,True
AN166,3,15.0,26882.0,26886.0,4.0,0.046620054412935596,0.0,0.0,0.0,2.5819961387116357,False,False,False,True
AN166,3,16.0,26886.0,26890.0,4.0,0.0476387434292846,0.0,0.0,0.0,2.8291914286643736,False,False,False,True
AN166,3,17.0,26890.0,26894.0,4.0,0.0014866997179988,0.0,0.0,0.0,2.2961951212548675,False,False,False,True
AN166,3,19.0,26898.0,26902.0,4.0,0.010572399176849,0.3310546875,1.32421875,1.0,4.063116484365666,False,False,False,True
AN166,3,20.0,26902.0,26906.0,4.0,0.040474507128292744,0.8603515625,3.44140625,1.0,3.6863380485311925,False,True,True,True
AN166,3,21.0,26906.0,26910.0,4.0,0.0031373094970898498,0.0,0.0,0.0,1.6816055476607819,False,False,False,True
AN166,3,22.0,26910.0,26914.0,4.0,0.0589097400391247,0.0,0.0,0.0,1.816331237197968,False,False,False,True
AN166,3,23.0,26914.0,26918.0,4.0,-0.0251494654700247,0.0,0.0,0.0,1.520532466730741,False,False,False,True
AN166,3,27.0,26930.0,26934.0,4.0,-0.0199919038659934,0.0,0.0,0.0,1.4334688700173583,False,False,False,True
AN166,3,28.0,26934.0,26938.0,4.0,0.03213177866152825,0.0,0.0,0.0,2.777809724928276,False,False,False,True
AN166,3,29.0,26938.0,26942.0,4.0,0.008333510390955201,0.0,0.0,0.0,2.789173044925117,False,False,False,True
AN166,3,30.0,26942.0,26946.0,4.0,0.01286437098794855,0.8115234375,3.24609375,2.0,4.103391603566194,False,True,True,True
AN166,3,31.0,26946.0,26950.0,4.0,0.01125618016318815,1.0,4.0,2.0,4.590630858752947,False,True,True,True
AN166,3,32.0,26950.0,26954.0,4.0,-0.11089376368542556,1.0,4.0,1.0,10.952857610885799,False,True,True,True
AN166,3,33.0,26954.0,26958.0,4.0,-0.0475893632070103,0.0,0.0,0.0,3.318932056115088,False,False,False,True
AN166,3,34.0,26958.0,26962.0,4.0,0.019252861463663052,0.0,0.0,0.0,4.599262949301703,False,False,False,True
AN166,3,35.0,26962.0,26966.0,4.0,-0.00411450960769645,0.0,0.0,0.0,4.1975807240053395,False,False,False,True
AN166,3,36.0,26966.0,26970.0,4.0,-0.00631664792114765,0.0,0.0,0.0,6.66199486288738,False,False,False,True
AN166,3,37.0,26970.0,26974.0,4.0,0.0004957368739312502,0.0,0.0,0.0,1.3171670690589088,False,False,False,True
AN166,3,38.0,26974.0,26978.0,4.0,0.0157411029735537,0.0,0.0,0.0,1.5323625149195608,False,False,False,True
AN166,3,39.0,26978.0,26982.0,4.0,-0.00743111654510215,0.0,0.0,0.0,1.7000690697474745,False,False,False,True
AN166,3,40.0,26982.0,26986.0,4.0,-0.0015070990463116503,0.0,0.0,0.0,2.1762435708352705,False,False,False,True
AN166,3,41.0,26986.0,26990.0,4.0,0.00494872925799925,0.0,0.0,0.0,2.6142202287475858,False,False,False,True
AN166,3,42.0,26990.0,26994.0,4.0,-0.00594693585538145,0.0,0.0,0.0,1.549251937631174,False,False,False,True
AN166,3,43.0,26994.0,26998.0,4.0,-0.0035274753116356,0.0,0.0,0.0,1.3855868301471066,False,False,False,True
AN166,3,45.0,27002.0,27006.0,4.0,0.0176901136519196,0.0,0.0,0.0,1.3957287389266748,False,False,False,True
AN166,3,47.0,27010.0,27014.0,4.0,0.0119795812189104,0.0,0.0,0.0,1.3280145249776314,False,False,False,True
AN166,3,48.0,27014.0,27018.0,4.0,0.0035316240814579,0.0,0.0,0.0,4.176846325205855,False,False,False,True
AN166,3,49.0,27018.0,27022.0,4.0,0.00832612924428895,0.0,0.0,0.0,4.924237559906434,False,False,False,True
AN166,3,50.0,27022.0,27026.0,4.0,-0.0180680180392888,0.0,0.0,0.0,4.558358208208103,False,False,False,True
AN166,3,51.0,27026.0,27030.0,4.0,-0.0139894542875187,0.0,0.0,0.0,2.682371869147752,False,False,False,True
AN166,3,52.0,27030.0,27034.0,4.0,0.0291447196543495,0.95703125,3.828125,1.0,6.152348780130861,False,True,True,True
AN166,3,53.0,27034.0,27038.0,4.0,0.12030966176568725,0.55859375,2.234375,1.0,5.0089001519929575,False,False,False,True
AN166,3,54.0,27038.0,27042.0,4.0,-0.0302844465925785,0.0,0.0,0.0,1.3925819363793297,False,False,False,True
AN166,3,55.0,27042.0,27046.0,4.0,0.0142799408586361,0.0,0.0,0.0,1.3764162433986566,False,False,False,True
AN166,3,56.0,27046.0,27050.0,4.0,-0.0043121229394476,0.0,0.0,0.0,2.152651983441196,False,False,False,True
AN166,3,58.0,27054.0,27058.0,4.0,0.0074511694532416,0.1396484375,0.55859375,1.0,4.505983059898642,False,False,False,True
AN166,3,59.0,27058.0,27062.0,4.0,0.0947586312088302,0.7783203125,3.11328125,1.0,3.148549238382782,False,True,True,True
AN166,3,60.0,27062.0,27066.0,4.0,-0.0183957707357082,0.0,0.0,0.0,2.925090795183313,False,False,False,True
AN166,3,61.0,27066.0,27070.0,4.0,0.007864483948106,0.9853515625,3.94140625,2.0,4.964039367442521,False,True,True,True
AN166,3,62.0,27070.0,27074.0,4.0,0.015406188331366,0.9482421875,3.79296875,2.0,2.052733474712823,False,True,True,True
AN166,3,65.0,27082.0,27086.0,4.0,0.03183436042054135,0.0,0.0,0.0,2.8370508944621085,False,False,False,True
AN166,3,66.0,27086.0,27090.0,4.0,-0.0071612877749424,0.0,0.0,0.0,1.841874024688128,False,False,False,True
AN166,3,67.0,27090.0,27094.0,4.0,0.011681389541375549,0.0,0.0,0.0,2.9736025128552805,False,False,False,True
AN166,3,68.0,27094.0,27098.0,4.0,-0.0056522585023517,0.0,0.0,0.0,1.442471156247796,False,False,False,True
AN166,3,70.0,27102.0,27106.0,4.0,0.0523231734035702,0.0,0.0,0.0,1.72929928469392,False,False,False,True
AN166,3,72.0,27110.0,27114.0,4.0,0.00808300997563,0.0,0.0,0.0,1.4605950887142718,False,False,False,True
AN166,3,73.0,27114.0,27118.0,4.0,0.0150691138557419,0.0,0.0,0.0,3.767993287233924,False,False,False,True
AN166,3,74.0,27118.0,27122.0,4.0,0.0014484670756421993,0.0,0.0,0.0,3.0042016164462804,False,False,False,True
AN166,3,75.0,27122.0,27126.0,4.0,-0.0033944392534389,0.0,0.0,0.0,1.6088434855615237,False,False,False,True
AN166,3,76.0,27126.0,27130.0,4.0,0.0084840767964938,0.0,0.0,0.0,2.29569059324916,False,False,False,True
AN166,3,82.0,27150.0,27154.0,4.0,-0.00776850006017815,0.0,0.0,0.0,5.237928917196449,False,False,False,True
AN166,3,83.0,27154.0,27158.0,4.0,0.0021779372939056503,0.0,0.0,0.0,2.0118689869176074,False,False,False,True
AN166,3,84.0,27158.0,27162.0,4.0,-0.0007366163037916499,0.0,0.0,0.0,2.778567229152607,False,False,False,True
AN166,3,86.0,27166.0,27170.0,4.0,0.0017595738098807002,0.017578125,0.0703125,1.0,3.2056515581476783,False,False,False,True
AN166,3,87.0,27170.0,27174.0,4.0,0.02204673230925155,0.896484375,3.5859375,1.0,3.4141666062657543,False,True,True,True
AN166,3,88.0,27174.0,27178.0,4.0,0.0010463084493777496,0.0,0.0,0.0,1.9921451626770088,False,False,False,True
AN166,3,89.0,27178.0,27182.0,4.0,0.01319953938962605,0.0,0.0,0.0,1.9860468798480908,False,False,False,True
AN166,3,90.0,27182.0,27186.0,4.0,0.0513183487170928,0.0,0.0,0.0,8.4342729344997,False,False,False,True
AN166,3,91.0,27186.0,27190.0,4.0,0.0033116680069215,0.0,0.0,0.0,4.895373904787517,False,False,False,True
AN166,3,92.0,27190.0,27194.0,4.0,0.0029045762738204,0.0,0.0,0.0,3.042154938392535,False,False,False,True
AN166,3,93.0,27194.0,27198.0,4.0,0.0209560536539128,0.0,0.0,0.0,5.686470941863413,False,False,False,True
AN166,3,94.0,27198.0,27202.0,4.0,0.02115634720699935,0.0,0.0,0.0,6.573614418921032,False,False,False,True
AN166,3,96.0,27206.0,27210.0,4.0,0.0022509693352678,0.0,0.0,0.0,2.222460022199102,False,False,False,True
AN166,3,97.0,27210.0,27214.0,4.0,-0.038294730860307,0.0,0.0,0.0,1.7831757808189408,False,False,False,True
AN166,3,98.0,27214.0,27218.0,4.0,0.0014771957950722,0.0,0.0,0.0,1.4828456384747437,False,False,False,True
AN166,3,100.0,27222.0,27226.0,4.0,0.0169193114178542,0.0,0.0,0.0,2.7723643650736176,False,False,False,True
AN166,3,101.0,27226.0,27230.0,4.0,0.0021895045435181,0.0,0.0,0.0,1.4035383155279937,False,False,False,True
AN166,3,102.0,27230.0,27234.0,4.0,0.0066158633667277,0.0,0.0,0.0,2.279050369826988,False,False,False,True
AN166,3,103.0,27234.0,27238.0,4.0,0.011801560141037351,0.0,0.0,0.0,5.178229796916902,False,False,False,True
AN166,3,104.0,27238.0,27242.0,4.0,-0.012232802159631649,0.0,0.0,0.0,6.186886488219465,False,False,False,True
AN166,3,105.0,27242.0,27246.0,4.0,0.01703909607121295,0.0,0.0,0.0,4.433185892752813,False,False,False,True
AN166,3,106.0,27246.0,27250.0,4.0,-0.013384139902095301,0.0,0.0,0.0,2.623528473154935,False,False,False,True
AN166,3,107.0,27250.0,27254.0,4.0,0.01372556264866465,0.0,0.0,0.0,3.6537600308893055,False,False,False,True
AN166,3,108.0,27254.0,27258.0,4.0,0.02073904247058645,0.0,0.0,0.0,5.437240778850594,False,False,False,True
AN166,3,109.0,27258.0,27262.0,4.0,0.0010369507399426,0.0,0.0,0.0,1.3006653752748654,False,False,False,True
AN166,3,113.0,27274.0,27278.0,4.0,-0.0072770622162578,0.0,0.0,0.0,1.3028760483646376,False,False,False,True
AN166,3,114.0,27278.0,27282.0,4.0,-0.0082251637425433,0.0,0.0,0.0,2.025204207328653,False,False,False,True
AN166,3,115.0,27282.0,27286.0,4.0,-0.0263686480264826,0.0,0.0,0.0,1.5234730169937607,False,False,False,True
AN166,3,116.0,27286.0,27290.0,4.0,-0.0031256550780996,0.0,0.0,0.0,2.906761425896704,False,False,False,True
AN166,3,117.0,27290.0,27294.0,4.0,-0.00174077770145555,0.0,0.0,0.0,1.4122491930435275,False,False,False,True
AN166,3,118.0,27294.0,27298.0,4.0,0.0088602258261738,0.0,0.0,0.0,2.0093981679208825,False,False,False,True
AN166,3,125.0,27322.0,27326.0,4.0,0.0132930668405199,0.0,0.0,0.0,6.224190149829286,False,False,False,True
AN166,3,126.0,27326.0,27330.0,4.0,0.0091516679027737,0.0,0.0,0.0,1.9826402934326024,False,False,False,True
AN166,3,127.0,27330.0,27334.0,4.0,0.009645072501981,0.0,0.0,0.0,2.800922906779745,False,False,False,True
AN166,3,128.0,27334.0,27338.0,4.0,0.02992810889038525,0.0,0.0,0.0,2.9817498928397637,False,False,False,True
AN166,3,129.0,27338.0,27342.0,4.0,-0.0014291438237307,0.0,0.0,0.0,1.365757823439104,False,False,False,True
AN166,3,130.0,27342.0,27346.0,4.0,-0.0083715930175151,0.0,0.0,0.0,1.3786565928660408,False,False,False,True
BF181,0,0.0,6332.0,6336.0,4.0,-0.0687539886124066,0.0,0.0,0.0,2.3875108440814934,False,False,False,True
BF181,0,1.0,6336.0,6340.0,4.0,0.2340571329167159,0.0,0.0,0.0,2.6116504937921023,False,False,False,True
BF181,0,3.0,6344.0,6348.0,4.0,-0.0633181592909323,0.0,0.0,0.0,1.506850492040461,False,False,False,True
BF181,0,4.0,6348.0,6352.0,4.0,-0.4684450778309711,0.0,0.0,0.0,2.5640214489969915,False,False,False,True
BF181,0,6.0,6356.0,6360.0,4.0,-0.1885823028851983,0.0,0.0,0.0,1.8227187733248729,False,False,False,True
BF181,0,7.0,6360.0,6364.0,4.0,0.2230243164147257,0.0,0.0,0.0,1.3130703590747457,False,False,False,True
BF181,0,9.0,6368.0,6372.0,4.0,-0.3200748290164549,0.0,0.0,0.0,2.3157289245932966,False,False,False,True
BF181,0,10.0,6372.0,6376.0,4.0,0.1818315017103435,1.0,4.0,2.0,9.771874395628004,False,True,True,True
BF181,0,11.0,6376.0,6380.0,4.0,-0.07056302193004195,0.15234375,0.609375,1.0,2.3399333115416203,False,False,False,True
BF181,0,12.0,6380.0,6384.0,4.0,0.2838511897382829,0.0,0.0,0.0,1.3150786574116058,False,False,False,True
BF181,0,13.0,6384.0,6388.0,4.0,0.1082812403945193,0.0,0.0,0.0,1.7044949436055683,False,False,False,True
BF181,0,14.0,6388.0,6392.0,4.0,0.2170400626884589,0.0,0.0,0.0,4.99100675961139,False,False,False,True
BF181,0,15.0,6392.0,6396.0,4.0,-0.2280664338367259,0.0,0.0,0.0,1.4845327533492576,False,False,False,True
BF181,0,16.0,6396.0,6400.0,4.0,0.0601939719127983,0.0,0.0,0.0,3.071565546159944,False,False,False,True
BF181,0,17.0,6400.0,6404.0,4.0,0.28869736471358476,0.0,0.0,0.0,1.8625887265858911,False,False,False,True
BF181,0,20.0,6412.0,6416.0,4.0,-0.1194511376078812,0.5419921875,2.16796875,1.0,3.2479664827783634,False,False,False,True
BF181,0,21.0,6416.0,6420.0,4.0,0.3756238393152114,0.607421875,2.4296875,1.0,4.1376743059249685,False,False,False,True
BF181,0,22.0,6420.0,6424.0,4.0,0.372007329993798,0.0,0.0,0.0,1.743397293002026,False,False,False,True
BF181,0,23.0,6424.0,6428.0,4.0,0.0372452501702465,0.0,0.0,0.0,1.813042062700996,False,False,False,True
BF181,0,25.0,6432.0,6436.0,4.0,0.0393156573137896,0.0,0.0,0.0,1.5267762473181965,False,False,False,True
BF181,0,26.0,6436.0,6440.0,4.0,-0.0164332698236856,0.423828125,1.6953125,1.0,1.4643458631820108,False,False,False,True
BF181,0,27.0,6440.0,6444.0,4.0,0.2536563724728394,1.0,4.0,1.0,18.402072342711943,,True,True,True
BF181,0,28.0,6444.0,6448.0,4.0,-0.2443929052601602,0.3505859375,1.40234375,1.0,1.398882474461347,False,False,False,True
BF181,1,0.0,7442.0,7446.0,4.0,0.5891025355381798,0.0,0.0,0.0,2.1843901243688517,False,False,False,True
BF181,1,1.0,7446.0,7450.0,4.0,-0.0125392132171765,0.0,0.0,0.0,1.771210891083544,False,False,False,True
BF181,1,2.0,7450.0,7454.0,4.0,0.1276706886469908,0.0,0.0,0.0,1.5655576339643915,False,False,False,True
BF181,1,3.0,7454.0,7458.0,4.0,0.0588987866392388,0.0,0.0,0.0,1.471946985275528,False,False,False,True
BF181,1,4.0,7458.0,7462.0,4.0,-0.7072533768032623,0.0,0.0,0.0,2.1791612331215613,False,False,False,True
BF181,1,5.0,7462.0,7466.0,4.0,0.2877119513283651,0.0,0.0,0.0,2.350737610740943,False,False,False,True
BF181,1,6.0,7466.0,7470.0,4.0,-0.2618544831717071,0.0,0.0,0.0,2.660119311407452,False,False,False,True
BF181,1,7.0,7470.0,7474.0,4.0,-0.1637473478587366,0.0,0.0,0.0,2.648344705289004,False,False,False,True
BF181,1,8.0,7474.0,7478.0,4.0,-0.3468524474528863,0.0,0.0,0.0,2.6799966181798918,False,False,False,True
BF181,1,9.0,7478.0,7482.0,4.0,0.29414276987051524,0.0,0.0,0.0,1.6464216265941487,False,False,False,True
BF181,1,12.0,7490.0,7494.0,4.0,-0.17165100313304685,0.0,0.0,0.0,1.7601232324401104,False,False,False,True
BF181,1,13.0,7494.0,7498.0,4.0,-0.2900950776362581,1.0,4.0,1.0,3.196773055835475,False,True,True,True
BF181,1,14.0,7498.0,7502.0,4.0,0.20423411100010203,0.6123046875,2.44921875,1.0,2.015783390833263,False,False,False,True
BF181,1,15.0,7502.0,7506.0,4.0,0.0642024856901415,0.0,0.0,0.0,1.7412689044146867,False,False,False,True
BF181,1,16.0,7506.0,7510.0,4.0,0.6485827990023841,0.0,0.0,0.0,3.2214728978840403,False,False,False,True
BF181,1,17.0,7510.0,7514.0,4.0,0.2452115727843307,0.0,0.0,0.0,1.3800771122827626,False,False,False,True
BF181,1,18.0,7514.0,7518.0,4.0,0.10840577407178639,0.0,0.0,0.0,1.801629472006403,False,False,False,True
BF181,1,19.0,7518.0,7522.0,4.0,0.13149155185243264,0.0,0.0,0.0,1.779726638590309,False,False,False,True
BF181,2,1.0,7566.0,7570.0,4.0,0.03138561707518779,0.0,0.0,0.0,1.4870558967550633,False,False,False,True
BF181,2,2.0,7570.0,7574.0,4.0,0.1805319013987461,0.0,0.0,0.0,20.83769534501513,False,False,False,True
BF181,2,3.0,7574.0,7578.0,4.0,0.1722345546956362,0.0,0.0,0.0,10.75958198292872,False,False,False,True
BF181,2,4.0,7578.0,7582.0,4.0,-0.2855085006717304,0.0,0.0,0.0,4.250616750799168,False,False,False,True
BF181,2,5.0,7582.0,7586.0,4.0,-0.187314961345046,0.0,0.0,0.0,1.442448610806813,False,False,False,True
BF181,3,0.0,7892.0,7896.0,4.0,-0.0694821089896844,0.0,0.0,0.0,1.7244840030166815,False,False,False,True
BF181,3,2.0,7900.0,7904.0,4.0,0.1122431032094722,0.0,0.0,0.0,1.790635500345988,False,False,False,True
BF181,3,4.0,7908.0,7912.0,4.0,0.03788958444956725,0.0,0.0,0.0,2.211598979517029,False,False,False,True
BF181,3,5.0,7912.0,7916.0,4.0,-0.2044365721773031,0.0,0.0,0.0,1.847614618727167,False,False,False,True
BF181,3,6.0,7916.0,7920.0,4.0,-0.0697215078836969,0.6787109375,2.71484375,1.0,2.8456391056157564,True,False,False,True
BF181,3,7.0,7920.0,7924.0,4.0,0.174615769932199,0.8310546875,3.32421875,1.0,1.4595258138266225,False,True,True,True
BF181,3,8.0,7924.0,7928.0,4.0,0.11320674445362111,0.0,0.0,0.0,2.0041790615204054,False,False,False,True
BF181,3,9.0,7928.0,7932.0,4.0,-0.1036343850420922,0.0,0.0,0.0,3.815733616288453,False,False,False,True
BF181,3,11.0,7936.0,7940.0,4.0,0.248278295748512,0.0,0.0,0.0,1.6857209677186642,False,False,False,True
BF181,3,12.0,7940.0,7944.0,4.0,0.4983961184126063,0.0,0.0,0.0,1.7935934076631936,False,False,False,True
BF181,3,13.0,7944.0,7948.0,4.0,-0.1966565676880466,0.0,0.0,0.0,3.7611471253232653,False,False,False,True
BF181,3,15.0,7952.0,7956.0,4.0,0.12217939706550605,0.0,0.0,0.0,1.6789356122438681,False,False,False,True
BF181,3,17.0,7960.0,7964.0,4.0,0.1179701051846627,0.0,0.0,0.0,2.1214084706068306,False,False,False,True
BF181,3,18.0,7964.0,7968.0,4.0,-0.1814701663643936,0.0,0.0,0.0,1.3379138007977704,False,False,False,True
BF181,3,20.0,7972.0,7976.0,4.0,-0.1443966527635603,0.0,0.0,0.0,1.4564569912471743,False,False,False,True
BF181,3,21.0,7976.0,7980.0,4.0,-0.08903438846819309,0.0,0.0,0.0,7.919432915554231,False,False,False,True
BF181,3,22.0,7980.0,7984.0,4.0,0.1175013973860043,0.0,0.0,0.0,2.82488115484147,False,False,False,True
BF181,3,23.0,7984.0,7988.0,4.0,0.4809129373088059,0.0,0.0,0.0,1.8420783506158562,False,False,False,True
BF181,3,24.0,7988.0,7992.0,4.0,-0.0484711977437698,0.0,0.0,0.0,0.8937194418529941,True,False,False,True
BF181,3,26.0,7996.0,8000.0,4.0,-0.4316653211327185,0.0,0.0,0.0,2.090251976069963,False,False,False,True
BF181,3,27.0,8000.0,8004.0,4.0,0.1429689832535473,0.0,0.0,0.0,1.6910124084457778,False,False,False,True
BF181,3,28.0,8004.0,8008.0,4.0,0.057231494879778,0.0,0.0,0.0,1.720924939938287,False,False,False,True
BF181,3,30.0,8012.0,8016.0,4.0,-0.3410660376715211,0.0,0.0,0.0,2.3101921937690304,False,False,False,True
BF181,3,32.0,8020.0,8024.0,4.0,0.2942284679159025,0.0,0.0,0.0,1.3032803253191856,False,False,False,True
BF181,3,33.0,8024.0,8028.0,4.0,0.1145415698647187,1.0,4.0,3.0,9.789647145875621,False,True,True,True
BF181,3,34.0,8028.0,8032.0,4.0,0.23975678328922284,1.0,4.0,3.0,5.216531965317587,False,True,True,True
BF181,3,35.0,8032.0,8036.0,4.0,0.17912489850052815,0.8974609375,3.58984375,1.0,3.562848838437496,False,True,True,True
BF181,4,0.0,8102.0,8106.0,4.0,0.6078190914091132,0.0,0.0,0.0,2.151105724930752,False,False,False,True
BF181,4,2.0,8110.0,8114.0,4.0,0.5246128303579415,0.0,0.0,0.0,2.1679936039994168,False,False,False,True
BF181,4,3.0,8114.0,8118.0,4.0,-0.0733566775470562,0.0,0.0,0.0,2.4958589066096857,False,False,False,True
BF181,4,4.0,8118.0,8122.0,4.0,0.09506981027450812,0.1953125,0.78125,1.0,2.4190657199092773,False,False,False,True
BF181,4,5.0,8122.0,8126.0,4.0,0.05805487637403495,0.0,0.0,0.0,2.1130046857588463,False,False,False,True
BF181,4,6.0,8126.0,8130.0,4.0,0.13923678311207324,0.0,0.0,0.0,1.798665907924552,False,False,False,True
BF181,4,8.0,8134.0,8138.0,4.0,-0.30476861255864535,1.0,4.0,2.0,3.391487405483332,,True,True,True
BF181,4,9.0,8138.0,8142.0,4.0,-0.0529408086227804,1.0,4.0,2.0,3.228926582571153,False,True,True,True
BF181,4,10.0,8142.0,8146.0,4.0,0.3071601704935138,0.3095703125,1.23828125,2.0,1.6785783341302634,False,False,False,True
BF181,4,11.0,8146.0,8150.0,4.0,-0.0089685889614541,1.0,4.0,1.0,1.946319854721586,False,True,True,True
BF181,4,12.0,8150.0,8154.0,4.0,0.0310967137317239,0.0,0.0,0.0,1.797592045012642,False,False,False,True
BF181,4,13.0,8154.0,8158.0,4.0,0.24238856458521707,0.0,0.0,0.0,2.83245590769411,False,False,False,True
BF181,5,0.0,8282.0,8286.0,4.0,0.12379826316456044,0.0,0.0,0.0,2.8910041655657683,False,False,False,True
BF181,5,1.0,8286.0,8290.0,4.0,-0.030203026168994902,0.115234375,0.4609375,1.0,3.1824290287376744,False,False,False,True
BF181,5,2.0,8290.0,8294.0,4.0,0.1917800873076975,0.0,0.0,0.0,1.6514314287106384,False,False,False,True
BF181,5,3.0,8294.0,8298.0,4.0,0.3742233820212446,0.0,0.0,0.0,4.526194955659565,False,False,False,True
BF181,5,4.0,8298.0,8302.0,4.0,0.05281580918658,0.0,0.0,0.0,2.3363345938175395,False,False,False,True
BF181,5,5.0,8302.0,8306.0,4.0,0.0334609672891303,0.0,0.0,0.0,2.5523544607708533,False,False,False,True
BF181,5,6.0,8306.0,8310.0,4.0,0.0762732815947232,0.0,0.0,0.0,2.3154211956102566,False,False,False,True
BF181,5,7.0,8310.0,8314.0,4.0,-0.0170904321976304,0.0,0.0,0.0,1.1869567063506867,True,False,False,True
BF181,5,8.0,8314.0,8318.0,4.0,-0.13873904767788553,0.0,0.0,0.0,2.2416261370779904,False,False,False,True
BF181,5,9.0,8318.0,8322.0,4.0,-0.0699815267152471,0.0,0.0,0.0,2.4257655837114487,False,False,False,True
BF181,5,10.0,8322.0,8326.0,4.0,-0.1949164951772702,0.2998046875,1.19921875,1.0,2.588428085564535,True,False,False,True
BF181,5,11.0,8326.0,8330.0,4.0,0.021005372992867817,1.0,4.0,1.0,2.4220666799856985,False,True,True,True
BF181,5,12.0,8330.0,8334.0,4.0,0.0621473579758046,0.07421875,0.296875,1.0,1.73091750665773,False,False,False,True
BF181,5,13.0,8334.0,8338.0,4.0,0.0235653905663472,0.0,0.0,0.0,2.947562626570281,False,False,False,True
BF181,5,14.0,8338.0,8342.0,4.0,0.0404801383722834,0.0,0.0,0.0,1.315561884827819,True,False,False,True
BF181,5,15.0,8342.0,8346.0,4.0,0.019757446832907352,0.0,0.0,0.0,2.8176812106788534,False,False,False,True
BF181,5,16.0,8346.0,8350.0,4.0,-0.03281768861831605,0.0,0.0,0.0,2.780752947189244,False,False,False,True
BF181,5,17.0,8350.0,8354.0,4.0,-0.07245337770494965,0.0,0.0,0.0,2.0101345614691257,False,False,False,True
BF181,5,18.0,8354.0,8358.0,4.0,0.13391257944474688,0.1123046875,0.44921875,1.0,1.817329320457257,False,False,False,True
BF181,5,19.0,8358.0,8362.0,4.0,0.2633326599662297,0.76953125,3.078125,1.0,2.023679534976912,False,True,True,True
BF181,5,20.0,8362.0,8366.0,4.0,0.1627986894030938,0.0,0.0,0.0,2.1638644066877646,False,False,False,True
BF181,6,0.0,8402.0,8406.0,4.0,0.5961094668583731,0.0,0.0,0.0,1.309658106553,False,False,False,True
BF181,6,1.0,8406.0,8410.0,4.0,-0.03972218976075001,0.0673828125,0.26953125,1.0,3.531278996616488,False,False,False,True
BF181,6,2.0,8410.0,8414.0,4.0,0.6985879981964467,1.0,4.0,3.0,6.197834479901434,False,True,True,True
BF181,6,3.0,8414.0,8418.0,4.0,0.1594338824294415,0.7880859375,3.15234375,3.0,2.604984689861414,False,True,True,True
BF181,6,4.0,8418.0,8422.0,4.0,0.0121161524687894,0.0,0.0,0.0,1.3989336886283776,False,False,False,True
BF181,6,5.0,8422.0,8426.0,4.0,0.1002810816070454,0.0,0.0,0.0,1.6955243305210987,False,False,False,True
BF181,6,6.0,8426.0,8430.0,4.0,-0.09605193529714134,0.0,0.0,0.0,2.0327540142161107,False,False,False,True
BF181,6,7.0,8430.0,8434.0,4.0,-0.2221477069145097,0.0,0.0,0.0,1.3550826840159511,False,False,False,True
BF181,6,8.0,8434.0,8438.0,4.0,-0.21533689101553388,0.0,0.0,0.0,2.466330017978583,False,False,False,True
BF181,6,9.0,8438.0,8442.0,4.0,0.044003110758214004,0.0,0.0,0.0,1.551399917952001,False,False,False,True
BF181,6,10.0,8442.0,8446.0,4.0,0.3522965787628873,0.0,0.0,0.0,1.3852372507964272,False,False,False,True
BF181,6,11.0,8446.0,8450.0,4.0,-0.1440515739493792,0.0,0.0,0.0,1.6870974016389528,False,False,False,True
BF181,6,13.0,8454.0,8458.0,4.0,0.0249810601081347,0.0,0.0,0.0,4.120477831491599,False,False,False,True
BF181,7,0.0,8972.0,8976.0,4.0,-0.1281074320351263,0.0,0.0,0.0,1.352286897280499,False,False,False,True
BF181,7,1.0,8976.0,8980.0,4.0,0.0069956652588151,0.0,0.0,0.0,1.927021521965717,False,False,False,True
BF181,7,2.0,8980.0,8984.0,4.0,-0.2745603529044349,0.0,0.0,0.0,1.44290890413868,False,False,False,True
BF181,7,3.0,8984.0,8988.0,4.0,0.0075911889777152,0.0,0.0,0.0,2.400154057038048,False,False,False,True
BF181,7,4.0,8988.0,8992.0,4.0,-0.0011516391779603091,0.0,0.0,0.0,3.58791122406562,False,False,False,True
BF181,7,5.0,8992.0,8996.0,4.0,-0.1398648238925441,0.0,0.0,0.0,2.746856746152242,False,False,False,True
BF181,7,9.0,9008.0,9012.0,4.0,-0.0444772561047712,0.34765625,1.390625,1.0,2.5022767753072688,False,False,False,True
BF181,7,10.0,9012.0,9016.0,4.0,0.16857598740555735,0.912109375,3.6484375,1.0,4.558666778645099,False,True,True,True
BF181,7,11.0,9016.0,9020.0,4.0,-0.1488020418301718,0.0,0.0,0.0,1.4232090063825609,False,False,False,True
BF181,7,13.0,9024.0,9028.0,4.0,0.32705040196695684,0.0,0.0,0.0,2.5328911592493366,False,False,False,True
BF181,7,14.0,9028.0,9032.0,4.0,-0.3253761752202814,0.8271484375,3.30859375,3.0,3.015914636895319,False,True,True,True
BF181,7,15.0,9032.0,9036.0,4.0,0.15100102024901774,0.0,0.0,0.0,1.4185939134337877,False,False,False,True
BF181,7,16.0,9036.0,9040.0,4.0,0.2380907063814271,0.939453125,3.7578125,1.0,1.643325486317695,False,True,True,True
BF181,7,17.0,9040.0,9044.0,4.0,-0.4062001457196785,0.05859375,0.234375,1.0,3.9968867761548137,False,False,False,True
BF181,7,18.0,9044.0,9048.0,4.0,-0.013664641630230956,0.41015625,1.640625,1.0,2.2168716009855762,False,False,False,True
BF181,7,19.0,9048.0,9052.0,4.0,0.0509421407446605,0.7734375,3.09375,1.0,2.3911986746285856,False,True,True,True
BF181,7,20.0,9052.0,9056.0,4.0,-0.0548559433050766,0.0,0.0,0.0,1.7537807851078482,False,False,False,True
BF181,7,21.0,9056.0,9060.0,4.0,0.5988808682702674,0.0,0.0,0.0,2.576983903201135,False,False,False,True
BF181,7,22.0,9060.0,9064.0,4.0,0.692840849941587,0.0,0.0,0.0,6.245362523034015,False,False,False,True
BF181,7,23.0,9064.0,9068.0,4.0,-0.3678032301713302,0.0,0.0,0.0,1.5495748853309783,False,False,False,True
BF181,7,24.0,9068.0,9072.0,4.0,0.2113138440810678,0.595703125,2.3828125,1.0,1.9810923158615064,False,False,False,True
BF181,7,25.0,9072.0,9076.0,4.0,0.1567626706288482,0.2587890625,1.03515625,1.0,2.821727562435828,False,False,False,True
BF181,7,26.0,9076.0,9080.0,4.0,-0.0772911137371279,0.0,0.0,0.0,2.83866072949848,False,False,False,True
BF181,7,27.0,9080.0,9084.0,4.0,-0.32753674784977366,0.0,0.0,0.0,6.862790247433976,False,False,False,True
BF181,7,28.0,9084.0,9088.0,4.0,-0.21891112452794295,0.0,0.0,0.0,6.473196431032278,False,False,False,True
BF181,7,29.0,9088.0,9092.0,4.0,-0.16568427655962492,0.0,0.0,0.0,2.8646049691680338,False,False,False,True
BF181,7,30.0,9092.0,9096.0,4.0,-0.4210823086822485,0.0,0.0,0.0,1.3547248849237248,False,False,False,True
BF181,7,31.0,9096.0,9100.0,4.0,-0.039509698722034,0.0,0.0,0.0,1.3931786424335024,False,False,False,True
BF181,7,32.0,9100.0,9104.0,4.0,-0.418320458707392,0.3154296875,1.26171875,1.0,1.7547847352964627,False,False,False,True
BF181,7,33.0,9104.0,9108.0,4.0,0.0481572485695026,0.712890625,2.8515625,1.0,4.447029270088754,,False,False,True
BF181,7,34.0,9108.0,9112.0,4.0,-0.0901250972208075,0.0,0.0,0.0,2.378758176485671,False,False,False,True
BF181,7,35.0,9112.0,9116.0,4.0,0.1422985165455623,0.0,0.0,0.0,2.73656512519807,False,False,False,True
BF181,7,36.0,9116.0,9120.0,4.0,-0.0911080882581549,0.0,0.0,0.0,2.6771205917993552,False,False,False,True
BF181,7,37.0,9120.0,9124.0,4.0,0.5087620296944421,0.0,0.0,0.0,2.584032258298664,False,False,False,True
BF181,7,38.0,9124.0,9128.0,4.0,-0.2570614232307492,0.0,0.0,0.0,2.025173471972344,False,False,False,True
BF181,7,39.0,9128.0,9132.0,4.0,-0.11671674520606042,0.0,0.0,0.0,1.5096200713319443,False,False,False,True
BF181,7,41.0,9136.0,9140.0,4.0,-0.1649993474548886,0.0,0.0,0.0,2.0285433385758576,False,False,False,True
BF181,7,42.0,9140.0,9144.0,4.0,-0.3676648391415067,1.0,4.0,1.0,5.930612748896209,False,True,True,True
BF181,7,43.0,9144.0,9148.0,4.0,0.4434198617645066,0.0,0.0,0.0,1.9888828265540912,False,False,False,True
BF181,7,44.0,9148.0,9152.0,4.0,-0.3259604263941258,0.2255859375,0.90234375,1.0,1.751302222944117,False,False,False,True
BF181,7,45.0,9152.0,9156.0,4.0,-0.2770308498707218,1.0,4.0,1.0,1.6351161531532183,False,True,True,True
BF181,7,46.0,9156.0,9160.0,4.0,0.0253750069940194,0.185546875,0.7421875,1.0,3.909670242454055,False,False,False,True
BF181,7,47.0,9160.0,9164.0,4.0,0.3352557667738913,0.0,0.0,0.0,5.083583035660638,False,False,False,True
BF181,7,48.0,9164.0,9168.0,4.0,-0.0013633316716916,0.0,0.0,0.0,1.430114839533817,False,False,False,True
BF181,7,49.0,9168.0,9172.0,4.0,0.2002858327566866,0.0,0.0,0.0,2.9979308067631,False,False,False,True
BF181,7,50.0,9172.0,9176.0,4.0,-0.26400986095626455,0.0,0.0,0.0,2.2261825738006698,False,False,False,True
BF181,7,51.0,9176.0,9180.0,4.0,0.12180596108929251,0.0,0.0,0.0,3.0477540034988806,False,False,False,True
BF181,7,52.0,9180.0,9184.0,4.0,0.1905088670981631,0.0,0.0,0.0,2.660486444101248,False,False,False,True
BF181,7,53.0,9184.0,9188.0,4.0,0.5014877306106229,0.109375,0.4375,1.0,3.026707678090823,False,False,False,True
BF181,7,54.0,9188.0,9192.0,4.0,-0.5761799249029393,0.734375,2.9375,1.0,2.521373810991488,False,False,False,True
BF181,7,55.0,9192.0,9196.0,4.0,-0.007039576151082763,0.0,0.0,0.0,2.2164150951582835,False,False,False,True
BF181,7,56.0,9196.0,9200.0,4.0,0.12562498044263584,0.0,0.0,0.0,5.322832800805585,False,False,False,True
BF181,7,58.0,9204.0,9208.0,4.0,0.0866087913927112,0.0,0.0,0.0,5.744483683622344,False,False,False,True
BF181,7,59.0,9208.0,9212.0,4.0,0.030148544957022072,0.0,0.0,0.0,1.909516768331464,False,False,False,True
BF181,7,60.0,9212.0,9216.0,4.0,0.5768775516252596,0.0,0.0,0.0,1.363832952710552,False,False,False,True
BF181,7,62.0,9220.0,9224.0,4.0,0.4776935977802803,0.0,0.0,0.0,2.7947495027671363,False,False,False,True
BF181,7,68.0,9244.0,9248.0,4.0,0.21202052573456565,1.0,4.0,1.0,6.31878736398848,False,True,True,True
BF181,7,69.0,9248.0,9252.0,4.0,-0.6101903797495491,0.0,0.0,0.0,5.605459376378634,False,False,False,True
BF181,7,70.0,9252.0,9256.0,4.0,0.07731626362635316,0.0,0.0,0.0,1.7090856834789907,False,False,False,True
BF181,7,71.0,9256.0,9260.0,4.0,0.1854155175071869,0.0,0.0,0.0,2.7857378707492426,False,False,False,True
BF181,7,72.0,9260.0,9264.0,4.0,0.0019187168379033,0.0,0.0,0.0,1.586094607874636,False,False,False,True
BF181,7,73.0,9264.0,9268.0,4.0,0.1933107781370814,0.9306640625,3.72265625,1.0,1.5528209602699716,False,True,True,True
BF181,7,74.0,9268.0,9272.0,4.0,-0.4221599819419529,0.0,0.0,0.0,2.6010833931221664,False,False,False,True
BF181,7,75.0,9272.0,9276.0,4.0,0.4034235911785186,0.0,0.0,0.0,1.350243491163835,False,False,False,True
BF181,7,76.0,9276.0,9280.0,4.0,-0.6242089008665548,0.0,0.0,0.0,1.904452456813527,False,False,False,True
BF181,7,77.0,9280.0,9284.0,4.0,0.3868359852545683,0.0,0.0,0.0,1.6401432196687529,False,False,False,True
BF181,7,78.0,9284.0,9288.0,4.0,0.024696224966791,0.0,0.0,0.0,1.5836715460394086,False,False,False,True
BF181,7,79.0,9288.0,9292.0,4.0,-0.0058765816631706,0.0,0.0,0.0,2.715723407311,False,False,False,True
BF181,7,80.0,9292.0,9296.0,4.0,0.005248892654674448,0.0,0.0,0.0,2.199383287021088,False,False,False,True
BF181,7,81.0,9296.0,9300.0,4.0,0.19487754592232986,0.0,0.0,0.0,1.8915092776009685,False,False,False,True
BF181,7,82.0,9300.0,9304.0,4.0,0.0472259383787229,0.0,0.0,0.0,2.285574708342844,False,False,False,True
BF181,7,83.0,9304.0,9308.0,4.0,-0.41970908619556124,0.0,0.0,0.0,1.8860646080024661,False,False,False,True
BF181,7,84.0,9308.0,9312.0,4.0,-0.18604995732931423,0.0,0.0,0.0,2.022181075943288,False,False,False,True
BF181,7,85.0,9312.0,9316.0,4.0,-0.08516989539258185,0.9775390625,3.91015625,1.0,2.3328874761140885,False,True,True,True
BF181,7,86.0,9316.0,9320.0,4.0,0.2742531787498567,0.0,0.0,0.0,2.05421418172922,False,False,False,True
BF181,7,87.0,9320.0,9324.0,4.0,-0.2062178627639532,0.0,0.0,0.0,2.7461494797561623,False,False,False,True
BF181,7,88.0,9324.0,9328.0,4.0,0.0147086722434536,0.0,0.0,0.0,2.8195828045797926,False,False,False,True
BF181,7,89.0,9328.0,9332.0,4.0,-0.2392074712215191,0.0,0.0,0.0,1.8758636954089487,False,False,False,True
BF181,7,90.0,9332.0,9336.0,4.0,-0.0390123837643176,0.0,0.0,0.0,1.61342632251869,False,False,False,True
BF181,7,91.0,9336.0,9340.0,4.0,0.553171920042612,0.0,0.0,0.0,3.14326013454458,False,False,False,True
BF181,7,92.0,9340.0,9344.0,4.0,-0.3421775888258385,0.0,0.0,0.0,3.238534699029411,False,False,False,True
BF181,7,93.0,9344.0,9348.0,4.0,-0.0921432423134016,0.0,0.0,0.0,2.3054982874696424,False,False,False,True
BF181,7,94.0,9348.0,9352.0,4.0,-0.1422679886884216,0.0,0.0,0.0,2.69399598864893,False,False,False,True
BF181,7,95.0,9352.0,9356.0,4.0,-0.258642092149738,0.0,0.0,0.0,4.163320645825901,False,False,False,True
BF181,7,96.0,9356.0,9360.0,4.0,-0.1597930577893226,0.0,0.0,0.0,1.632994517311871,False,False,False,True
BF181,7,97.0,9360.0,9364.0,4.0,-0.1231524795342144,0.0,0.0,0.0,1.78069112176206,False,False,False,True
BF181,7,98.0,9364.0,9368.0,4.0,-0.10924425283040995,0.0,0.0,0.0,1.8161264843300458,False,False,False,True
BF181,7,99.0,9368.0,9372.0,4.0,0.30833754756567033,0.0,0.0,0.0,2.3918565668358793,False,False,False,True
BF181,7,100.0,9372.0,9376.0,4.0,0.2599001565546224,0.0,0.0,0.0,2.418179659311881,False,False,False,True
BF181,7,101.0,9376.0,9380.0,4.0,0.29409389388151164,0.0,0.0,0.0,3.0125452737087284,False,False,False,True
BF181,7,104.0,9388.0,9392.0,4.0,0.3586753484168505,0.9794921875,3.91796875,2.0,1.9782564372267117,False,True,True,True
BF181,7,105.0,9392.0,9396.0,4.0,0.0120687146871918,0.5029296875,2.01171875,1.0,2.436325369703018,False,False,False,True
BF181,7,106.0,9396.0,9400.0,4.0,0.2294346151446879,0.0,0.0,0.0,2.036244566528352,False,False,False,True
BF181,7,107.0,9400.0,9404.0,4.0,-0.4651240753401651,0.0,0.0,0.0,7.075458862915459,False,False,False,True
BF181,7,108.0,9404.0,9408.0,4.0,-0.013907956394502251,0.0,0.0,0.0,3.204650797149198,False,False,False,True
BF181,7,109.0,9408.0,9412.0,4.0,0.0152969445406139,0.0,0.0,0.0,1.5509634255139555,False,False,False,True
BF181,7,110.0,9412.0,9416.0,4.0,0.22514803408300677,0.0,0.0,0.0,1.7629664060981223,False,False,False,True
BF181,7,111.0,9416.0,9420.0,4.0,0.3298227038212897,0.0,0.0,0.0,1.324701806469454,False,False,False,True
BF181,7,113.0,9424.0,9428.0,4.0,0.2971398370833231,0.0,0.0,0.0,1.3817605018254209,False,False,False,True
BF181,7,114.0,9428.0,9432.0,4.0,0.0004935246304298,0.0,0.0,0.0,1.495249979203045,False,False,False,True
BF181,7,117.0,9440.0,9444.0,4.0,-0.3627186085105243,0.0,0.0,0.0,4.066628192898883,False,False,False,True
BF181,7,118.0,9444.0,9448.0,4.0,-0.04035408780560195,0.0,0.0,0.0,1.5982705844857372,False,False,False,True
BF181,7,120.0,9452.0,9456.0,4.0,-0.20152374973896697,0.0,0.0,0.0,1.7377343976421864,False,False,False,True
BF181,7,121.0,9456.0,9460.0,4.0,-0.0688498688879574,0.0,0.0,0.0,2.7183609485298383,False,False,False,True
BF181,7,122.0,9460.0,9464.0,4.0,0.21543355065292344,0.0,0.0,0.0,1.5432640406729154,False,False,False,True
BF181,7,123.0,9464.0,9468.0,4.0,-0.1988395989041081,0.0,0.0,0.0,2.017530742988589,False,False,False,True
BF181,7,124.0,9468.0,9472.0,4.0,0.304797724059114,0.0,0.0,0.0,2.580593848654947,False,False,False,True
BF181,7,125.0,9472.0,9476.0,4.0,-0.5874261133797511,0.0,0.0,0.0,2.2630850097827127,False,False,False,True
BF181,8,0.0,9512.0,9516.0,4.0,0.0262491738600833,0.0,0.0,0.0,2.4099915138174413,False,False,False,True
BF181,8,1.0,9516.0,9520.0,4.0,-0.0713163216503041,0.341796875,1.3671875,1.0,2.6291546970171975,False,False,False,True
BF181,8,2.0,9520.0,9524.0,4.0,0.314199430218708,1.0,4.0,3.0,16.264951390551087,False,True,True,True
BF181,8,3.0,9524.0,9528.0,4.0,-0.06395128823049015,0.8740234375,3.49609375,2.0,2.3184072396055297,False,True,True,True
BF181,8,6.0,9536.0,9540.0,4.0,0.4917123136641435,0.0,0.0,0.0,1.6806984705353665,False,False,False,True
BF181,8,7.0,9540.0,9544.0,4.0,-0.2953284404287615,0.0,0.0,0.0,1.6847564500781664,False,False,False,True
BF181,8,8.0,9544.0,9548.0,4.0,-0.1825317728489339,0.0,0.0,0.0,3.811498326861096,False,False,False,True
BF181,8,9.0,9548.0,9552.0,4.0,0.0009406504268157506,0.0,0.0,0.0,1.7340407543314114,False,False,False,True
BF181,8,10.0,9552.0,9556.0,4.0,-0.30474676962747443,0.0,0.0,0.0,1.7498573100632684,False,False,False,True
BF181,8,11.0,9556.0,9560.0,4.0,0.5199470697101959,0.0,0.0,0.0,1.5694024407221645,False,False,False,True
BF181,8,12.0,9560.0,9564.0,4.0,-0.22264573776638813,0.0,0.0,0.0,1.4972463440673152,False,False,False,True
BF181,8,13.0,9564.0,9568.0,4.0,-0.0608857053650295,0.0,0.0,0.0,1.7338518326634915,False,False,False,True
BF181,8,14.0,9568.0,9572.0,4.0,0.1136966926659014,0.0,0.0,0.0,2.750824054608952,False,False,False,True
BF181,8,15.0,9572.0,9576.0,4.0,-0.0129654053228182,0.0,0.0,0.0,1.5506557921404238,False,False,False,True
BF181,8,17.0,9580.0,9584.0,4.0,0.0856671316402663,0.0,0.0,0.0,1.628527944392821,False,False,False,True
BF181,8,18.0,9584.0,9588.0,4.0,0.0258642119488863,0.0,0.0,0.0,1.9335997365948268,False,False,False,True
BF181,8,19.0,9588.0,9592.0,4.0,0.0250466433265229,0.0,0.0,0.0,1.9349343284427412,False,False,False,True
BF181,8,20.0,9592.0,9596.0,4.0,0.0711706654696469,0.0,0.0,0.0,2.219219469262211,False,False,False,True
BF181,8,21.0,9596.0,9600.0,4.0,0.2078584517041081,0.0,0.0,0.0,1.7300681090334877,False,False,False,True
BF181,8,22.0,9600.0,9604.0,4.0,0.31634175680507015,0.0,0.0,0.0,1.5403160422785431,False,False,False,True
BF181,8,24.0,9608.0,9612.0,4.0,-0.014487070891555251,0.0,0.0,0.0,1.9837890096300548,False,False,False,True
BF181,8,25.0,9612.0,9616.0,4.0,-0.1778445843748665,0.0,0.0,0.0,3.1769085662538994,False,False,False,True
BF181,8,27.0,9620.0,9624.0,4.0,-0.20691460557217195,0.0,0.0,0.0,2.1340076856770125,False,False,False,True
BF181,8,28.0,9624.0,9628.0,4.0,-0.2662357212902895,0.0,0.0,0.0,1.3073836003480752,False,False,False,True
BF181,9,0.0,9692.0,9696.0,4.0,0.2824636309526622,0.0,0.0,0.0,3.552593997432556,False,False,False,True
BF181,9,1.0,9696.0,9700.0,4.0,-0.055322825946929,0.0,0.0,0.0,1.4171607811750315,False,False,False,True
BF181,9,4.0,9708.0,9712.0,4.0,-0.2854649313155171,0.0,0.0,0.0,1.5433980107347454,False,False,False,True
BF181,9,5.0,9712.0,9716.0,4.0,-0.2915598739216168,0.0,0.0,0.0,4.9939657933599815,False,False,False,True
BF181,9,7.0,9720.0,9724.0,4.0,-0.25639857785587883,0.0,0.0,0.0,4.142039947165767,False,False,False,True
BF181,9,8.0,9724.0,9728.0,4.0,-0.0906557512166752,0.0,0.0,0.0,0.8562089970456138,True,False,False,True
BF181,9,9.0,9728.0,9732.0,4.0,0.07492013121475,0.0,0.0,0.0,1.343077376932071,False,False,False,True
BF181,9,10.0,9732.0,9736.0,4.0,-0.3714577265564991,0.0,0.0,0.0,1.5715459535029233,False,False,False,True
BF181,9,11.0,9736.0,9740.0,4.0,-0.1097700520305101,0.703125,2.8125,1.0,2.6195743619810608,False,False,False,True
BF181,9,12.0,9740.0,9744.0,4.0,0.06942477282114125,0.1650390625,0.66015625,1.0,1.6471837684663306,False,False,False,True
BF181,9,13.0,9744.0,9748.0,4.0,-0.024600331011271803,0.0,0.0,0.0,3.4436755057816857,False,False,False,True
BF181,9,14.0,9748.0,9752.0,4.0,0.3191540049938268,1.0,4.0,1.0,3.850243537651443,,True,True,True
BF181,9,15.0,9752.0,9756.0,4.0,0.28682859692317997,0.3662109375,1.46484375,1.0,2.31744471857746,False,False,False,True
BF181,9,16.0,9756.0,9760.0,4.0,0.39071321236804224,0.0,0.0,0.0,2.903719164810509,False,False,False,True
BF181,9,17.0,9760.0,9764.0,4.0,0.6368583281812457,0.0,0.0,0.0,1.513424351476215,False,False,False,True
BF181,9,18.0,9764.0,9768.0,4.0,-0.1838150507913646,0.0,0.0,0.0,2.1602392469510825,False,False,False,True
BF181,9,19.0,9768.0,9772.0,4.0,-0.0634865224245555,0.0,0.0,0.0,1.4279845112316252,False,False,False,True
BF181,9,20.0,9772.0,9776.0,4.0,-0.031230238517581,0.0,0.0,0.0,2.130537608696675,False,False,False,True
BF181,9,21.0,9776.0,9780.0,4.0,0.1666254253818744,0.0,0.0,0.0,5.573068317463544,False,False,False,True
BF181,9,22.0,9780.0,9784.0,4.0,0.0449691721436573,0.0,0.0,0.0,1.985839009549923,False,False,False,True
BF181,9,23.0,9784.0,9788.0,4.0,0.21569030559803087,0.0,0.0,0.0,2.6755769009542343,False,False,False,True
BF181,9,24.0,9788.0,9792.0,4.0,-0.2062179484936807,0.0,0.0,0.0,2.169348872860149,False,False,False,True
BF181,9,26.0,9796.0,9800.0,4.0,-0.1146250744851996,0.0,0.0,0.0,2.114969654432469,False,False,False,True
BF181,9,27.0,9800.0,9804.0,4.0,0.1024303367672301,0.869140625,3.4765625,1.0,2.1316297448664585,False,True,True,True
BF181,9,28.0,9804.0,9808.0,4.0,-0.01041490989546605,0.2158203125,0.86328125,1.0,2.483170335767337,False,False,False,True
BF181,9,29.0,9808.0,9812.0,4.0,-0.4100795463455232,0.0,0.0,0.0,1.4912572436800895,False,False,False,True
BF181,9,30.0,9812.0,9816.0,4.0,0.1024864335128553,0.0,0.0,0.0,1.771008477348907,False,False,False,True
BF181,9,33.0,9824.0,9828.0,4.0,0.4574431271967729,0.0,0.0,0.0,1.368179574447227,False,False,False,True
BF181,9,35.0,9832.0,9836.0,4.0,-0.07616264225302216,0.0,0.0,0.0,1.498121393607553,False,False,False,True
BF181,9,36.0,9836.0,9840.0,4.0,0.2202821305158751,0.765625,3.0625,1.0,1.832300883048196,False,True,True,True
BF181,9,41.0,9856.0,9860.0,4.0,-0.1004400830954912,0.0,0.0,0.0,1.5143000494068,False,False,False,True
BF181,9,42.0,9860.0,9864.0,4.0,0.09116185562460044,0.0,0.0,0.0,1.490086054154257,False,False,False,True
BF181,9,43.0,9864.0,9868.0,4.0,0.07679582350710665,0.208984375,0.8359375,1.0,3.480751689166041,False,False,False,True
BF181,9,44.0,9868.0,9872.0,4.0,-0.1363222926993002,1.0,4.0,1.0,9.097165006917969,,True,True,True
BF181,9,45.0,9872.0,9876.0,4.0,0.1883486033618467,1.0,4.0,1.0,6.711903706926409,,True,True,True
BF181,9,46.0,9876.0,9880.0,4.0,-0.09683715165498485,1.0,4.0,1.0,1.876149265193931,False,True,True,True
BF181,9,47.0,9880.0,9884.0,4.0,-0.1146236928856747,1.0,4.0,1.0,2.1774772034881122,False,True,True,True
BF181,9,48.0,9884.0,9888.0,4.0,-0.7370121186563181,1.0,4.0,1.0,7.206227692624945,,True,True,True
BF181,9,49.0,9888.0,9892.0,4.0,0.15641981376472255,1.0,4.0,1.0,2.6162301982925746,False,True,True,True
BF181,9,50.0,9892.0,9896.0,4.0,0.12790617749152675,0.6376953125,2.55078125,2.0,2.3882954257651074,True,False,False,True
BF181,9,51.0,9896.0,9900.0,4.0,0.2745935143875919,0.7275390625,2.91015625,1.0,2.086311716713349,False,False,False,True
BF181,9,52.0,9900.0,9904.0,4.0,-0.32636018731704197,0.6103515625,2.44140625,2.0,3.4965656487500865,False,False,False,True
BF181,9,53.0,9904.0,9908.0,4.0,-0.0349546876379374,0.1826171875,0.73046875,1.0,1.5486537213257254,False,False,False,True
BF181,9,54.0,9908.0,9912.0,4.0,0.13007461380766,0.0,0.0,0.0,1.6230265610104877,False,False,False,True
BF181,9,55.0,9912.0,9916.0,4.0,0.1447970375585412,0.9951171875,3.98046875,1.0,3.120843249030123,False,True,True,True
BF181,9,56.0,9916.0,9920.0,4.0,0.3392423956875816,0.521484375,2.0859375,1.0,1.7298718380217415,False,False,False,True
BF181,9,57.0,9920.0,9924.0,4.0,-0.4936649824236812,0.0,0.0,0.0,1.5449692712178966,False,False,False,True
BF181,9,60.0,9932.0,9936.0,4.0,-0.059959321839840055,0.0,0.0,0.0,1.6834290775413912,False,False,False,True
BF181,9,61.0,9936.0,9940.0,4.0,0.0413611960831676,0.0,0.0,0.0,1.9021582869253748,False,False,False,True
BF181,9,62.0,9940.0,9944.0,4.0,0.27515096231107056,0.0,0.0,0.0,1.725457590025431,False,False,False,True
BF181,9,63.0,9944.0,9948.0,4.0,-0.16275809308847,0.0,0.0,0.0,1.3908660261715933,False,False,False,True
BF181,9,64.0,9948.0,9952.0,4.0,-0.3723691163303522,0.0,0.0,0.0,1.395083042360336,False,False,False,True
BF181,9,65.0,9952.0,9956.0,4.0,0.3516361419955251,0.0,0.0,0.0,1.719160955857276,False,False,False,True
BF181,9,66.0,9956.0,9960.0,4.0,0.0071601146753379,0.4599609375,1.83984375,1.0,1.7214472921983823,False,False,False,True
BF181,9,67.0,9960.0,9964.0,4.0,0.1275249829276089,0.318359375,1.2734375,1.0,3.4209617782125292,False,False,False,True
BF181,9,68.0,9964.0,9968.0,4.0,-0.0222937646445132,0.1259765625,0.50390625,1.0,2.0980143877307054,True,False,False,True
BF181,9,69.0,9968.0,9972.0,4.0,-0.3646929917067852,0.0,0.0,0.0,2.441188599613956,False,False,False,True
BF181,9,70.0,9972.0,9976.0,4.0,-0.1636454301762238,0.0,0.0,0.0,2.6496010393356664,False,False,False,True
BF181,9,71.0,9976.0,9980.0,4.0,-0.1187759195364445,0.0,0.0,0.0,2.131007398424684,False,False,False,True
BF181,9,72.0,9980.0,9984.0,4.0,-0.03428812671264,0.0,0.0,0.0,1.502328349513537,False,False,False,True
BF181,9,73.0,9984.0,9988.0,4.0,0.0216690690126539,0.0,0.0,0.0,1.0106010437131236,True,False,False,True
BF181,9,74.0,9988.0,9992.0,4.0,0.0312696998859165,0.0,0.0,0.0,3.2912601963531536,False,False,False,True
BF181,9,75.0,9992.0,9996.0,4.0,-0.1000474428867324,1.0,4.0,1.0,4.062667823330302,False,True,True,True
BF181,9,76.0,9996.0,10000.0,4.0,-0.011462537692686445,0.1669921875,0.66796875,1.0,1.831908349977688,False,False,False,True
BF181,9,77.0,10000.0,10004.0,4.0,-0.0468558904669068,0.0,0.0,0.0,1.5336543350061644,False,False,False,True
BF181,9,78.0,10004.0,10008.0,4.0,0.1291735888283413,0.6513671875,2.60546875,1.0,1.4033578236276758,False,False,False,True
BF181,9,79.0,10008.0,10012.0,4.0,-0.0389105467202054,0.5087890625,2.03515625,1.0,2.827756302959302,False,False,False,True
BF181,9,80.0,10012.0,10016.0,4.0,0.2293045898813456,0.0,0.0,0.0,1.6227102593949758,False,False,False,True
BF181,10,0.0,10172.0,10176.0,4.0,-0.2041608529347688,1.0,4.0,1.0,4.765891415055194,,True,True,True
BF181,10,1.0,10176.0,10180.0,4.0,0.2397489570196477,0.0,0.0,0.0,1.9368107121581228,False,False,False,True
BF181,10,2.0,10180.0,10184.0,4.0,-0.06848116925586305,0.4775390625,1.91015625,1.0,1.3668083624862932,False,False,False,True
BF181,10,3.0,10184.0,10188.0,4.0,-0.0848498385632329,1.0,4.0,1.0,2.0021883893055916,False,True,True,True
BF181,10,4.0,10188.0,10192.0,4.0,-0.1916936258426944,1.0,4.0,1.0,2.8241317508133976,False,True,True,True
BF181,10,5.0,10192.0,10196.0,4.0,0.1403374625859681,0.0,0.0,0.0,2.180979552130349,False,False,False,True
BF181,10,6.0,10196.0,10200.0,4.0,-0.1263418328291982,0.611328125,2.4453125,1.0,1.6234690690591629,False,False,False,True
BF181,10,8.0,10204.0,10208.0,4.0,0.010360810714150105,0.80859375,3.234375,1.0,1.6403924444807865,False,True,True,True
BF181,10,9.0,10208.0,10212.0,4.0,0.0299435078522868,0.0,0.0,0.0,1.5850575105119358,False,False,False,True
BF181,10,10.0,10212.0,10216.0,4.0,-0.0083615044041545,0.0,0.0,0.0,1.509041789922356,False,False,False,True
BF181,10,11.0,10216.0,10220.0,4.0,-0.004548471473434051,0.0,0.0,0.0,1.3566808978611489,False,False,False,True
BF181,10,12.0,10220.0,10224.0,4.0,0.082232208100053,0.0,0.0,0.0,3.966276281165233,False,False,False,True
BF181,10,13.0,10224.0,10228.0,4.0,-0.1962481105546838,0.0,0.0,0.0,1.3904317822922054,False,False,False,True
BF181,10,14.0,10228.0,10232.0,4.0,0.29073939256506315,0.0,0.0,0.0,1.4525117204836109,False,False,False,True
BF181,10,15.0,10232.0,10236.0,4.0,-0.048878026793845,0.0,0.0,0.0,1.3441727703656257,False,False,False,True
BF181,10,16.0,10236.0,10240.0,4.0,-0.25848127151264716,1.0,4.0,2.0,3.0234600001356124,False,True,True,True
BF181,10,19.0,10248.0,10252.0,4.0,-0.1421479358317552,0.0,0.0,0.0,1.5944301902582654,False,False,False,True
BF181,10,20.0,10252.0,10256.0,4.0,0.0861538355662082,0.0,0.0,0.0,1.8893453676403438,False,False,False,True
BF181,10,22.0,10260.0,10264.0,4.0,0.2492599455106126,0.0,0.0,0.0,1.3260802537716472,False,False,False,True
BF181,10,23.0,10264.0,10268.0,4.0,-0.0022583387355664,0.185546875,0.7421875,2.0,0.753621175911652,True,False,False,True
BF181,10,24.0,10268.0,10272.0,4.0,-0.2171273007730046,0.9560546875,3.82421875,1.0,2.191247337305409,False,True,True,True
BF181,10,25.0,10272.0,10276.0,4.0,0.0663007001609391,0.0,0.0,0.0,1.3497055469062762,False,False,False,True
BF181,10,26.0,10276.0,10280.0,4.0,-0.1510664935917908,0.0,0.0,0.0,1.9644172474403714,False,False,False,True
BF181,10,27.0,10280.0,10284.0,4.0,0.0961811629163335,0.4150390625,1.66015625,1.0,1.3742975751290212,False,False,False,True
BF181,10,28.0,10284.0,10288.0,4.0,0.0796952520904932,0.421875,1.6875,1.0,3.0540280812930765,False,False,False,True
BF181,10,29.0,10288.0,10292.0,4.0,0.6094491644248915,0.0,0.0,0.0,3.201996603884175,False,False,False,True
BF181,10,30.0,10292.0,10296.0,4.0,0.09465032389469125,0.3154296875,1.26171875,1.0,2.1088033874255983,False,False,False,True
BF181,10,31.0,10296.0,10300.0,4.0,-0.2158200922474682,0.0,0.0,0.0,1.3022187565906935,False,False,False,True
BF181,10,35.0,10312.0,10316.0,4.0,-0.0234466560494392,0.0,0.0,0.0,2.30410018096825,False,False,False,True
BF181,11,0.0,10412.0,10416.0,4.0,0.0323876416723748,0.0,0.0,0.0,0.8758930998282068,True,False,False,True
BF181,11,1.0,10416.0,10420.0,4.0,-0.037085402250511254,0.0,0.0,0.0,1.704205396540676,False,False,False,True
BF181,11,2.0,10420.0,10424.0,4.0,0.1236681480669536,0.0,0.0,0.0,1.784974706660143,False,False,False,True
BF181,11,3.0,10424.0,10428.0,4.0,-0.1835895191367437,0.0,0.0,0.0,1.9748894421370848,False,False,False,True
BF181,11,4.0,10428.0,10432.0,4.0,-0.1081109631531953,0.0,0.0,0.0,4.151731555772365,False,False,False,True
BF181,11,8.0,10444.0,10448.0,4.0,0.048740730030539,0.0,0.0,0.0,0.6576804760164247,True,False,False,True
BF181,11,10.0,10452.0,10456.0,4.0,0.1176106395779252,0.0,0.0,0.0,1.6849195124001597,False,False,False,True
BF181,11,11.0,10456.0,10460.0,4.0,-0.0622328365931246,0.0,0.0,0.0,7.150144674469815,False,False,False,True
BF181,11,12.0,10460.0,10464.0,4.0,0.3089384486352567,0.4912109375,1.96484375,1.0,2.515614370130265,False,False,False,True
BF181,11,13.0,10464.0,10468.0,4.0,0.11498798114400996,0.7939453125,3.17578125,1.0,3.1643399186838197,False,True,True,True
BF181,12,1.0,10506.0,10510.0,4.0,0.1511394620423255,0.4013671875,1.60546875,1.0,2.146219485320863,False,False,False,True
BF181,12,2.0,10510.0,10514.0,4.0,-0.03793628187071955,0.9921875,3.96875,1.0,2.0311364914326946,False,True,True,True
BF181,12,3.0,10514.0,10518.0,4.0,-0.0598601411826225,0.5087890625,2.03515625,1.0,1.3963912763681714,False,False,False,True
BF181,12,4.0,10518.0,10522.0,4.0,-0.0966649849231999,1.0,4.0,1.0,10.501045784440018,,True,True,True
BF181,12,5.0,10522.0,10526.0,4.0,0.44598682745982815,0.0078125,0.03125,1.0,2.1306825678609718,False,False,False,True
BF181,12,6.0,10526.0,10530.0,4.0,-0.6173351904690576,0.0,0.0,0.0,1.305819328112816,False,False,False,True
BF181,12,8.0,10534.0,10538.0,4.0,0.16707503321003359,0.0,0.0,0.0,1.3691818237067506,False,False,False,True
BF181,12,9.0,10538.0,10542.0,4.0,-0.26397333220915253,0.0,0.0,0.0,1.803345699951418,False,False,False,True
BF181,12,10.0,10542.0,10546.0,4.0,0.41199290864171345,0.0,0.0,0.0,2.607083930399071,False,False,False,True
BF181,12,11.0,10546.0,10550.0,4.0,-0.2796877571610991,0.0,0.0,0.0,2.060345963262566,False,False,False,True
BF181,12,12.0,10550.0,10554.0,4.0,0.4083701414961391,0.0,0.0,0.0,1.722674307978637,False,False,False,True
BF181,12,13.0,10554.0,10558.0,4.0,0.3595215743745356,0.0,0.0,0.0,1.4420792524936863,False,False,False,True
BF181,12,14.0,10558.0,10562.0,4.0,0.0282090235361914,0.13671875,0.546875,1.0,2.002638458916417,False,False,False,True
BF181,12,15.0,10562.0,10566.0,4.0,-0.3035261935912096,0.8671875,3.46875,3.0,1.9530875506678569,False,True,True,True
BF181,12,16.0,10566.0,10570.0,4.0,0.3307747483266484,1.0,4.0,2.0,2.3458541206751726,False,True,True,True
BF181,12,17.0,10570.0,10574.0,4.0,-0.1905967672629255,0.0,0.0,0.0,1.5351918173866248,False,False,False,True
BF181,12,18.0,10574.0,10578.0,4.0,0.1452489318285259,0.0,0.0,0.0,1.422474669330198,False,False,False,True
BF181,12,19.0,10578.0,10582.0,4.0,0.149196738650763,0.0,0.0,0.0,1.694173421293287,False,False,False,True
BF181,12,20.0,10582.0,10586.0,4.0,0.4708872811010804,1.0,4.0,2.0,4.297435594510993,False,True,True,True
BF181,13,0.0,10772.0,10776.0,4.0,-0.15122540282589486,0.75390625,3.015625,1.0,1.331962399880366,False,True,True,True
BF181,13,1.0,10776.0,10780.0,4.0,-0.0553635169068748,0.0,0.0,0.0,1.4519059757230677,False,False,False,True
BF181,13,2.0,10780.0,10784.0,4.0,-0.3017048327631096,0.0,0.0,0.0,1.3476160201105194,False,False,False,True
BF181,13,3.0,10784.0,10788.0,4.0,0.4258985697498825,0.0,0.0,0.0,3.229178539338136,False,False,False,True
BF181,13,4.0,10788.0,10792.0,4.0,0.2571088793583849,0.0,0.0,0.0,1.740412392043141,False,False,False,True
BF181,13,5.0,10792.0,10796.0,4.0,0.0088156011194383,0.0,0.0,0.0,1.6289588673331536,False,False,False,True
BF181,13,6.0,10796.0,10800.0,4.0,0.08669619001198615,0.0,0.0,0.0,2.440403029021911,False,False,False,True
BF181,13,7.0,10800.0,10804.0,4.0,0.2400480962614955,0.0,0.0,0.0,1.5391379773791782,False,False,False,True
BF181,13,10.0,10812.0,10816.0,4.0,0.01866649876044105,0.0,0.0,0.0,1.8307550756806026,False,False,False,True
BF181,13,11.0,10816.0,10820.0,4.0,-0.1605250233953338,0.0,0.0,0.0,1.6083962838511714,False,False,False,True
BF181,13,13.0,10824.0,10828.0,4.0,-0.1389167651032407,0.0,0.0,0.0,2.083747453527296,False,False,False,True
BF181,13,14.0,10828.0,10832.0,4.0,0.42276325200667525,0.0,0.0,0.0,1.562643060957285,False,False,False,True
BF181,13,17.0,10840.0,10844.0,4.0,0.0605732558575644,0.0,0.0,0.0,2.4005014828518805,False,False,False,True
BF181,13,18.0,10844.0,10848.0,4.0,0.2976361702229382,0.392578125,1.5703125,1.0,2.2796359592284787,False,False,False,True
BF181,13,19.0,10848.0,10852.0,4.0,0.1932171475794538,0.0,0.0,0.0,1.3516195691555657,False,False,False,True
BF181,13,20.0,10852.0,10856.0,4.0,0.249409880312055,0.0,0.0,0.0,2.1062628834043604,False,False,False,True
BF181,13,23.0,10864.0,10868.0,4.0,-0.08377274883316721,0.0,0.0,0.0,2.514160265965366,False,False,False,True
BF181,13,24.0,10868.0,10872.0,4.0,0.32314437284138153,0.6748046875,2.69921875,1.0,1.6561152119939486,False,False,False,True
BF181,13,26.0,10876.0,10880.0,4.0,-0.027668193522131,0.0,0.0,0.0,1.7731055911215399,False,False,False,True
BF181,13,27.0,10880.0,10884.0,4.0,-0.2349604081482146,0.0,0.0,0.0,1.6996646059620888,False,False,False,True
BF181,13,28.0,10884.0,10888.0,4.0,0.2217109891908818,0.0,0.0,0.0,1.324629118567296,False,False,False,True
BF181,13,29.0,10888.0,10892.0,4.0,0.4849219450442654,0.0,0.0,0.0,1.4049506990349625,False,False,False,True
BF181,13,30.0,10892.0,10896.0,4.0,0.1317623179374273,0.0,0.0,0.0,1.6843453437576694,False,False,False,True
BF181,13,31.0,10896.0,10900.0,4.0,0.1128967436845959,0.0,0.0,0.0,1.4147111459929986,False,False,False,True
BF181,13,32.0,10900.0,10904.0,4.0,0.0459270517190918,0.0,0.0,0.0,1.3417262172660762,False,False,False,True
BF181,13,33.0,10904.0,10908.0,4.0,0.0361370180736113,0.8330078125,3.33203125,1.0,2.0413055817626007,False,True,True,True
BF181,13,34.0,10908.0,10912.0,4.0,-0.2599710815293353,0.3662109375,1.46484375,1.0,1.4294566594876073,False,False,False,True
BF181,13,35.0,10912.0,10916.0,4.0,-0.1863845993519567,0.8076171875,3.23046875,1.0,2.3272252212025504,True,True,True,True
BF181,13,36.0,10916.0,10920.0,4.0,-0.0325630836242653,0.0,0.0,0.0,2.500068233038643,False,False,False,True
BF181,13,37.0,10920.0,10924.0,4.0,-0.398554453969239,0.0,0.0,0.0,1.8181441908640312,False,False,False,True
BF181,13,38.0,10924.0,10928.0,4.0,0.001487873199185901,0.0,0.0,0.0,1.6788855695084766,False,False,False,True
BF181,13,39.0,10928.0,10932.0,4.0,-0.2058804607058101,0.0,0.0,0.0,0.8648044263013106,True,False,False,True
BF181,13,40.0,10932.0,10936.0,4.0,-0.21792012248233555,0.0,0.0,0.0,3.691308609776205,False,False,False,True
BF181,13,41.0,10936.0,10940.0,4.0,0.013917900630526045,0.0,0.0,0.0,2.359363204343621,False,False,False,True
BF181,13,42.0,10940.0,10944.0,4.0,0.1942831593937345,0.0,0.0,0.0,2.527343543139619,False,False,False,True
BF181,13,43.0,10944.0,10948.0,4.0,0.06111633880408621,0.0,0.0,0.0,2.1045665798176554,False,False,False,True
BF181,13,44.0,10948.0,10952.0,4.0,0.4578862719139288,0.0,0.0,0.0,3.304659181404554,False,False,False,True
BF181,13,45.0,10952.0,10956.0,4.0,0.0349887843360061,0.0,0.0,0.0,5.132658141420419,False,False,False,True
BF181,13,46.0,10956.0,10960.0,4.0,0.0097929903641219,0.0,0.0,0.0,3.1319290217695226,False,False,False,True
BF181,13,47.0,10960.0,10964.0,4.0,-0.40581445566959873,0.150390625,0.6015625,1.0,2.625831908294282,False,False,False,True
BF181,13,48.0,10964.0,10968.0,4.0,-0.2392547814949495,1.0,4.0,1.0,3.4686856970493207,False,True,True,True
BF181,13,49.0,10968.0,10972.0,4.0,0.2001824685973028,0.0,0.0,0.0,4.489656905522429,False,False,False,True
BF181,13,50.0,10972.0,10976.0,4.0,0.0007207756659507528,0.5478515625,2.19140625,1.0,1.785968738432099,False,False,False,True
BF181,13,51.0,10976.0,10980.0,4.0,0.047279412762105,0.578125,2.3125,1.0,1.879915132042026,False,False,False,True
BF181,13,52.0,10980.0,10984.0,4.0,-0.013649261880796654,0.0,0.0,0.0,3.037075936966444,False,False,False,True
BF181,13,53.0,10984.0,10988.0,4.0,0.14775571684388925,0.0,0.0,0.0,2.6612066169509374,False,False,False,True
BF181,13,54.0,10988.0,10992.0,4.0,0.0907954764536328,0.0,0.0,0.0,1.5890162315980656,False,False,False,True
BF181,13,55.0,10992.0,10996.0,4.0,0.012315355318636,0.0,0.0,0.0,2.022960682951409,False,False,False,True
BF181,13,56.0,10996.0,11000.0,4.0,0.2862123858506205,0.0,0.0,0.0,1.9170275104237753,False,False,False,True
BF181,13,57.0,11000.0,11004.0,4.0,0.016815162100007303,0.0,0.0,0.0,2.506041215467147,False,False,False,True
BF181,13,58.0,11004.0,11008.0,4.0,-0.05045161992136736,0.0,0.0,0.0,2.4879481221446498,False,False,False,True
BF181,13,59.0,11008.0,11012.0,4.0,0.164675891473216,0.0,0.0,0.0,3.382471161329758,False,False,False,True
BF181,13,60.0,11012.0,11016.0,4.0,0.1541070365163149,0.0,0.0,0.0,3.5072699263609604,False,False,False,True
BF181,13,61.0,11016.0,11020.0,4.0,-0.2501252698620718,0.2998046875,1.19921875,1.0,2.063964114958057,False,False,False,True
BF181,13,62.0,11020.0,11024.0,4.0,-0.427140968836498,0.529296875,2.1171875,1.0,2.5392678475255446,False,False,False,True
BF181,13,63.0,11024.0,11028.0,4.0,-0.15904650189483013,0.0,0.0,0.0,2.5110074965921862,False,False,False,True
BF181,13,64.0,11028.0,11032.0,4.0,0.0003405955176027514,0.0,0.0,0.0,2.833009034928049,False,False,False,True
BF181,13,65.0,11032.0,11036.0,4.0,-0.18058930338127585,0.0,0.0,0.0,2.7669885176116056,False,False,False,True
BF181,13,66.0,11036.0,11040.0,4.0,0.0520132461423716,0.0,0.0,0.0,1.7094121310411323,False,False,False,True
BF181,13,67.0,11040.0,11044.0,4.0,-0.20665915620663156,0.0,0.0,0.0,3.8498000087358384,False,False,False,True
BF181,13,68.0,11044.0,11048.0,4.0,-0.050949761187388795,0.0,0.0,0.0,3.941198411867159,False,False,False,True
BF181,13,69.0,11048.0,11052.0,4.0,0.06112317652211895,0.0,0.0,0.0,4.137123314025212,False,False,False,True
BF181,13,70.0,11052.0,11056.0,4.0,0.2251848234190532,0.0,0.0,0.0,2.084526502219407,False,False,False,True
BF181,13,71.0,11056.0,11060.0,4.0,0.1420538551932849,1.0,4.0,1.0,6.032224079392575,False,True,True,True
BF181,13,72.0,11060.0,11064.0,4.0,-0.1653469890922619,1.0,4.0,1.0,4.150797236535782,False,True,True,True
BF181,13,73.0,11064.0,11068.0,4.0,0.0708307449615153,1.0,4.0,1.0,3.9234605150400217,False,True,True,True
BF181,13,74.0,11068.0,11072.0,4.0,-0.12415255989421456,1.0,4.0,1.0,3.7934210908655945,False,True,True,True
BF181,13,75.0,11072.0,11076.0,4.0,0.11738458174356925,0.3935546875,1.57421875,1.0,2.36183941139526,False,False,False,True
BF181,13,76.0,11076.0,11080.0,4.0,-0.17117227446590688,0.5732421875,2.29296875,1.0,3.346065370178177,False,False,False,True
BF181,13,77.0,11080.0,11084.0,4.0,-0.18354930801402375,0.2744140625,1.09765625,1.0,3.3420884904199064,False,False,False,True
BF181,13,78.0,11084.0,11088.0,4.0,0.0359746059862068,0.0,0.0,0.0,2.261914679142492,False,False,False,True
BF181,13,79.0,11088.0,11092.0,4.0,-0.08116252425050345,0.0,0.0,0.0,3.678901986353333,False,False,False,True
BF181,13,80.0,11092.0,11096.0,4.0,0.02019478210891185,0.0,0.0,0.0,2.591033292948508,False,False,False,True
BF181,13,81.0,11096.0,11100.0,4.0,-0.14263113575269415,0.72265625,2.890625,1.0,2.804866365398801,False,False,False,True
BF181,13,82.0,11100.0,11104.0,4.0,-0.2042877820797655,0.046875,0.1875,1.0,5.4049314544655065,False,False,False,True
BF181,13,83.0,11104.0,11108.0,4.0,-0.1851782158381915,0.6220703125,2.48828125,1.0,2.278989358636076,False,False,False,True
BF181,13,84.0,11108.0,11112.0,4.0,0.6848642739684485,1.0,4.0,1.0,5.988752515584038,False,True,True,True
BF181,13,85.0,11112.0,11116.0,4.0,0.013546421268576699,0.15625,0.625,1.0,1.662876782002075,False,False,False,True
BF181,13,86.0,11116.0,11120.0,4.0,-0.44993557436558573,0.0,0.0,0.0,1.5765190172686732,False,False,False,True
BF181,13,87.0,11120.0,11124.0,4.0,-0.13842136939682087,0.5869140625,2.34765625,1.0,2.2672001414631273,False,False,False,True
BF181,13,88.0,11124.0,11128.0,4.0,-0.22833453775006315,1.0,4.0,1.0,3.0945253430277617,False,True,True,True
BF181,13,89.0,11128.0,11132.0,4.0,-0.18677906627570887,0.8251953125,3.30078125,1.0,1.6784547323485008,False,True,True,True
BF181,13,90.0,11132.0,11136.0,4.0,-0.0650777260913743,0.0,0.0,0.0,1.4213381496723838,False,False,False,True
BF181,13,91.0,11136.0,11140.0,4.0,0.2645114459074438,0.0,0.0,0.0,1.9794519565352537,False,False,False,True
BF181,13,92.0,11140.0,11144.0,4.0,-0.15756554369830916,0.0,0.0,0.0,1.640772887809476,False,False,False,True
BF181,13,93.0,11144.0,11148.0,4.0,-0.0894031853287658,0.87890625,3.515625,1.0,1.7125296171463205,False,True,True,True
BF181,13,94.0,11148.0,11152.0,4.0,0.0275129343417063,0.07421875,0.296875,1.0,1.5013310766232282,False,False,False,True
BF181,13,95.0,11152.0,11156.0,4.0,0.03978158947636404,0.0,0.0,0.0,2.1435615343935277,False,False,False,True
BF181,13,96.0,11156.0,11160.0,4.0,-0.0100822479846414,0.0,0.0,0.0,1.585358964875896,False,False,False,True
BF181,13,97.0,11160.0,11164.0,4.0,0.1652249348746813,0.0,0.0,0.0,1.6036637172397226,False,False,False,True
BF181,13,98.0,11164.0,11168.0,4.0,0.0630407499545665,0.6103515625,2.44140625,1.0,1.8839409576714976,False,False,False,True
BF181,13,99.0,11168.0,11172.0,4.0,0.0423181835433105,0.6337890625,2.53515625,1.0,1.883600049286816,,False,False,True
BF181,13,100.0,11172.0,11176.0,4.0,0.1429132160866605,0.0,0.0,0.0,2.393983802798957,False,False,False,True
BF181,13,101.0,11176.0,11180.0,4.0,0.3990941525344818,0.0,0.0,0.0,3.70058701446742,False,False,False,True
BF181,13,102.0,11180.0,11184.0,4.0,0.1116730024792713,0.70703125,2.828125,1.0,2.834329801526862,False,False,False,True
BF181,13,103.0,11184.0,11188.0,4.0,-0.06998280226862874,1.0,4.0,1.0,5.5071162048030295,False,True,True,True
BF181,13,104.0,11188.0,11192.0,4.0,-0.0079691546502769,1.0,4.0,1.0,2.251954215787747,False,True,True,True
BF181,13,105.0,11192.0,11196.0,4.0,0.0452253199622452,1.0,4.0,1.0,3.5157440607850776,False,True,True,True
BF181,13,106.0,11196.0,11200.0,4.0,-0.17310668229440426,0.169921875,0.6796875,1.0,1.6216911845917212,False,False,False,True
BF181,13,107.0,11200.0,11204.0,4.0,-0.0782019330770724,0.0,0.0,0.0,1.3632791373692503,False,False,False,True
BF181,13,108.0,11204.0,11208.0,4.0,0.3390577235693691,0.0,0.0,0.0,1.3592232052131676,False,False,False,True
BF181,13,109.0,11208.0,11212.0,4.0,-0.1664465378574466,0.4052734375,1.62109375,1.0,1.4575702814119107,False,False,False,True
BF181,13,110.0,11212.0,11216.0,4.0,0.5022168479463981,1.0,4.0,1.0,6.480469401846791,False,True,True,True
BF181,13,111.0,11216.0,11220.0,4.0,-0.2110463153386614,1.0,4.0,1.0,1.91392844560287,False,True,True,True
BF181,13,112.0,11220.0,11224.0,4.0,-0.1654783309267085,0.8935546875,3.57421875,1.0,1.6600421746561191,False,True,True,True
BF181,13,113.0,11224.0,11228.0,4.0,0.02108573935640605,0.0,0.0,0.0,2.05065952990135,False,False,False,True
BF181,13,114.0,11228.0,11232.0,4.0,-0.0969934055465183,0.02734375,0.109375,1.0,2.616212373495355,False,False,False,True
BF181,13,115.0,11232.0,11236.0,4.0,0.0241320219891002,1.0,4.0,1.0,1.798271837320612,False,True,True,True
BF181,13,116.0,11236.0,11240.0,4.0,0.22090277190779495,0.1845703125,0.73828125,1.0,2.0829640041378075,False,False,False,True
BF181,13,117.0,11240.0,11244.0,4.0,0.19043856698750625,0.0,0.0,0.0,1.6054832733327387,False,False,False,True
BF181,13,118.0,11244.0,11248.0,4.0,0.0117000352836032,0.0,0.0,0.0,3.6784725744738553,False,False,False,True
BF181,13,119.0,11248.0,11252.0,4.0,-0.126434797771304,0.0,0.0,0.0,1.9631222112392064,False,False,False,True
BF181,13,120.0,11252.0,11256.0,4.0,-0.03235509816232,0.0,0.0,0.0,1.5163403284027752,False,False,False,True
BF181,13,121.0,11256.0,11260.0,4.0,-0.14642724790999895,0.080078125,0.3203125,1.0,1.6788878358679284,False,False,False,True
BF181,13,122.0,11260.0,11264.0,4.0,-0.0357211460653261,1.0,4.0,1.0,2.9442200996626315,False,True,True,True
BF181,13,123.0,11264.0,11268.0,4.0,-0.0234734312789829,1.0,4.0,1.0,5.953323994752349,False,True,True,True
BF181,13,124.0,11268.0,11272.0,4.0,-0.0148982962655386,1.0,4.0,1.0,2.132209941539372,False,True,True,True
BF181,13,125.0,11272.0,11276.0,4.0,-0.1468979244553592,1.0,4.0,1.0,3.466057379475941,False,True,True,True
BF181,13,126.0,11276.0,11280.0,4.0,-0.3180457676680484,1.0,4.0,1.0,4.960969690125214,False,True,True,True
BF181,13,127.0,11280.0,11284.0,4.0,0.13921653036275816,1.0,4.0,1.0,2.151934048435131,False,True,True,True
BF181,13,128.0,11284.0,11288.0,4.0,-0.0069713462616637,1.0,4.0,1.0,2.751892089162405,False,True,True,True
BF181,13,129.0,11288.0,11292.0,4.0,0.0019048662617364,1.0,4.0,1.0,6.276855670535734,False,True,True,True
BF181,13,130.0,11292.0,11296.0,4.0,0.024364477487661206,1.0,4.0,1.0,3.882424408840602,False,True,True,True
BF181,13,131.0,11296.0,11300.0,4.0,0.16577134865108636,1.0,4.0,1.0,3.95238790262237,False,True,True,True
BF181,13,132.0,11300.0,11304.0,4.0,-0.05856182271553635,1.0,4.0,1.0,4.799955727108649,False,True,True,True
BF181,13,133.0,11304.0,11308.0,4.0,0.04908910980518459,1.0,4.0,1.0,3.4118160609287576,False,True,True,True
BF181,13,134.0,11308.0,11312.0,4.0,-0.138322380025341,1.0,4.0,1.0,1.94716277685758,False,True,True,True
BF181,13,135.0,11312.0,11316.0,4.0,-0.31795412438328774,1.0,4.0,1.0,4.575174065105624,False,True,True,True
BF181,13,136.0,11316.0,11320.0,4.0,0.0710594460224103,1.0,4.0,1.0,2.649282685666115,False,True,True,True
BF181,13,137.0,11320.0,11324.0,4.0,-0.008876517580430843,1.0,4.0,1.0,2.6035635341976313,False,True,True,True
BF181,13,138.0,11324.0,11328.0,4.0,0.05825815352124615,1.0,4.0,1.0,5.10800187162335,False,True,True,True
BF181,13,139.0,11328.0,11332.0,4.0,0.1414903544607459,1.0,4.0,1.0,3.3270730082788744,False,True,True,True
BF181,13,140.0,11332.0,11336.0,4.0,-0.3042868344190961,1.0,4.0,1.0,5.202877350275034,False,True,True,True
BF181,14,0.0,11792.0,11796.0,4.0,-0.08911028505016136,0.0,0.0,0.0,1.5904444339423163,False,False,False,True
BF181,14,1.0,11796.0,11800.0,4.0,0.2292720308279106,0.0,0.0,0.0,1.468040340471917,False,False,False,True
BF181,14,2.0,11800.0,11804.0,4.0,-0.1795998369691741,0.0,0.0,0.0,2.0171004996401325,False,False,False,True
BF181,14,3.0,11804.0,11808.0,4.0,-0.1076338434658554,0.0,0.0,0.0,1.5476257842835228,False,False,False,True
BF181,14,4.0,11808.0,11812.0,4.0,0.3043603712486329,0.0,0.0,0.0,1.5696110687994715,False,False,False,True
BF181,14,5.0,11812.0,11816.0,4.0,0.4704511944035257,0.0,0.0,0.0,1.3071707131145325,False,False,False,True
BF181,14,7.0,11820.0,11824.0,4.0,-0.1605757916783579,0.0,0.0,0.0,2.4992420759737017,False,False,False,True
BF181,14,8.0,11824.0,11828.0,4.0,0.4773535895875592,0.0,0.0,0.0,2.7073460834796808,False,False,False,True
BF181,14,9.0,11828.0,11832.0,4.0,0.2094522193079731,0.0,0.0,0.0,1.3103202561659484,False,False,False,True
BF181,14,10.0,11832.0,11836.0,4.0,-0.2947395264514472,0.0,0.0,0.0,2.841088861463474,False,False,False,True
BF181,14,11.0,11836.0,11840.0,4.0,0.4528847301714707,0.0,0.0,0.0,3.063882125391413,False,False,False,True
BF181,14,12.0,11840.0,11844.0,4.0,0.1107931194300037,0.0,0.0,0.0,3.713120667526389,False,False,False,True
BF181,14,13.0,11844.0,11848.0,4.0,-0.3068413581471036,0.0,0.0,0.0,2.6014425771311593,False,False,False,True
BF181,14,15.0,11852.0,11856.0,4.0,-0.2340935992418282,0.0,0.0,0.0,2.7417211852033394,False,False,False,True
BF181,14,16.0,11856.0,11860.0,4.0,0.1521982235742444,0.0,0.0,0.0,1.3974490979623575,False,False,False,True
BF181,14,17.0,11860.0,11864.0,4.0,-0.0079717516917585,0.0,0.0,0.0,1.383527654774282,False,False,False,True
BF181,14,18.0,11864.0,11868.0,4.0,0.222488790396001,0.0,0.0,0.0,3.777494187243839,False,False,False,True
BF181,14,19.0,11868.0,11872.0,4.0,-0.04653080834113554,0.0,0.0,0.0,3.420328614896799,False,False,False,True
BF181,14,20.0,11872.0,11876.0,4.0,0.3085509730681214,0.0,0.0,0.0,1.9338910066173804,False,False,False,True
BF181,14,21.0,11876.0,11880.0,4.0,-0.224368267304171,0.0,0.0,0.0,2.8078799581452847,False,False,False,True
BF181,14,25.0,11892.0,11896.0,4.0,-0.4038443004692841,0.0,0.0,0.0,1.6752202434991843,False,False,False,True
BF181,14,30.0,11912.0,11916.0,4.0,0.37710626670217384,0.0,0.0,0.0,4.065640943946507,False,False,False,True
BF181,14,31.0,11916.0,11920.0,4.0,-0.16684400331830535,0.0,0.0,0.0,2.642538184902967,False,False,False,True
BF181,14,32.0,11920.0,11924.0,4.0,0.2632251942130049,0.0,0.0,0.0,2.2824762246493333,False,False,False,True
BF181,14,33.0,11924.0,11928.0,4.0,-0.1860792330544883,0.0,0.0,0.0,2.3949319568684304,False,False,False,True
BF181,14,34.0,11928.0,11932.0,4.0,0.6098409272712619,0.0,0.0,0.0,2.114707388474372,False,False,False,True
BF181,14,36.0,11936.0,11940.0,4.0,-0.4001374589332125,0.0,0.0,0.0,1.3341650209181912,False,False,False,True
BF181,14,38.0,11944.0,11948.0,4.0,-0.1938534997633769,0.0,0.0,0.0,1.5927605472207746,False,False,False,True
BF181,14,41.0,11956.0,11960.0,4.0,-0.2186857919688541,0.0,0.0,0.0,1.422682534928401,False,False,False,True
BF181,14,43.0,11964.0,11968.0,4.0,0.3757434270963088,0.0,0.0,0.0,4.248561826509924,False,False,False,True
BF181,14,44.0,11968.0,11972.0,4.0,0.0352632261995676,0.0,0.0,0.0,2.13839595062374,False,False,False,True
BF181,14,45.0,11972.0,11976.0,4.0,-0.0473940209715119,0.0,0.0,0.0,1.3288418878873305,False,False,False,True
BF181,14,48.0,11984.0,11988.0,4.0,-0.3396327262976324,0.0,0.0,0.0,1.5014741426936098,False,False,False,True
BF181,14,49.0,11988.0,11992.0,4.0,0.0483598000413427,0.0,0.0,0.0,2.026342093062937,False,False,False,True
BF181,14,50.0,11992.0,11996.0,4.0,0.3361325761401467,0.0,0.0,0.0,1.6945278741108172,False,False,False,True
BF181,14,52.0,12000.0,12004.0,4.0,-0.3184698872274451,0.0,0.0,0.0,2.6756915602585627,False,False,False,True
BF181,14,53.0,12004.0,12008.0,4.0,0.043788087297987,0.0,0.0,0.0,1.3069692568892368,False,False,False,True
BF181,14,54.0,12008.0,12012.0,4.0,-0.1371900471839338,0.0,0.0,0.0,3.0170593957727845,False,False,False,True
BF181,14,55.0,12012.0,12016.0,4.0,0.5041725016886163,0.0,0.0,0.0,4.327213623813803,False,False,False,True
BF181,14,56.0,12016.0,12020.0,4.0,-0.0673303863551069,0.0,0.0,0.0,1.5009656843763608,False,False,False,True
BF181,14,57.0,12020.0,12024.0,4.0,-0.3891435959328866,0.0,0.0,0.0,4.15815261245978,False,False,False,True
BF181,14,58.0,12024.0,12028.0,4.0,-0.4850536712923958,0.927734375,3.7109375,1.0,3.555874588560292,False,True,True,True
BF181,14,59.0,12028.0,12032.0,4.0,-0.1222222327844421,0.07421875,0.296875,1.0,4.561379753252683,False,False,False,True
BF181,14,60.0,12032.0,12036.0,4.0,0.3948458451239031,0.0,0.0,0.0,6.164337863101569,False,False,False,True
BF181,14,61.0,12036.0,12040.0,4.0,-0.0410128589926174,0.0,0.0,0.0,1.5346916933558947,False,False,False,True
BF181,14,62.0,12040.0,12044.0,4.0,-0.0383538072650221,0.0,0.0,0.0,1.3362095095128064,False,False,False,True
BF181,14,63.0,12044.0,12048.0,4.0,0.1170655904700385,0.0,0.0,0.0,1.396218928425265,False,False,False,True
BF181,14,64.0,12048.0,12052.0,4.0,0.12277879629991059,0.0,0.0,0.0,1.4807897350178783,False,False,False,True
BF181,14,65.0,12052.0,12056.0,4.0,0.4161682826265432,0.0,0.0,0.0,2.0138605809780845,False,False,False,True
BF181,14,66.0,12056.0,12060.0,4.0,-0.2953971062228136,0.0,0.0,0.0,1.381717994344186,False,False,False,True
BF181,14,70.0,12072.0,12076.0,4.0,0.5000776793872336,0.0,0.0,0.0,1.5886514528090463,False,False,False,True
BF181,14,71.0,12076.0,12080.0,4.0,-0.1459669921218317,0.0,0.0,0.0,1.8659682796873795,False,False,False,True
BF181,14,73.0,12084.0,12088.0,4.0,-0.1487144748824628,0.0,0.0,0.0,1.330065381995959,False,False,False,True
BF181,14,75.0,12092.0,12096.0,4.0,0.1418157480510103,0.0,0.0,0.0,1.5889892129536385,False,False,False,True
BF181,14,78.0,12104.0,12108.0,4.0,-0.5807769192068342,0.0,0.0,0.0,2.231680952000165,False,False,False,True
BF181,14,79.0,12108.0,12112.0,4.0,0.12127937562832719,0.0,0.0,0.0,3.6862658231672873,False,False,False,True
BF181,14,83.0,12124.0,12128.0,4.0,-0.037228173857335,0.0,0.0,0.0,1.5019281277154064,False,False,False,True
BF181,14,85.0,12132.0,12136.0,4.0,0.1685807192032815,0.0,0.0,0.0,1.3572906043587674,False,False,False,True
BF181,14,86.0,12136.0,12140.0,4.0,0.11161307058707891,0.0,0.0,0.0,2.3660127925627585,False,False,False,True
BF181,14,87.0,12140.0,12144.0,4.0,0.004773104615682103,0.0,0.0,0.0,2.419081337731399,False,False,False,True
BF181,14,88.0,12144.0,12148.0,4.0,-0.2474282611441384,0.0,0.0,0.0,1.4734308225874204,False,False,False,True
BF181,14,89.0,12148.0,12152.0,4.0,0.263157751603353,0.0,0.0,0.0,1.5597817450431888,False,False,False,True
BF181,14,92.0,12160.0,12164.0,4.0,-0.1278711216336439,0.0,0.0,0.0,3.757924861891163,False,False,False,True
BF181,14,93.0,12164.0,12168.0,4.0,0.2454828113408485,0.0,0.0,0.0,3.1633142766987614,False,False,False,True
BF181,14,94.0,12168.0,12172.0,4.0,0.4079220997317816,0.0,0.0,0.0,3.444933453051735,False,False,False,True
BF181,14,95.0,12172.0,12176.0,4.0,0.11134261665536009,0.0,0.0,0.0,1.839849574981891,False,False,False,True
BF181,15,1.0,12756.0,12760.0,4.0,0.3447268704713324,0.0,0.0,0.0,1.855025757104609,False,False,False,True
BF181,15,3.0,12764.0,12768.0,4.0,0.1796617290240544,0.0,0.0,0.0,4.4419367854808565,False,False,False,True
BF181,15,4.0,12768.0,12772.0,4.0,-0.14795952038969207,0.0,0.0,0.0,3.1986317803258606,False,False,False,True
BF181,15,5.0,12772.0,12776.0,4.0,0.010134853013372191,0.76171875,3.046875,1.0,2.7147658120062745,False,True,True,True
BF181,15,6.0,12776.0,12780.0,4.0,0.086618635459393,0.3193359375,1.27734375,1.0,1.8025195410651276,False,False,False,True
BF181,15,8.0,12784.0,12788.0,4.0,0.0651338701587413,0.0,0.0,0.0,1.7505862538477277,False,False,False,True
BF181,15,9.0,12788.0,12792.0,4.0,-0.0023286114851414,0.841796875,3.3671875,1.0,2.287209129776683,False,True,True,True
BF181,15,10.0,12792.0,12796.0,4.0,-0.06682160541925751,0.3701171875,1.48046875,1.0,1.9484053686530691,False,False,False,True
BF181,15,11.0,12796.0,12800.0,4.0,0.0080910863879633,0.0,0.0,0.0,1.4734702638331063,False,False,False,True
BF181,15,12.0,12800.0,12804.0,4.0,0.0878912634455344,0.0,0.0,0.0,2.106948809057925,False,False,False,True
BF181,15,13.0,12804.0,12808.0,4.0,-0.2705153197062564,0.0,0.0,0.0,2.5796463833530785,False,False,False,True
BF181,15,14.0,12808.0,12812.0,4.0,-0.3212779183671706,0.0,0.0,0.0,1.9234525392859425,False,False,False,True
BF181,15,15.0,12812.0,12816.0,4.0,-0.11766406797962986,0.0,0.0,0.0,3.9061362891242437,False,False,False,True
BF181,15,16.0,12816.0,12820.0,4.0,0.0512286750106368,0.0,0.0,0.0,1.5788988541931772,False,False,False,True
BF181,15,17.0,12820.0,12824.0,4.0,0.3228110829473141,0.0,0.0,0.0,1.552040962992995,False,False,False,True
BF181,15,18.0,12824.0,12828.0,4.0,-0.2162109601490564,0.0,0.0,0.0,3.85447587941842,False,False,False,True
BF181,15,19.0,12828.0,12832.0,4.0,-0.048871020297319503,0.0,0.0,0.0,1.785177788301345,False,False,False,True
BF181,16,0.0,12872.0,12876.0,4.0,-0.1102459225457354,0.0,0.0,0.0,1.6124266247301,False,False,False,True
BF181,16,1.0,12876.0,12880.0,4.0,0.0598299920746364,0.0,0.0,0.0,1.3145784970233017,False,False,False,True
BF181,16,2.0,12880.0,12884.0,4.0,-0.316759901833297,0.0,0.0,0.0,1.3759599751329656,False,False,False,True
BF181,16,3.0,12884.0,12888.0,4.0,-0.029024662327573,0.0,0.0,0.0,4.267627528228784,False,False,False,True
BF181,16,4.0,12888.0,12892.0,4.0,-0.0930976179451014,0.0,0.0,0.0,2.763462772983733,False,False,False,True
BF181,16,5.0,12892.0,12896.0,4.0,0.17898123954168194,0.0,0.0,0.0,1.547505875469993,False,False,False,True
BF181,16,7.0,12900.0,12904.0,4.0,0.0950911009077666,0.0,0.0,0.0,0.8072758238200961,True,False,False,True
BF181,16,8.0,12904.0,12908.0,4.0,-0.02942485676383955,0.0,0.0,0.0,2.4488456664903517,False,False,False,True
BF181,16,9.0,12908.0,12912.0,4.0,0.44603103686604045,0.0,0.0,0.0,3.647748753489939,False,False,False,True
BF181,16,10.0,12912.0,12916.0,4.0,-0.1643043976995098,0.0,0.0,0.0,2.3630302470222064,False,False,False,True
BF181,16,11.0,12916.0,12920.0,4.0,-0.273607486835007,0.0,0.0,0.0,1.385806121814664,False,False,False,True
BF181,16,12.0,12920.0,12924.0,4.0,-0.00676983546960295,0.890625,3.5625,1.0,2.863173771083855,False,True,True,True
BF181,16,13.0,12924.0,12928.0,4.0,0.015572260331394,0.12890625,0.515625,1.0,2.7652482452851626,False,False,False,True
BF181,16,14.0,12928.0,12932.0,4.0,-0.1548807449574487,0.0,0.0,0.0,7.234382881699894,False,False,False,True
BF181,16,15.0,12932.0,12936.0,4.0,0.3874699375011102,0.0,0.0,0.0,1.4839636729511263,False,False,False,True
BF181,16,16.0,12936.0,12940.0,4.0,-0.03196858342955834,0.3955078125,1.58203125,1.0,4.091806938750097,False,False,False,True
BF181,16,17.0,12940.0,12944.0,4.0,0.0055135846324293,1.0,4.0,2.0,3.4667643499916228,False,True,True,True
BF181,16,19.0,12948.0,12952.0,4.0,-0.19252593679920987,0.0,0.0,0.0,5.688689869633183,False,False,False,True
BF181,16,20.0,12952.0,12956.0,4.0,-0.1972927389438434,0.0,0.0,0.0,1.9140524454419303,False,False,False,True
BF181,17,0.0,14612.0,14616.0,4.0,-0.1870672110274253,0.0,0.0,0.0,2.04019641344449,False,False,False,True
BF181,17,1.0,14616.0,14620.0,4.0,0.4348115547892263,0.0,0.0,0.0,2.385159838289839,False,False,False,True
BF181,17,2.0,14620.0,14624.0,4.0,-0.2479042141637398,0.0,0.0,0.0,2.493147784082112,False,False,False,True
BF181,17,3.0,14624.0,14628.0,4.0,0.3332518730068388,0.0,0.0,0.0,3.74238224161304,False,False,False,True
BF181,17,4.0,14628.0,14632.0,4.0,0.2871468616582954,0.0,0.0,0.0,1.7261670733132763,False,False,False,True
BF181,17,8.0,14644.0,14648.0,4.0,0.0524919904934332,0.0,0.0,0.0,2.239005620326291,False,False,False,True
BF181,17,9.0,14648.0,14652.0,4.0,0.15569227458168525,1.0,4.0,1.0,3.820594608058304,False,True,True,True
BF181,17,10.0,14652.0,14656.0,4.0,0.259356610419595,0.53125,2.125,2.0,1.54760955106469,False,False,False,True
BF181,17,11.0,14656.0,14660.0,4.0,0.025688144379314,0.7216796875,2.88671875,1.0,1.676879164805544,False,False,False,True
BF181,17,12.0,14660.0,14664.0,4.0,0.0229223425386316,0.0,0.0,0.0,1.5855646614218013,False,False,False,True
BF181,17,13.0,14664.0,14668.0,4.0,-0.3125449228285271,0.0,0.0,0.0,3.9444487602752014,False,False,False,True
BF181,17,14.0,14668.0,14672.0,4.0,0.2185381715679908,0.0,0.0,0.0,4.255302592144895,False,False,False,True
BF181,17,15.0,14672.0,14676.0,4.0,0.3587697346442943,0.0,0.0,0.0,1.4952662899996771,False,False,False,True
BF181,17,16.0,14676.0,14680.0,4.0,-0.4105322358313241,0.0,0.0,0.0,3.2477325613943773,False,False,False,True
BF181,17,18.0,14684.0,14688.0,4.0,0.01350912191132205,0.0,0.0,0.0,2.3971266700198326,False,False,False,True
BF181,17,19.0,14688.0,14692.0,4.0,0.4380259542069876,0.0,0.0,0.0,2.957908770595791,False,False,False,True
BF181,17,20.0,14692.0,14696.0,4.0,0.11837392248986164,0.0,0.0,0.0,2.090992587044854,False,False,False,True
BF181,18,0.0,15062.0,15066.0,4.0,-0.0393936876593728,0.0,0.0,0.0,2.423461881251767,False,False,False,True
BF181,18,1.0,15066.0,15070.0,4.0,0.1382290552262965,0.0810546875,0.32421875,1.0,1.9255175057116596,False,False,False,True
BF181,18,2.0,15070.0,15074.0,4.0,0.5963881479895229,0.6904296875,2.76171875,1.0,1.981527932219132,,False,False,True
BF181,18,3.0,15074.0,15078.0,4.0,0.492948137326656,0.0,0.0,0.0,2.2633308119446505,False,False,False,True
BF181,18,4.0,15078.0,15082.0,4.0,0.2900034883602304,0.0,0.0,0.0,1.4880150867563178,False,False,False,True
BF181,18,6.0,15086.0,15090.0,4.0,-0.0319070990801629,0.0,0.0,0.0,1.9952020494120024,False,False,False,True
BF181,18,7.0,15090.0,15094.0,4.0,0.4000780304292001,0.0,0.0,0.0,2.433323977784992,False,False,False,True
BF181,18,8.0,15094.0,15098.0,4.0,-0.06679690251942749,0.0,0.0,0.0,1.948816411447412,False,False,False,True
BF181,18,9.0,15098.0,15102.0,4.0,0.0026666655899295,0.90234375,3.609375,1.0,1.5474174484573988,,True,True,True
BF181,18,10.0,15102.0,15106.0,4.0,0.0436174022409093,0.0,0.0,0.0,3.579308704536829,False,False,False,True
BF181,18,11.0,15106.0,15110.0,4.0,0.0862376605606865,0.830078125,3.3203125,1.0,1.6279913200143068,False,True,True,True
BF181,18,12.0,15110.0,15114.0,4.0,0.05594282430067919,1.0,4.0,1.0,2.2303457065682366,False,True,True,True
BF181,18,13.0,15114.0,15118.0,4.0,0.31100466103794133,1.0,4.0,1.0,1.412994963482208,False,True,True,True
BF181,18,14.0,15118.0,15122.0,4.0,0.2064431118971432,0.0,0.0,0.0,1.2720726637702084,True,False,False,True
BF181,18,15.0,15122.0,15126.0,4.0,0.4592121208741486,0.0,0.0,0.0,1.9120474631053188,False,False,False,True
BF181,18,16.0,15126.0,15130.0,4.0,-0.3625599812737916,0.0,0.0,0.0,1.5107089566975065,False,False,False,True
BF181,18,17.0,15130.0,15134.0,4.0,0.02676625334536839,0.0,0.0,0.0,2.3466531692839845,False,False,False,True
BF181,18,18.0,15134.0,15138.0,4.0,0.34407982156886535,0.0,0.0,0.0,2.0624600534168467,False,False,False,True
BF181,18,19.0,15138.0,15142.0,4.0,-0.0353055106752148,0.0,0.0,0.0,1.4242896354096124,False,False,False,True
BF181,18,20.0,15142.0,15146.0,4.0,-0.1294381673758874,0.0,0.0,0.0,1.3795917793033483,False,False,False,True
BF181,18,21.0,15146.0,15150.0,4.0,-0.0421578166151469,0.0,0.0,0.0,1.6701042611335646,False,False,False,True
BF181,18,22.0,15150.0,15154.0,4.0,0.2525620940890389,0.0,0.0,0.0,1.7207620791966252,False,False,False,True
BF181,18,23.0,15154.0,15158.0,4.0,0.2492841734113189,0.0,0.0,0.0,2.748462745798004,False,False,False,True
BF181,18,24.0,15158.0,15162.0,4.0,-0.17265132274311967,1.0,4.0,1.0,3.1801227634771507,False,True,True,True
BF181,18,25.0,15162.0,15166.0,4.0,-0.14492209866550498,1.0,4.0,1.0,3.3004977459098193,False,True,True,True
BF181,18,26.0,15166.0,15170.0,4.0,0.22841829174194794,0.4287109375,1.71484375,2.0,1.4395007802188053,False,False,False,True
BF181,18,27.0,15170.0,15174.0,4.0,0.3120712385373292,0.0,0.0,0.0,1.3417316949096938,False,False,False,True
BF181,18,28.0,15174.0,15178.0,4.0,0.0461996073592273,0.0,0.0,0.0,1.707617415921736,False,False,False,True
BF181,18,29.0,15178.0,15182.0,4.0,-0.3200527455783157,0.0,0.0,0.0,2.0395392212804384,False,False,False,True
BF181,18,30.0,15182.0,15186.0,4.0,-0.50756692855341,0.0,0.0,0.0,1.4759239221925942,False,False,False,True
BF181,18,35.0,15202.0,15206.0,4.0,0.0873003522969866,0.572265625,2.2890625,1.0,2.671413943719596,False,False,False,True
BF181,18,36.0,15206.0,15210.0,4.0,0.0474982483080824,0.3984375,1.59375,1.0,3.056677477854221,False,False,False,True
BF181,18,39.0,15218.0,15222.0,4.0,0.4270319244718299,0.0,0.0,0.0,1.7778205749047538,False,False,False,True
BF181,18,41.0,15226.0,15230.0,4.0,0.1112927082518621,0.0,0.0,0.0,4.668675699999918,False,False,False,True
BF181,18,42.0,15230.0,15234.0,4.0,0.26705794358283746,0.0,0.0,0.0,2.305747931690189,False,False,False,True
BF181,18,43.0,15234.0,15238.0,4.0,0.3558527610533782,0.0,0.0,0.0,1.5466526718505051,False,False,False,True
BF181,18,44.0,15238.0,15242.0,4.0,0.2411049803091726,0.4814453125,1.92578125,1.0,1.462388784864716,False,False,False,True
BF181,18,45.0,15242.0,15246.0,4.0,0.1265719910930942,0.9306640625,3.72265625,2.0,2.1241223066544603,False,True,True,True
BF181,18,46.0,15246.0,15250.0,4.0,0.1732923955019437,0.138671875,0.5546875,1.0,1.6643995323407854,False,False,False,True
BF181,18,47.0,15250.0,15254.0,4.0,0.3935653353057966,0.0,0.0,0.0,1.4431840095573505,False,False,False,True
BF181,18,48.0,15254.0,15258.0,4.0,-0.2680322344055312,0.9287109375,3.71484375,1.0,4.451068287914937,True,True,True,True
BF181,18,51.0,15266.0,15270.0,4.0,0.2654849143713435,0.0,0.0,0.0,2.8910912247837746,False,False,False,True
BF181,18,53.0,15274.0,15278.0,4.0,-0.1830495220624924,0.0,0.0,0.0,5.236876002889907,False,False,False,True
BF181,18,57.0,15290.0,15294.0,4.0,-0.13118919632715484,0.0,0.0,0.0,4.306846084044686,False,False,False,True
BF181,18,58.0,15294.0,15298.0,4.0,-0.2064171684443839,0.0,0.0,0.0,1.9082965717067872,False,False,False,True
BF181,18,61.0,15306.0,15310.0,4.0,0.4486702310797163,0.0,0.0,0.0,2.3857218442469104,False,False,False,True
BF181,18,63.0,15314.0,15318.0,4.0,0.11404199991749231,1.0,4.0,2.0,3.8099684325157916,False,True,True,True
BF181,18,64.0,15318.0,15322.0,4.0,0.2122155485043941,1.0,4.0,2.0,2.555074210850191,False,True,True,True
BF181,18,65.0,15322.0,15326.0,4.0,-0.40010615551283035,0.052734375,0.2109375,1.0,2.410720047026203,False,False,False,True
BF181,19,1.0,15576.0,15580.0,4.0,0.0778377391450666,0.0,0.0,0.0,3.4343272168555274,False,False,False,True
BF181,19,2.0,15580.0,15584.0,4.0,-0.021848918933681752,0.0,0.0,0.0,2.052792672986952,False,False,False,True
BF181,19,4.0,15588.0,15592.0,4.0,-0.1257091650771638,0.0,0.0,0.0,0.8351710830260294,True,False,False,True
BF181,19,6.0,15596.0,15600.0,4.0,-0.16493299117452578,0.0,0.0,0.0,3.6153211737344804,False,False,False,True
BF181,19,7.0,15600.0,15604.0,4.0,-0.0035849476852123,0.0,0.0,0.0,0.6218248561554607,True,False,False,True
BF181,19,10.0,15612.0,15616.0,4.0,0.0669316598143973,0.0,0.0,0.0,4.895197719077069,False,False,False,True
BF181,19,13.0,15624.0,15628.0,4.0,-0.3762980718899091,0.0,0.0,0.0,4.9018625851434425,False,False,False,True
BF181,19,14.0,15628.0,15632.0,4.0,0.5293314280281652,0.0,0.0,0.0,5.457920185886128,False,False,False,True
BF181,19,15.0,15632.0,15636.0,4.0,-0.2402862835255546,0.0,0.0,0.0,0.6749646637673581,True,False,False,True
BF181,19,16.0,15636.0,15640.0,4.0,-0.067139537888663,0.0,0.0,0.0,1.6422208190300631,False,False,False,True
BF181,19,17.0,15640.0,15644.0,4.0,-0.1340712780040594,0.0,0.0,0.0,2.763919293152917,False,False,False,True
BF181,19,18.0,15644.0,15648.0,4.0,-0.1001350793241723,0.0,0.0,0.0,0.8347328675373706,True,False,False,True
BF181,19,19.0,15648.0,15652.0,4.0,-0.4592693699799506,0.0,0.0,0.0,4.39308656940946,False,False,False,True
BF181,19,20.0,15652.0,15656.0,4.0,0.0698308450086435,0.6328125,2.53125,1.0,1.4083908429925638,False,False,False,True
BF181,19,21.0,15656.0,15660.0,4.0,-0.0746311523161623,1.0,4.0,1.0,1.5682195909075072,False,True,True,True
BF181,19,22.0,15660.0,15664.0,4.0,0.3731468934283631,1.0,4.0,1.0,7.802363202219034,,True,True,True
BF181,19,23.0,15664.0,15668.0,4.0,-0.3215884913249092,0.34375,1.375,1.0,4.97866023374076,True,False,False,True
BF181,19,24.0,15668.0,15672.0,4.0,0.0003151030415076972,0.0,0.0,0.0,3.675325280177894,False,False,False,True
BF181,19,25.0,15672.0,15676.0,4.0,-0.0731989834493013,0.0,0.0,0.0,1.699637602248119,True,False,False,True
BF181,19,26.0,15676.0,15680.0,4.0,0.00421099680422,0.0,0.0,0.0,1.688438239471214,False,False,False,True
BF181,19,27.0,15680.0,15684.0,4.0,0.1743186188314867,0.0,0.0,0.0,1.0753237314441175,True,False,False,True
BF181,19,28.0,15684.0,15688.0,4.0,-0.355676343451636,0.0,0.0,0.0,0.7104626318444581,True,False,False,True
BF181,20,1.0,15786.0,15790.0,4.0,-0.4091433289118332,0.0,0.0,0.0,2.938099193690221,False,False,False,True
BF181,20,4.0,15798.0,15802.0,4.0,-0.3664258865910872,0.0,0.0,0.0,3.5384992473297565,False,False,False,True
BF181,20,6.0,15806.0,15810.0,4.0,0.0315286945163754,1.0,4.0,1.0,2.1314132655511595,,True,True,True
BF181,20,7.0,15810.0,15814.0,4.0,0.026131605185534,0.1162109375,0.46484375,1.0,0.5689964050243809,True,False,False,True
BF181,20,9.0,15818.0,15822.0,4.0,0.36148774006011314,0.0,0.0,0.0,3.017021520933828,False,False,False,True
BF181,20,10.0,15822.0,15826.0,4.0,-0.0402127086080602,0.4091796875,1.63671875,1.0,3.16466987822087,False,False,False,True
BF181,20,11.0,15826.0,15830.0,4.0,-0.29818910854730785,0.0,0.0,0.0,2.497645191782711,False,False,False,True
BF181,20,12.0,15830.0,15834.0,4.0,-0.0502448592185665,0.0,0.0,0.0,2.2107628485053588,False,False,False,True
BF181,20,13.0,15834.0,15838.0,4.0,0.3772452222608241,0.0,0.0,0.0,1.9994901498845783,False,False,False,True
BF181,20,14.0,15838.0,15842.0,4.0,0.2200860218842424,0.0,0.0,0.0,4.072855143774299,False,False,False,True
BF181,20,15.0,15842.0,15846.0,4.0,-0.03207736534732225,0.0,0.0,0.0,2.696084400533361,False,False,False,True
BF181,20,16.0,15846.0,15850.0,4.0,0.2980807565229281,0.0,0.0,0.0,2.9766614391145936,False,False,False,True
BF181,20,17.0,15850.0,15854.0,4.0,-0.4993029529576156,0.0,0.0,0.0,2.1561940069116945,False,False,False,True
BF181,20,18.0,15854.0,15858.0,4.0,0.3569115425322661,0.0,0.0,0.0,1.80257359824772,False,False,False,True
BF181,20,19.0,15858.0,15862.0,4.0,0.3656484149722466,0.0,0.0,0.0,2.581026968969677,False,False,False,True
BF181,20,20.0,15862.0,15866.0,4.0,-0.0462820168250395,0.0,0.0,0.0,1.4370739563272399,False,False,False,True
BF181,20,21.0,15866.0,15870.0,4.0,-0.17686223525671216,0.0,0.0,0.0,3.197643194617748,False,False,False,True
BF181,20,22.0,15870.0,15874.0,4.0,0.0720204651762214,0.0,0.0,0.0,1.7067164145389335,False,False,False,True
BF181,20,23.0,15874.0,15878.0,4.0,0.6487322839643609,0.0,0.0,0.0,1.325615440056226,False,False,False,True
BF181,20,24.0,15878.0,15882.0,4.0,0.162940248512081,0.0,0.0,0.0,2.1104995926030767,False,False,False,True
BF181,20,25.0,15882.0,15886.0,4.0,-0.3338127132086824,0.0,0.0,0.0,1.7995164955277818,False,False,False,True
BF181,20,26.0,15886.0,15890.0,4.0,0.19465494685792478,0.0,0.0,0.0,3.094727683829799,False,False,False,True
BF181,20,29.0,15898.0,15902.0,4.0,-0.018322929562158946,0.9345703125,3.73828125,1.0,3.2233157020902943,False,True,True,True
BF181,20,30.0,15902.0,15906.0,4.0,0.1782648147366645,0.0,0.0,0.0,1.4186079791716597,False,False,False,True
BF181,20,31.0,15906.0,15910.0,4.0,-0.2754477353447898,0.0,0.0,0.0,2.504629437893241,False,False,False,True
BF181,20,32.0,15910.0,15914.0,4.0,0.008114868784177597,0.0,0.0,0.0,1.9840990466529367,False,False,False,True
BF181,20,33.0,15914.0,15918.0,4.0,-0.08046953660694206,0.0,0.0,0.0,1.6547262842758808,False,False,False,True
BF181,20,34.0,15918.0,15922.0,4.0,0.053994962398931,0.0,0.0,0.0,1.3932991978109794,False,False,False,True
BF181,20,35.0,15922.0,15926.0,4.0,0.2942180939004478,0.0,0.0,0.0,1.8560618784154803,False,False,False,True
BF181,20,36.0,15926.0,15930.0,4.0,-0.1200954539752267,0.0,0.0,0.0,1.5778285639367315,False,False,False,True
BF181,20,37.0,15930.0,15934.0,4.0,0.06787497062257736,0.0,0.0,0.0,1.993781773573841,False,False,False,True
BF181,20,38.0,15934.0,15938.0,4.0,0.411397800384923,0.0,0.0,0.0,1.382065325966943,False,False,False,True
BF181,20,39.0,15938.0,15942.0,4.0,0.2120238441317707,0.314453125,1.2578125,1.0,1.485504189729454,False,False,False,True
BF181,20,40.0,15942.0,15946.0,4.0,0.03419147942254465,1.0,4.0,2.0,3.9633138524318694,False,True,True,True
BF181,20,41.0,15946.0,15950.0,4.0,-0.12818859492520795,0.8447265625,3.37890625,1.0,3.4269788337346783,False,True,True,True
BF181,20,42.0,15950.0,15954.0,4.0,-0.1723467058512088,0.0,0.0,0.0,0.6721123617411573,True,False,False,True
BF181,20,43.0,15954.0,15958.0,4.0,0.10512750935889935,0.369140625,1.4765625,1.0,1.7802606642980643,False,False,False,True
BF181,20,45.0,15962.0,15966.0,4.0,0.0712865513245243,0.0,0.0,0.0,1.3462741459692893,False,False,False,True
BF181,20,46.0,15966.0,15970.0,4.0,-0.06230779787860226,0.0,0.0,0.0,2.8773569348826773,False,False,False,True
BF181,20,47.0,15970.0,15974.0,4.0,0.3583660735343905,0.0,0.0,0.0,1.7650462788126644,False,False,False,True
BF181,20,48.0,15974.0,15978.0,4.0,0.0122871755156537,0.0,0.0,0.0,1.6066301684552324,False,False,False,True
BF181,20,49.0,15978.0,15982.0,4.0,0.2582394299025481,0.0,0.0,0.0,3.656424036810436,False,False,False,True
BF181,20,50.0,15982.0,15986.0,4.0,-0.1112334378435568,0.0,0.0,0.0,5.227053708129356,False,False,False,True
BF181,21,0.0,16052.0,16056.0,4.0,-0.29801461900544035,0.0,0.0,0.0,2.4068029207261303,False,False,False,True
BF181,21,1.0,16056.0,16060.0,4.0,-0.16895397551634225,0.0,0.0,0.0,3.179448174112016,False,False,False,True
BF181,21,2.0,16060.0,16064.0,4.0,0.34075708717852327,0.0,0.0,0.0,2.594155896089121,False,False,False,True
BF181,21,3.0,16064.0,16068.0,4.0,0.3227615292767143,0.0,0.0,0.0,3.202025941182431,False,False,False,True
BF181,21,5.0,16072.0,16076.0,4.0,-0.0279400072601347,0.0,0.0,0.0,1.4790783368707057,False,False,False,True
BF181,21,6.0,16076.0,16080.0,4.0,-0.2011408331317707,0.0,0.0,0.0,4.441195605019833,False,False,False,True
BF181,21,7.0,16080.0,16084.0,4.0,0.02336227381077375,0.0,0.0,0.0,3.2884353038487495,False,False,False,True
BF181,21,8.0,16084.0,16088.0,4.0,0.1753897651270798,0.0,0.0,0.0,1.3816773880947757,False,False,False,True
BF181,21,9.0,16088.0,16092.0,4.0,0.253831078050758,0.0,0.0,0.0,8.548575120098704,False,False,False,True
BF181,21,11.0,16096.0,16100.0,4.0,0.0372741374508142,0.0,0.0,0.0,1.7422658287976494,False,False,False,True
BF181,21,12.0,16100.0,16104.0,4.0,-0.1732033131111024,0.0,0.0,0.0,1.310317025801621,False,False,False,True
BF181,21,13.0,16104.0,16108.0,4.0,-0.0071096867967548,0.0,0.0,0.0,4.637138252329412,False,False,False,True
BF181,21,15.0,16112.0,16116.0,4.0,-0.1670225173756663,0.0,0.0,0.0,0.4551673019056889,True,False,False,True
BF181,21,16.0,16116.0,16120.0,4.0,0.14287850359510149,0.0,0.0,0.0,8.488488293446032,False,False,False,True
BF181,21,17.0,16120.0,16124.0,4.0,0.10509193544236865,0.0,0.0,0.0,1.8654296901983096,False,False,False,True
BF181,21,18.0,16124.0,16128.0,4.0,-0.1895286426361802,0.0,0.0,0.0,1.396136590894178,False,False,False,True
BF181,21,20.0,16132.0,16136.0,4.0,-0.24400147944726125,0.712890625,2.8515625,1.0,2.5763039563204693,False,False,False,True
BF181,21,21.0,16136.0,16140.0,4.0,-0.0699229975257115,0.0,0.0,0.0,1.573807933576749,False,False,False,True
BF181,21,22.0,16140.0,16144.0,4.0,-0.2757744171947922,0.0,0.0,0.0,7.75250062246826,False,False,False,True
BF181,21,25.0,16152.0,16156.0,4.0,0.0946732880867249,0.0,0.0,0.0,5.05015720370764,False,False,False,True
BF181,21,27.0,16160.0,16164.0,4.0,0.2117013599053807,0.0,0.0,0.0,2.838180469029,False,False,False,True
BF181,21,28.0,16164.0,16168.0,4.0,-0.5733159433355149,0.0,0.0,0.0,2.228777682924785,False,False,False,True
BF181,21,29.0,16168.0,16172.0,4.0,0.4522780930161952,0.0,0.0,0.0,1.4642889779959145,False,False,False,True
BF181,21,30.0,16172.0,16176.0,4.0,0.051604268587138895,0.0,0.0,0.0,3.064437292987279,False,False,False,True
BF181,21,31.0,16176.0,16180.0,4.0,0.1336166583977644,0.0,0.0,0.0,2.450121688776875,False,False,False,True
BF181,21,32.0,16180.0,16184.0,4.0,0.42926016025472735,0.0,0.0,0.0,13.506896470643051,False,False,False,True
BF181,21,33.0,16184.0,16188.0,4.0,0.18130810866967395,0.0,0.0,0.0,3.776928724481161,False,False,False,True
BF181,21,34.0,16188.0,16192.0,4.0,-0.11164374224103085,0.0,0.0,0.0,2.5361807674756065,False,False,False,True
BF181,21,35.0,16192.0,16196.0,4.0,0.1747266146709338,0.0,0.0,0.0,3.156007733166386,False,False,False,True
BF181,21,36.0,16196.0,16200.0,4.0,-0.1668925052801077,0.0,0.0,0.0,1.4617934038547058,False,False,False,True
BF181,21,37.0,16200.0,16204.0,4.0,0.3715916627955477,0.7080078125,2.83203125,1.0,8.902282070616202,False,False,False,True
BF181,21,38.0,16204.0,16208.0,4.0,-0.0187366206787041,0.2880859375,1.15234375,1.0,2.866449429811603,True,False,False,True
BF181,21,39.0,16208.0,16212.0,4.0,0.2178918578236813,0.0,0.0,0.0,4.42422730385651,False,False,False,True
BF181,21,40.0,16212.0,16216.0,4.0,0.1288164648060881,0.0,0.0,0.0,1.636454823043815,False,False,False,True
BF181,21,41.0,16216.0,16220.0,4.0,-0.3593438744762082,0.0,0.0,0.0,2.9113758160896106,False,False,False,True
BF181,21,42.0,16220.0,16224.0,4.0,0.1486417063449059,0.0,0.0,0.0,1.479621590728749,False,False,False,True
BF181,21,43.0,16224.0,16228.0,4.0,0.5025405106580891,0.0,0.0,0.0,10.232719281112573,False,False,False,True
BF181,21,44.0,16228.0,16232.0,4.0,0.053842251591383644,0.0,0.0,0.0,1.6616092825157374,False,False,False,True
BF181,21,47.0,16240.0,16244.0,4.0,-0.10947650836059965,0.0,0.0,0.0,5.549285198607014,False,False,False,True
BF181,21,49.0,16248.0,16252.0,4.0,0.4451852969469542,0.0,0.0,0.0,2.9912232526474467,False,False,False,True
BF181,21,50.0,16252.0,16256.0,4.0,-0.3413558148470077,0.0,0.0,0.0,1.7695619408683236,False,False,False,True
BF181,21,51.0,16256.0,16260.0,4.0,-0.2200098882329028,0.0,0.0,0.0,1.5621081038857332,False,False,False,True
BF181,21,53.0,16264.0,16268.0,4.0,-0.11854104306742336,0.0,0.0,0.0,5.131772626378715,False,False,False,True
BF181,21,54.0,16268.0,16272.0,4.0,0.1930296014647,0.0,0.0,0.0,3.459511806985449,False,False,False,True
BF181,21,55.0,16272.0,16276.0,4.0,-0.21500294648174714,0.0,0.0,0.0,1.6167893913774,False,False,False,True
BF181,21,56.0,16276.0,16280.0,4.0,0.0968481561221448,0.0,0.0,0.0,4.052209406165002,False,False,False,True
BF181,21,57.0,16280.0,16284.0,4.0,0.0313854315689918,0.0,0.0,0.0,2.196247909792865,False,False,False,True
BF181,21,60.0,16292.0,16296.0,4.0,0.04312661043365895,0.0,0.0,0.0,4.557480735163448,False,False,False,True
BF181,21,61.0,16296.0,16300.0,4.0,-0.1414579963850935,0.0,0.0,0.0,2.9026805640818405,False,False,False,True
BF181,21,62.0,16300.0,16304.0,4.0,-0.14615061857944364,0.0,0.0,0.0,2.0683692331091175,False,False,False,True
BF181,21,63.0,16304.0,16308.0,4.0,-0.027072812146054,0.0,0.0,0.0,1.5458974381264874,False,False,False,True
BF181,21,64.0,16308.0,16312.0,4.0,-0.27378936097213796,0.0,0.0,0.0,4.354546477158453,False,False,False,True
BF181,21,65.0,16312.0,16316.0,4.0,0.154602079947229,0.0,0.0,0.0,3.5506926275699215,False,False,False,True
BF181,21,66.0,16316.0,16320.0,4.0,0.1767611000711153,0.0,0.0,0.0,2.1881521655489657,False,False,False,True
BF181,21,67.0,16320.0,16324.0,4.0,0.2313303591508162,0.3134765625,1.25390625,1.0,1.6584278974044675,False,False,False,True
BF181,21,68.0,16324.0,16328.0,4.0,-0.2168847364707824,0.0,0.0,0.0,2.128564336896172,False,False,False,True
BF181,21,70.0,16332.0,16336.0,4.0,0.2160076920764856,0.0,0.0,0.0,3.198473407337431,False,False,False,True
BF181,21,71.0,16336.0,16340.0,4.0,0.1581792621690896,0.0,0.0,0.0,1.7281323971674751,False,False,False,True
BF181,21,72.0,16340.0,16344.0,4.0,-0.4706175738299059,0.0,0.0,0.0,2.0340068463663283,False,False,False,True
BF181,21,73.0,16344.0,16348.0,4.0,-0.1485539826565614,0.0,0.0,0.0,4.701741749935078,False,False,False,True
BF181,21,74.0,16348.0,16352.0,4.0,0.634689061800043,0.0,0.0,0.0,1.4663460060345743,False,False,False,True
BF181,21,75.0,16352.0,16356.0,4.0,-0.2348980990618276,0.0,0.0,0.0,3.573749301960661,False,False,False,True
BF181,21,76.0,16356.0,16360.0,4.0,0.2460552059463804,0.0,0.0,0.0,1.6452958128456712,False,False,False,True
BF181,21,77.0,16360.0,16364.0,4.0,-0.21139045058885955,0.0,0.0,0.0,3.007003992240677,False,False,False,True
BF181,21,78.0,16364.0,16368.0,4.0,0.0900056909952829,0.0,0.0,0.0,2.0855460095441742,False,False,False,True
BF181,21,79.0,16368.0,16372.0,4.0,-0.1632753170882563,0.0,0.0,0.0,1.3738172035064389,False,False,False,True
BF181,21,80.0,16372.0,16376.0,4.0,0.5251901411253094,0.0,0.0,0.0,1.8818337452865035,False,False,False,True
BF181,21,81.0,16376.0,16380.0,4.0,0.1480460917150179,0.0,0.0,0.0,7.572064081657271,False,False,False,True
BF181,21,82.0,16380.0,16384.0,4.0,0.0390046694341468,0.9013671875,3.60546875,1.0,3.2388787045821035,False,True,True,True
BF181,21,83.0,16384.0,16388.0,4.0,-0.01845953855263325,0.37890625,1.515625,1.0,1.9627321787569556,False,False,False,True
BF181,21,84.0,16388.0,16392.0,4.0,0.122800373330594,0.0,0.0,0.0,3.8775600296584622,False,False,False,True
BF181,21,85.0,16392.0,16396.0,4.0,-0.1339375505983375,0.0,0.0,0.0,3.1195076760280784,False,False,False,True
BF181,21,86.0,16396.0,16400.0,4.0,0.1377118744491072,0.0,0.0,0.0,4.89673782991308,False,False,False,True
BF181,21,87.0,16400.0,16404.0,4.0,-0.2421589073882633,0.0,0.0,0.0,2.75459885481384,False,False,False,True
BF181,21,88.0,16404.0,16408.0,4.0,-0.1250234167595531,0.0,0.0,0.0,1.4186292920029369,False,False,False,True
BF181,21,89.0,16408.0,16412.0,4.0,0.0187738583727652,0.0,0.0,0.0,2.4469744233104027,False,False,False,True
BF181,21,90.0,16412.0,16416.0,4.0,-0.1823468634639869,0.0,0.0,0.0,2.1391016824036666,False,False,False,True
BF181,21,91.0,16416.0,16420.0,4.0,-0.2897392952541663,0.0,0.0,0.0,4.6894382404306345,False,False,False,True
BF181,21,93.0,16424.0,16428.0,4.0,-0.1064200000936235,0.0,0.0,0.0,4.921962652429474,False,False,False,True
BF181,21,94.0,16428.0,16432.0,4.0,0.03751102521097285,0.0,0.0,0.0,1.7240032501513116,False,False,False,True
BF181,21,95.0,16432.0,16436.0,4.0,-0.30120278266933265,0.0,0.0,0.0,2.6820830284547523,False,False,False,True
BF181,21,96.0,16436.0,16440.0,4.0,-0.1510877905367896,0.0,0.0,0.0,2.6005588147750176,False,False,False,True
BF181,21,97.0,16440.0,16444.0,4.0,-0.4298669020277077,0.0,0.0,0.0,1.966468425655212,False,False,False,True
BF181,21,98.0,16444.0,16448.0,4.0,-0.2159285848522787,0.0,0.0,0.0,2.327296757469922,False,False,False,True
BF181,21,99.0,16448.0,16452.0,4.0,-0.098688695935546,0.0,0.0,0.0,2.5051897648253294,False,False,False,True
BF181,21,100.0,16452.0,16456.0,4.0,-0.23703600578021317,0.0,0.0,0.0,1.722143924493333,False,False,False,True
BF181,21,101.0,16456.0,16460.0,4.0,0.1303430346049986,0.0,0.0,0.0,1.5284003272807938,False,False,False,True
BF181,21,102.0,16460.0,16464.0,4.0,-0.0031059109612215,0.0,0.0,0.0,1.6969523990548414,False,False,False,True
BF181,21,103.0,16464.0,16468.0,4.0,0.10101658014993126,0.0,0.0,0.0,2.7690681081061572,False,False,False,True
BF181,21,104.0,16468.0,16472.0,4.0,-0.2795692275086178,0.0,0.0,0.0,2.62592973748362,False,False,False,True
BF181,21,105.0,16472.0,16476.0,4.0,-0.38017511318687836,0.0,0.0,0.0,1.7501785168223867,False,False,False,True
BF181,21,106.0,16476.0,16480.0,4.0,0.1806668019633922,0.0,0.0,0.0,2.1861339928864285,False,False,False,True
BF181,21,107.0,16480.0,16484.0,4.0,0.1226710266766707,0.0,0.0,0.0,1.7660514124847893,False,False,False,True
BF181,21,108.0,16484.0,16488.0,4.0,-0.06653799630934032,0.0,0.0,0.0,8.313266292116955,False,False,False,True
BF181,21,109.0,16488.0,16492.0,4.0,0.3214940821151849,0.0,0.0,0.0,1.6459573605413875,False,False,False,True
BF181,21,110.0,16492.0,16496.0,4.0,-0.21855889030054054,0.0,0.0,0.0,2.5807893199596506,False,False,False,True
BF181,21,111.0,16496.0,16500.0,4.0,0.22553562589530654,0.0,0.0,0.0,1.7620845027217311,False,False,False,True
BF181,21,112.0,16500.0,16504.0,4.0,0.082132286695572,0.0,0.0,0.0,1.82213520926343,False,False,False,True
BF181,21,113.0,16504.0,16508.0,4.0,-0.0064532203266452,0.0,0.0,0.0,2.31314727167325,False,False,False,True
BF181,21,114.0,16508.0,16512.0,4.0,-0.4969234790499798,0.1591796875,0.63671875,1.0,1.9363708682787963,False,False,False,True
BF181,21,115.0,16512.0,16516.0,4.0,-0.0443473306075682,1.0,4.0,1.0,3.4856745854328324,False,True,True,True
BF181,21,116.0,16516.0,16520.0,4.0,0.35346913049558837,0.0,0.0,0.0,1.5574232993922839,False,False,False,True
BF181,21,117.0,16520.0,16524.0,4.0,0.1203967168107374,0.0,0.0,0.0,1.6212158827698728,False,False,False,True
BF181,21,118.0,16524.0,16528.0,4.0,-0.2809073988196916,0.0,0.0,0.0,6.518927821305758,False,False,False,True
BF181,21,119.0,16528.0,16532.0,4.0,-0.1431748447860304,0.0,0.0,0.0,1.852923200721263,False,False,False,True
BF181,21,120.0,16532.0,16536.0,4.0,0.0949104974000665,0.0,0.0,0.0,2.319583110806166,False,False,False,True
BF181,21,121.0,16536.0,16540.0,4.0,0.3125549408010212,0.0,0.0,0.0,2.614788946189186,False,False,False,True
BF181,21,122.0,16540.0,16544.0,4.0,-0.0719604650248601,0.0,0.0,0.0,2.3530060685755765,False,False,False,True
BF181,21,123.0,16544.0,16548.0,4.0,0.0202189153409273,0.0,0.0,0.0,1.7644586690376416,False,False,False,True
BF181,21,124.0,16548.0,16552.0,4.0,-0.002377429791701191,0.0,0.0,0.0,2.5501027562902663,False,False,False,True
BF181,21,125.0,16552.0,16556.0,4.0,0.1684218283137116,0.0,0.0,0.0,0.7991255373664153,True,False,False,True
BF181,21,126.0,16556.0,16560.0,4.0,-0.0674851245939356,0.0,0.0,0.0,1.5856125996753367,False,False,False,True
BF181,21,127.0,16560.0,16564.0,4.0,-0.2891284395743706,0.0,0.0,0.0,5.598809269955035,False,False,False,True
BF181,21,128.0,16564.0,16568.0,4.0,0.099270744090582,0.0,0.0,0.0,1.6570936427182998,False,False,False,True
BF181,21,129.0,16568.0,16572.0,4.0,0.3832596574374879,0.0,0.0,0.0,1.6530367536424773,False,False,False,True
BF181,21,130.0,16572.0,16576.0,4.0,-0.3143789607870012,0.0,0.0,0.0,7.3133420079410305,False,False,False,True
BF181,21,131.0,16576.0,16580.0,4.0,-0.013639898279183105,0.0,0.0,0.0,2.4420007077030403,False,False,False,True
BF181,21,132.0,16580.0,16584.0,4.0,-0.0370757549244345,0.0,0.0,0.0,2.421718944221772,False,False,False,True
BF181,21,133.0,16584.0,16588.0,4.0,-0.2843621229640663,0.0,0.0,0.0,2.163464099456659,False,False,False,True
BF181,22,0.0,16622.0,16626.0,4.0,-0.1410408928380395,0.0,0.0,0.0,1.8819522778333104,False,False,False,True
BF181,22,1.0,16626.0,16630.0,4.0,-0.0017738156351129,0.0,0.0,0.0,4.422842578913811,False,False,False,True
BF181,22,2.0,16630.0,16634.0,4.0,-0.4575341344357988,0.0,0.0,0.0,2.216818938009354,False,False,False,True
BF181,22,3.0,16634.0,16638.0,4.0,-0.14288951742047035,0.0,0.0,0.0,8.479423293884551,False,False,False,True
BF181,22,4.0,16638.0,16642.0,4.0,-0.1941811249487152,0.0,0.0,0.0,4.68955199648695,False,False,False,True
BF181,22,5.0,16642.0,16646.0,4.0,0.1877755734734273,0.0,0.0,0.0,2.650283607564469,False,False,False,True
BF181,22,6.0,16646.0,16650.0,4.0,0.015514075886263249,0.0,0.0,0.0,3.168024466379262,False,False,False,True
BF181,22,7.0,16650.0,16654.0,4.0,-0.06880294010826825,0.0,0.0,0.0,3.479086486530276,False,False,False,True
BF181,22,8.0,16654.0,16658.0,4.0,-0.08649925316841786,0.0,0.0,0.0,1.8077172829752057,False,False,False,True
BF181,22,9.0,16658.0,16662.0,4.0,-0.2121057208032172,0.0,0.0,0.0,2.170875368657727,False,False,False,True
BF181,22,10.0,16662.0,16666.0,4.0,0.1340212663396978,0.0,0.0,0.0,2.5611653063023,False,False,False,True
BF181,22,11.0,16666.0,16670.0,4.0,0.03190856804773175,0.0,0.0,0.0,1.9050243481514868,False,False,False,True
BF181,22,12.0,16670.0,16674.0,4.0,0.1153615234346398,0.0,0.0,0.0,4.853844442596978,False,False,False,True
BF181,22,13.0,16674.0,16678.0,4.0,0.3529550730249406,0.0,0.0,0.0,1.9489094040650183,False,False,False,True
BF181,23,2.0,17110.0,17114.0,4.0,0.5709071893860403,0.0,0.0,0.0,2.302040514666796,False,False,False,True
BF181,23,4.0,17118.0,17122.0,4.0,0.0721581279353374,0.0,0.0,0.0,0.4639530436796364,True,False,False,True
BF181,23,5.0,17122.0,17126.0,4.0,-0.3072804942124016,0.0,0.0,0.0,6.805301810594484,False,False,False,True
BF181,23,6.0,17126.0,17130.0,4.0,-0.026055267376666247,0.0,0.0,0.0,2.7448760861762995,False,False,False,True
BF181,23,7.0,17130.0,17134.0,4.0,-0.2794461121054989,0.0,0.0,0.0,1.5186290356633212,False,False,False,True
BF181,23,8.0,17134.0,17138.0,4.0,0.2906293129430943,0.0,0.0,0.0,7.803718842691948,False,False,False,True
BF181,23,9.0,17138.0,17142.0,4.0,-0.1151252661091611,0.0,0.0,0.0,6.580834689075902,False,False,False,True
BF181,23,11.0,17146.0,17150.0,4.0,-0.0620037377682716,0.0,0.0,0.0,1.4156941867845376,False,False,False,True
BF181,23,13.0,17154.0,17158.0,4.0,-0.073201336297758,0.0,0.0,0.0,5.548947916129887,False,False,False,True
BF181,23,16.0,17166.0,17170.0,4.0,0.2163322072940659,0.0,0.0,0.0,6.879571901491939,False,False,False,True
BF181,23,19.0,17178.0,17182.0,4.0,0.0815458855278652,0.0,0.0,0.0,0.5831612266303272,True,False,False,True
BF181,23,20.0,17182.0,17186.0,4.0,0.0188744911948582,0.0,0.0,0.0,4.036705056104145,False,False,False,True
BF181,23,21.0,17186.0,17190.0,4.0,0.1999012210908448,0.0,0.0,0.0,4.775429618794145,False,False,False,True
BF181,23,22.0,17190.0,17194.0,4.0,-0.2910111125103251,0.0,0.0,0.0,1.4812182517112245,False,False,False,True
BF181,23,23.0,17194.0,17198.0,4.0,-0.026729475568744,0.0,0.0,0.0,1.6328393225063342,False,False,False,True
BF181,23,24.0,17198.0,17202.0,4.0,-0.129185851183303,0.0,0.0,0.0,3.2108500298006453,False,False,False,True
BF181,23,27.0,17210.0,17214.0,4.0,-0.5601675309238523,0.0,0.0,0.0,3.2075924595882324,False,False,False,True
BF181,23,29.0,17218.0,17222.0,4.0,-0.1325660563209372,0.0,0.0,0.0,3.533771406337485,False,False,False,True
BF181,23,31.0,17226.0,17230.0,4.0,0.09876401780555816,0.0,0.0,0.0,2.440745837955042,False,False,False,True
BF181,23,32.0,17230.0,17234.0,4.0,0.2900258151843292,0.0,0.0,0.0,1.569557180226786,False,False,False,True
BF181,23,34.0,17238.0,17242.0,4.0,0.4974216554785076,0.0,0.0,0.0,4.130125711344408,False,False,False,True
BF181,23,37.0,17250.0,17254.0,4.0,0.1121573808475939,0.0,0.0,0.0,3.3084942661121013,False,False,False,True
BF181,23,38.0,17254.0,17258.0,4.0,-0.0302811079011021,0.0,0.0,0.0,3.750205731552954,False,False,False,True
BF181,23,40.0,17262.0,17266.0,4.0,-0.1272938743117655,0.0,0.0,0.0,1.9795662232026272,False,False,False,True
BF181,23,42.0,17270.0,17274.0,4.0,-0.265645095942487,0.0,0.0,0.0,1.77117103106028,False,False,False,True
BF181,23,43.0,17274.0,17278.0,4.0,-0.3061551700661228,0.0,0.0,0.0,3.566063639948409,False,False,False,True
BF181,23,45.0,17282.0,17286.0,4.0,-0.1271829366782097,0.0,0.0,0.0,2.776750660638184,False,False,False,True
BF181,23,46.0,17286.0,17290.0,4.0,-0.1664208952860226,0.0,0.0,0.0,2.095830378396211,False,False,False,True
BF181,23,47.0,17290.0,17294.0,4.0,-0.1505035596449967,0.0,0.0,0.0,1.6766248137509516,False,False,False,True
BF181,23,48.0,17294.0,17298.0,4.0,0.09751948113729665,0.0,0.0,0.0,3.9179473744940467,False,False,False,True
BF181,23,49.0,17298.0,17302.0,4.0,-0.3626895593292391,0.0,0.0,0.0,3.2413381272157493,False,False,False,True
BF181,23,50.0,17302.0,17306.0,4.0,0.1497417909554089,0.0,0.0,0.0,2.892885470534477,False,False,False,True
BF181,23,53.0,17314.0,17318.0,4.0,-0.7987897091408446,0.0,0.0,0.0,3.762541919098001,False,False,False,True
BF181,23,54.0,17318.0,17322.0,4.0,0.23242445124705405,0.0,0.0,0.0,4.524123931655769,False,False,False,True
BF181,23,55.0,17322.0,17326.0,4.0,0.46511250878939797,0.0,0.0,0.0,5.2381092575576895,False,False,False,True
BF181,23,58.0,17334.0,17338.0,4.0,-0.15221250762386856,0.0,0.0,0.0,4.65983601471237,False,False,False,True
BF181,23,60.0,17342.0,17346.0,4.0,0.5263077631427526,0.0,0.0,0.0,1.4672415028596175,False,False,False,True
BF181,23,62.0,17350.0,17354.0,4.0,-0.0960979047705251,0.0,0.0,0.0,2.305940696207332,False,False,False,True
BF181,23,63.0,17354.0,17358.0,4.0,-0.3968368885430229,0.0,0.0,0.0,3.37026254808367,False,False,False,True
BF181,23,64.0,17358.0,17362.0,4.0,-0.18535066898668248,0.0,0.0,0.0,2.072333591731223,False,False,False,True
BF181,23,65.0,17362.0,17366.0,4.0,-0.0874941972730036,0.0,0.0,0.0,1.327091624205068,False,False,False,True
BF181,23,66.0,17366.0,17370.0,4.0,-0.0213450906370536,0.0,0.0,0.0,5.20295995150548,False,False,False,True
BF181,23,67.0,17370.0,17374.0,4.0,0.2507469906738095,0.0,0.0,0.0,1.743206571745201,False,False,False,True
BF181,23,69.0,17378.0,17382.0,4.0,0.0898775908427611,0.0,0.0,0.0,3.4855108576118403,False,False,False,True
BF181,23,70.0,17382.0,17386.0,4.0,0.0858683766284277,0.0,0.0,0.0,3.2573057474431315,False,False,False,True
BF181,23,71.0,17386.0,17390.0,4.0,-0.0259806781607974,0.0,0.0,0.0,1.7517390394249135,False,False,False,True
BF181,23,72.0,17390.0,17394.0,4.0,-0.031510538483364936,0.0,0.0,0.0,5.962456734884,False,False,False,True
BF181,23,73.0,17394.0,17398.0,4.0,-0.1885530037797735,0.0,0.0,0.0,1.8772700421783408,False,False,False,True
BF181,23,75.0,17402.0,17406.0,4.0,0.5538901296190504,0.0,0.0,0.0,3.9101133412888496,False,False,False,True
BF181,23,76.0,17406.0,17410.0,4.0,0.1112349211367101,0.0,0.0,0.0,4.611001045652616,False,False,False,True
BF181,23,77.0,17410.0,17414.0,4.0,0.0844330364767355,0.0,0.0,0.0,6.045280656093233,False,False,False,True
BF181,23,82.0,17430.0,17434.0,4.0,-0.3564056986036211,0.0,0.0,0.0,6.203514799586964,False,False,False,True
BF181,23,83.0,17434.0,17438.0,4.0,0.0016021177403804,0.0,0.0,0.0,0.1545858847793126,True,False,False,True
BF181,23,84.0,17438.0,17442.0,4.0,0.0029948373890537,0.0,0.0,0.0,5.262258004206863,False,False,False,True
BF181,23,85.0,17442.0,17446.0,4.0,-0.04654593226011995,0.0,0.0,0.0,7.966455429380324,False,False,False,True
BF181,23,86.0,17446.0,17450.0,4.0,0.0514651916713097,0.0,0.0,0.0,5.599227188958819,False,False,False,True
BF181,23,89.0,17458.0,17462.0,4.0,0.08981325266269825,0.0,0.0,0.0,3.918069965782162,False,False,False,True
BF181,23,90.0,17462.0,17466.0,4.0,0.2919401916809198,0.0,0.0,0.0,9.476302467607526,False,False,False,True
BF181,23,93.0,17474.0,17478.0,4.0,-0.2593285775627693,0.0,0.0,0.0,6.73738942907237,False,False,False,True
BF181,23,94.0,17478.0,17482.0,4.0,-0.21854391240168494,0.0,0.0,0.0,6.756365916195582,False,False,False,True
BF181,23,95.0,17482.0,17486.0,4.0,-0.0837326483102702,0.0,0.0,0.0,4.185310675805939,False,False,False,True
BF181,23,96.0,17486.0,17490.0,4.0,0.0700482602076044,0.0,0.0,0.0,2.0822455030109266,False,False,False,True
BF181,23,99.0,17498.0,17502.0,4.0,0.1985447383734743,0.0,0.0,0.0,5.067981494310594,False,False,False,True
BF181,23,101.0,17506.0,17510.0,4.0,0.0651513944377466,0.0,0.0,0.0,4.501525816534258,False,False,False,True
BF181,23,102.0,17510.0,17514.0,4.0,-0.08212754862015845,0.0,0.0,0.0,6.469418059519925,False,False,False,True
BF181,23,105.0,17522.0,17526.0,4.0,0.0022460694343478527,0.0,0.0,0.0,1.6608047120796594,False,False,False,True
BF181,23,106.0,17526.0,17530.0,4.0,-0.4594645863749379,0.7431640625,2.97265625,1.0,5.080244505983471,False,False,False,True
BF181,23,107.0,17530.0,17534.0,4.0,0.10954085891007,0.0,0.0,0.0,1.5688215265437957,False,False,False,True
BF181,23,108.0,17534.0,17538.0,4.0,-0.040552645986417,0.0,0.0,0.0,1.3943612333530833,False,False,False,True
BF181,23,110.0,17542.0,17546.0,4.0,-0.4267572472613038,0.0,0.0,0.0,4.009824570379546,False,False,False,True
BF181,23,111.0,17546.0,17550.0,4.0,-0.1572303003518793,0.0,0.0,0.0,3.81762570606176,False,False,False,True
BF181,23,112.0,17550.0,17554.0,4.0,0.016898263686462803,0.0,0.0,0.0,4.354543949679092,False,False,False,True
BF181,23,114.0,17558.0,17562.0,4.0,-0.0537198211006066,0.0,0.0,0.0,1.9956184206030567,False,False,False,True
BF181,23,115.0,17562.0,17566.0,4.0,-0.48628992785202396,0.0,0.0,0.0,5.0914770391486375,False,False,False,True
BF181,23,116.0,17566.0,17570.0,4.0,0.4693928905898543,0.0,0.0,0.0,1.5686438675250554,False,False,False,True
BF181,23,117.0,17570.0,17574.0,4.0,0.0221749528712555,0.0,0.0,0.0,2.9300703490091213,False,False,False,True
BF181,23,119.0,17578.0,17582.0,4.0,-0.0507645661920082,0.0,0.0,0.0,3.664690385366237,False,False,False,True
BF181,23,120.0,17582.0,17586.0,4.0,0.11850123640672734,0.0,0.0,0.0,3.5933085415688897,False,False,False,True
BF181,23,121.0,17586.0,17590.0,4.0,0.3032471236456408,0.0,0.0,0.0,5.069634775894324,False,False,False,True
BF181,23,122.0,17590.0,17594.0,4.0,-0.4490743142281512,0.0,0.0,0.0,1.6495236779989195,False,False,False,True
BF181,23,125.0,17602.0,17606.0,4.0,0.0479575264947647,0.5,2.0,1.0,4.737572425707947,False,False,False,True
BF181,23,126.0,17606.0,17610.0,4.0,-0.4622391943870848,1.0,4.0,1.0,3.340198428880732,False,True,True,True
BF181,23,127.0,17610.0,17614.0,4.0,0.2326635027536454,0.158203125,0.6328125,1.0,2.9398395791520247,False,False,False,True
BF181,23,128.0,17614.0,17618.0,4.0,0.3221630651179955,0.0,0.0,0.0,1.6205307058900695,False,False,False,True
BF181,23,129.0,17618.0,17622.0,4.0,-0.2300448072822303,0.0,0.0,0.0,7.313219558093387,False,False,False,True
BF181,23,130.0,17622.0,17626.0,4.0,0.09926519149376076,0.0,0.0,0.0,4.231193554727048,False,False,False,True
BF181,23,131.0,17626.0,17630.0,4.0,-0.0265055835000886,0.0,0.0,0.0,1.3124924597048109,False,False,False,True
BF181,23,133.0,17634.0,17638.0,4.0,0.007018257757101701,0.4228515625,1.69140625,1.0,2.5627871873837567,False,False,False,True
BF181,23,134.0,17638.0,17642.0,4.0,0.0640838525986828,0.0,0.0,0.0,3.241697154196164,False,False,False,True
BF181,23,135.0,17642.0,17646.0,4.0,-0.056841770000607854,0.0,0.0,0.0,1.9857006807150201,False,False,False,True
BF181,23,136.0,17646.0,17650.0,4.0,-0.1924129773499542,0.0,0.0,0.0,1.5920055154841968,False,False,False,True
BF181,23,137.0,17650.0,17654.0,4.0,0.3148942840982648,0.0,0.0,0.0,3.350446383973364,False,False,False,True
BF181,23,138.0,17654.0,17658.0,4.0,0.28074281453732197,0.0,0.0,0.0,4.947385236417616,False,False,False,True
BF181,23,139.0,17658.0,17662.0,4.0,-0.1555790580926717,0.0,0.0,0.0,2.3574913308914414,False,False,False,True
BF181,23,141.0,17666.0,17670.0,4.0,-0.0016154144502259007,0.0,0.0,0.0,2.1507238680945946,False,False,False,True
BF181,23,142.0,17670.0,17674.0,4.0,-0.46293609853144,0.0,0.0,0.0,2.142983602006443,False,False,False,True
BF181,23,143.0,17674.0,17678.0,4.0,-0.16477331416401741,1.0,4.0,1.0,5.750660443379738,False,True,True,True
BF181,23,144.0,17678.0,17682.0,4.0,0.4772225686213008,0.5068359375,2.02734375,1.0,5.3737060689069125,,False,False,True
BF181,23,145.0,17682.0,17686.0,4.0,-0.015725954853452656,0.8037109375,3.21484375,1.0,6.862591998189222,False,True,True,True
BF181,23,146.0,17686.0,17690.0,4.0,0.0042029880650693,1.0,4.0,1.0,10.178633154743512,,True,True,True
BF181,23,147.0,17690.0,17694.0,4.0,-0.3041517222673212,1.0,4.0,1.0,10.649974949050351,,True,True,True
BF181,23,148.0,17694.0,17698.0,4.0,-0.07132732024139865,0.1123046875,0.44921875,1.0,7.197199195975879,False,False,False,True
BF181,23,149.0,17698.0,17702.0,4.0,0.0129255994074184,0.0,0.0,0.0,0.4961951040369449,True,False,False,True
BF181,23,150.0,17702.0,17706.0,4.0,0.1505044551694609,0.0,0.0,0.0,4.932363103645483,False,False,False,True
BF181,23,151.0,17706.0,17710.0,4.0,-0.0148770959402563,0.0,0.0,0.0,6.93453208682468,False,False,False,True
BF181,23,152.0,17710.0,17714.0,4.0,0.2006343786575354,0.0,0.0,0.0,2.784148626986935,False,False,False,True
BF181,23,153.0,17714.0,17718.0,4.0,-0.2255096478181956,0.0,0.0,0.0,2.747749803535386,False,False,False,True
BF181,23,154.0,17718.0,17722.0,4.0,0.0276878238112359,0.0,0.0,0.0,0.4590269133176683,True,False,False,True
BF181,23,155.0,17722.0,17726.0,4.0,0.0770551797655458,0.0,0.0,0.0,3.5609126754920686,False,False,False,True
BF181,23,157.0,17730.0,17734.0,4.0,0.0162989574812425,0.0,0.0,0.0,2.2766213132659616,False,False,False,True
BF181,23,158.0,17734.0,17738.0,4.0,-0.2721543174644365,0.0,0.0,0.0,3.2276491966492404,False,False,False,True
BF181,23,159.0,17738.0,17742.0,4.0,-0.0875116876909192,0.0,0.0,0.0,2.638219610811093,False,False,False,True
BF181,23,160.0,17742.0,17746.0,4.0,0.2890415449524409,0.0,0.0,0.0,3.130668729465898,False,False,False,True
BF181,23,161.0,17746.0,17750.0,4.0,-0.4091786129832248,0.0,0.0,0.0,2.775716190330086,False,False,False,True
BF181,23,163.0,17754.0,17758.0,4.0,0.2608331592979727,0.0,0.0,0.0,6.8574811634584565,False,False,False,True
BF181,23,164.0,17758.0,17762.0,4.0,0.1567621314958864,0.0,0.0,0.0,3.109008852667111,False,False,False,True
BF181,23,165.0,17762.0,17766.0,4.0,-0.4572197063675525,0.0,0.0,0.0,1.3220343953478777,False,False,False,True
BF181,23,166.0,17766.0,17770.0,4.0,0.1588414960180908,0.0,0.0,0.0,2.548640446867703,False,False,False,True
BF181,23,168.0,17774.0,17778.0,4.0,0.07258128427949445,0.0,0.0,0.0,2.135759066820788,False,False,False,True
BF181,23,169.0,17778.0,17782.0,4.0,-0.0521867934926476,0.0,0.0,0.0,6.43264661880718,False,False,False,True
BF181,23,171.0,17786.0,17790.0,4.0,-0.1392052529041868,0.0,0.0,0.0,3.762469175393216,False,False,False,True
BF181,23,172.0,17790.0,17794.0,4.0,-0.1263807825871679,0.0,0.0,0.0,3.401726781831882,False,False,False,True
BF181,23,173.0,17794.0,17798.0,4.0,-0.3125718533762101,0.0,0.0,0.0,2.355487727425475,False,False,False,True
BF181,23,174.0,17798.0,17802.0,4.0,-0.3548571599802781,0.0,0.0,0.0,2.202700431231403,False,False,False,True
BF181,23,175.0,17802.0,17806.0,4.0,0.17228677543459053,0.0,0.0,0.0,4.194883159582297,False,False,False,True
BF181,23,176.0,17806.0,17810.0,4.0,-0.1396032342865265,0.0,0.0,0.0,3.0909526655009056,False,False,False,True
BF181,23,177.0,17810.0,17814.0,4.0,0.1002540014122941,0.0,0.0,0.0,1.3716955411150589,False,False,False,True
BF181,23,179.0,17818.0,17822.0,4.0,0.2051711628562467,0.0,0.0,0.0,6.451986602978995,False,False,False,True
BF181,23,180.0,17822.0,17826.0,4.0,0.19961492059675723,0.0,0.0,0.0,6.984628729195819,False,False,False,True
BF181,23,181.0,17826.0,17830.0,4.0,-0.175325350394045,0.0,0.0,0.0,2.013412645711933,False,False,False,True
BF181,23,184.0,17838.0,17842.0,4.0,0.1495748874870995,0.0,0.0,0.0,2.184125925835548,False,False,False,True
BF181,23,185.0,17842.0,17846.0,4.0,0.0495314277722237,0.0,0.0,0.0,4.883904760569483,False,False,False,True
BF181,23,186.0,17846.0,17850.0,4.0,-0.0347690106248841,0.0,0.0,0.0,3.026128940754637,False,False,False,True
BF181,23,187.0,17850.0,17854.0,4.0,0.0311092338865726,0.0,0.0,0.0,1.987216177019536,False,False,False,True
BF181,23,189.0,17858.0,17862.0,4.0,-0.10860576919503816,0.0,0.0,0.0,6.531715964733075,False,False,False,True
BF181,23,190.0,17862.0,17866.0,4.0,0.3699769081777197,0.0,0.0,0.0,4.024907028402262,False,False,False,True
BF181,23,191.0,17866.0,17870.0,4.0,-0.0575598790069122,0.0,0.0,0.0,1.7381121825756214,False,False,False,True
BF181,23,192.0,17870.0,17874.0,4.0,0.08842606819241344,0.0,0.0,0.0,2.658795851171753,False,False,False,True
BF181,23,193.0,17874.0,17878.0,4.0,0.25111708031487867,0.0,0.0,0.0,2.831774898938849,False,False,False,True
BF181,24,0.0,18032.0,18036.0,4.0,0.39916917208465247,0.0,0.0,0.0,2.218629561797451,False,False,False,True
BF181,24,1.0,18036.0,18040.0,4.0,0.0010145934424717028,0.0,0.0,0.0,4.1448664471648,False,False,False,True
BF181,24,2.0,18040.0,18044.0,4.0,0.16635491005241682,0.0,0.0,0.0,3.6587170401128106,False,False,False,True
BF181,24,3.0,18044.0,18048.0,4.0,-0.3924503408287963,0.0,0.0,0.0,4.278616214534496,False,False,False,True
BF181,24,4.0,18048.0,18052.0,4.0,-0.2027260333987096,0.0,0.0,0.0,6.495408066678781,False,False,False,True
BF181,24,5.0,18052.0,18056.0,4.0,-0.13340203521051477,0.0,0.0,0.0,3.844190684017408,False,False,False,True
BF181,24,6.0,18056.0,18060.0,4.0,-0.220387134566222,0.0,0.0,0.0,1.674923645034113,False,False,False,True
BF181,24,7.0,18060.0,18064.0,4.0,0.0192661560044943,0.0,0.0,0.0,2.549858995516339,False,False,False,True
BF181,24,8.0,18064.0,18068.0,4.0,-0.3680975311393576,0.0,0.0,0.0,2.154230024339261,False,False,False,True
BF181,24,9.0,18068.0,18072.0,4.0,0.048093539633673445,0.0,0.0,0.0,3.3740150784183847,False,False,False,True
BF181,24,10.0,18072.0,18076.0,4.0,-0.2344534720880698,0.0,0.0,0.0,4.820015027644459,False,False,False,True
BF181,24,11.0,18076.0,18080.0,4.0,0.0907032784744186,0.0,0.0,0.0,3.481500748188182,False,False,False,True
BF181,24,13.0,18084.0,18088.0,4.0,-0.1295852216729596,0.0,0.0,0.0,4.333473887193677,False,False,False,True
BF181,24,14.0,18088.0,18092.0,4.0,-0.2505811809945096,0.0,0.0,0.0,2.978527035295147,False,False,False,True
BF181,24,15.0,18092.0,18096.0,4.0,0.383202692893319,0.0,0.0,0.0,1.3604520132542195,False,False,False,True
BF181,24,16.0,18096.0,18100.0,4.0,-0.0327062316607864,0.0,0.0,0.0,0.5701176477024807,True,False,False,True
BF181,24,18.0,18104.0,18108.0,4.0,-0.1188647222295304,0.0,0.0,0.0,2.743510071531958,False,False,False,True
BF181,24,19.0,18108.0,18112.0,4.0,0.2828917295897806,1.0,4.0,1.0,3.2090781444853875,False,True,True,True
BF181,24,21.0,18116.0,18120.0,4.0,-0.0236716195143686,0.0,0.0,0.0,2.3973999934209926,False,False,False,True
BF181,24,22.0,18120.0,18124.0,4.0,-0.20092831752864865,0.0,0.0,0.0,3.008814460843328,False,False,False,True
BF181,24,23.0,18124.0,18128.0,4.0,0.4134507107307626,0.0,0.0,0.0,1.628351287446958,False,False,False,True
BF181,24,24.0,18128.0,18132.0,4.0,-0.2487370867731506,0.0,0.0,0.0,3.693976223399912,False,False,False,True
BF181,24,25.0,18132.0,18136.0,4.0,-0.6358902565165798,0.0,0.0,0.0,1.4960370554111535,False,False,False,True
BF181,24,26.0,18136.0,18140.0,4.0,0.202306835873683,0.0,0.0,0.0,6.457014150320818,False,False,False,True
BF181,24,27.0,18140.0,18144.0,4.0,-0.12938411177732254,0.0,0.0,0.0,8.497072283689189,False,False,False,True
BF181,24,28.0,18144.0,18148.0,4.0,-0.2746790754315476,0.0,0.0,0.0,2.880161876082679,False,False,False,True
CA169,0,7.0,11010.0,11014.0,4.0,-0.4781656395259398,0.0,0.0,0.0,1.3916485558146146,False,False,False,True
CA169,0,8.0,11014.0,11018.0,4.0,0.4728885917645368,0.0,0.0,0.0,2.142072311470821,False,False,False,True
CA169,0,9.0,11018.0,11022.0,4.0,0.0549051804592297,0.0,0.0,0.0,2.9762188260055877,False,False,False,True
CA169,0,21.0,11066.0,11070.0,4.0,-0.0876578050489258,0.0,0.0,0.0,1.4476200198995288,False,False,False,True
CA169,0,24.0,11078.0,11082.0,4.0,0.0636349481122656,0.0,0.0,0.0,1.3008352615653898,False,False,False,True
CA169,0,25.0,11082.0,11086.0,4.0,-0.0774682372094925,0.0,0.0,0.0,1.761301831199173,False,False,False,True
CA169,0,26.0,11086.0,11090.0,4.0,-0.2373006915949468,0.0,0.0,0.0,2.769639440937236,False,False,False,True
CA169,0,27.0,11090.0,11094.0,4.0,-0.2971428371027907,0.0,0.0,0.0,2.919625949362032,False,False,False,True
CA169,0,28.0,11094.0,11098.0,4.0,0.4693924005586118,0.0,0.0,0.0,1.4220972234559808,False,False,False,True
CA169,0,29.0,11098.0,11102.0,4.0,-0.2154688833935657,0.9248046875,3.69921875,1.0,2.573217849478468,,True,True,True
CA169,0,30.0,11102.0,11106.0,4.0,-0.1000987470140851,0.3134765625,1.25390625,1.0,3.649790864457631,False,False,False,True
CA169,0,31.0,11106.0,11110.0,4.0,0.3769826963932822,0.0,0.0,0.0,4.123508733364525,False,False,False,True
CA169,0,33.0,11114.0,11118.0,4.0,0.020276068854749,0.0,0.0,0.0,3.1735357325808797,False,False,False,True
CA169,0,34.0,11118.0,11122.0,4.0,0.3721511878082317,0.0,0.0,0.0,1.394150731658575,False,False,False,True
CA169,0,36.0,11126.0,11130.0,4.0,0.0059189814349261,0.0,0.0,0.0,2.092754121521036,False,False,False,True
CA169,0,37.0,11130.0,11134.0,4.0,-0.1696054994930925,0.0,0.0,0.0,1.397194102930261,False,False,False,True
CA169,0,40.0,11142.0,11146.0,4.0,-0.2229985806001855,0.8193359375,3.27734375,1.0,1.7864088274115668,,True,True,True
CA169,0,41.0,11146.0,11150.0,4.0,-0.1159520493620809,0.0,0.0,0.0,2.0184201691054144,False,False,False,True
CA169,0,42.0,11150.0,11154.0,4.0,0.4047861294468269,0.0,0.0,0.0,1.979231099012516,False,False,False,True
CA169,0,43.0,11154.0,11158.0,4.0,0.3869378077977073,0.271484375,1.0859375,1.0,3.1045775534395257,False,False,False,True
CA169,0,44.0,11158.0,11162.0,4.0,0.1601380890947331,0.7314453125,2.92578125,1.0,2.076307011345777,,False,False,True
CA169,0,45.0,11162.0,11166.0,4.0,-0.1081424125466052,0.0,0.0,0.0,2.27467237789756,False,False,False,True
CA169,0,46.0,11166.0,11170.0,4.0,-0.0088774276275889,0.0,0.0,0.0,2.840532148829498,False,False,False,True
CA169,0,47.0,11170.0,11174.0,4.0,0.2207748643935111,0.0,0.0,0.0,2.345487258339941,False,False,False,True
CA169,0,49.0,11178.0,11182.0,4.0,-0.0317692416339558,0.0,0.0,0.0,1.49036663534159,False,False,False,True
CA169,0,50.0,11182.0,11186.0,4.0,-0.0896793106075728,0.912109375,3.6484375,1.0,3.7085612859179657,,True,True,True
CA169,0,51.0,11186.0,11190.0,4.0,0.1242122678152894,1.0,4.0,1.0,6.237877558103423,,True,True,True
CA169,0,52.0,11190.0,11194.0,4.0,-0.2928761432405068,1.0,4.0,1.0,5.855436303909725,,True,True,True
CA169,0,53.0,11194.0,11198.0,4.0,0.4911434255366015,0.16796875,0.671875,1.0,2.322119374785851,False,False,False,True
CA169,0,54.0,11198.0,11202.0,4.0,0.10707277412032665,0.0,0.0,0.0,2.7907909599719667,False,False,False,True
CA169,0,55.0,11202.0,11206.0,4.0,-0.2524842757358768,0.0888671875,0.35546875,1.0,2.186313141215981,False,False,False,True
CA169,0,56.0,11206.0,11210.0,4.0,-0.0023448569700931995,1.0,4.0,1.0,4.405272291914579,False,True,True,True
CA169,0,57.0,11210.0,11214.0,4.0,0.3821583719306591,0.677734375,2.7109375,1.0,3.411304233740448,,False,False,True
CA169,0,58.0,11214.0,11218.0,4.0,-0.2013439841817062,0.0966796875,0.38671875,1.0,3.6437118952642535,False,False,False,True
CA169,0,59.0,11218.0,11222.0,4.0,-0.1481698615266198,0.7958984375,3.18359375,1.0,2.8020649316838293,,True,True,True
CA169,0,60.0,11222.0,11226.0,4.0,-0.327959608405096,0.0,0.0,0.0,2.7962251466278416,False,False,False,True
CA169,0,61.0,11226.0,11230.0,4.0,0.1195048206608335,0.8623046875,3.44921875,1.0,2.7490945316264774,False,True,True,True
CA169,0,62.0,11230.0,11234.0,4.0,0.1682079155924782,1.0,4.0,2.0,6.4535737058130085,False,True,True,True
CA169,0,63.0,11234.0,11238.0,4.0,0.15905194316731364,1.0,4.0,2.0,16.792049266531812,,True,True,True
CA169,0,64.0,11238.0,11242.0,4.0,0.030845662076903348,0.21484375,0.859375,2.0,2.0076056640505144,False,False,False,True
CA169,0,67.0,11250.0,11254.0,4.0,-0.0174239314942472,0.0,0.0,0.0,1.8614127446193507,False,False,False,True
CA169,0,69.0,11258.0,11262.0,4.0,0.11793369438434,0.0,0.0,0.0,1.8221533441785356,False,False,False,True
CA169,0,70.0,11262.0,11266.0,4.0,0.3203414997153398,0.912109375,3.6484375,1.0,2.289509570361569,,True,True,True
CA169,0,71.0,11266.0,11270.0,4.0,-0.0642376203104351,1.0,4.0,1.0,6.712065594159247,False,True,True,True
CA169,0,72.0,11270.0,11274.0,4.0,0.27765419941588504,1.0,4.0,1.0,7.524501184674007,False,True,True,True
CA169,0,73.0,11274.0,11278.0,4.0,0.2973843819854657,0.205078125,0.8203125,1.0,1.9407061469235005,False,False,False,True
CA169,0,74.0,11278.0,11282.0,4.0,-0.3893018917178116,0.66796875,2.671875,1.0,1.637125398707374,False,False,False,True
CA169,0,75.0,11282.0,11286.0,4.0,0.3946280138239674,1.0,4.0,1.0,7.450438938063364,False,True,True,True
CA169,0,76.0,11286.0,11290.0,4.0,0.0981624744484613,1.0,4.0,1.0,7.959421819795686,,True,True,True
CA169,0,77.0,11290.0,11294.0,4.0,-0.1762264186334569,1.0,4.0,1.0,18.06408574882109,,True,True,True
CA169,0,78.0,11294.0,11298.0,4.0,0.31995033953454616,1.0,4.0,1.0,11.48879382425904,False,True,True,True
CA169,0,79.0,11298.0,11302.0,4.0,0.3064731654110467,1.0,4.0,1.0,10.87172027318304,,True,True,True
CA169,0,80.0,11302.0,11306.0,4.0,0.1029644810378399,1.0,4.0,1.0,6.860994187460017,False,True,True,True
CA169,0,81.0,11306.0,11310.0,4.0,-0.2449439441312795,0.9189453125,3.67578125,1.0,2.21125379142972,,True,True,True
CA169,0,83.0,11314.0,11318.0,4.0,-0.0546138347046748,0.0,0.0,0.0,2.8479085936820603,False,False,False,True
CA169,0,84.0,11318.0,11322.0,4.0,0.005837842443152,0.0,0.0,0.0,1.5711521220716875,False,False,False,True
CA169,0,87.0,11330.0,11334.0,4.0,0.31193935900070324,0.0,0.0,0.0,2.2201944435840932,False,False,False,True
CA169,0,88.0,11334.0,11338.0,4.0,-0.0452708009021622,0.0,0.0,0.0,2.293683940083272,False,False,False,True
CA169,0,89.0,11338.0,11342.0,4.0,0.1218354871131955,0.0,0.0,0.0,2.12871383459136,False,False,False,True
CA169,0,90.0,11342.0,11346.0,4.0,-0.22554461614541182,0.96484375,3.859375,2.0,1.9792805214436848,,True,True,True
CA169,0,91.0,11346.0,11350.0,4.0,0.1326721214890435,1.0,4.0,2.0,8.536040067421112,,True,True,True
CA169,0,92.0,11350.0,11354.0,4.0,0.017664137796356102,1.0,4.0,1.0,3.8675625352199416,False,True,True,True
CA169,0,93.0,11354.0,11358.0,4.0,0.6910597125027511,0.0771484375,0.30859375,1.0,1.6564361728101455,False,False,False,True
CA169,0,94.0,11358.0,11362.0,4.0,-0.10080529945048511,0.0,0.0,0.0,1.7540533868351438,False,False,False,True
CA169,0,95.0,11362.0,11366.0,4.0,-0.0070022761113284065,0.0,0.0,0.0,2.8040170048961652,False,False,False,True
CA169,0,96.0,11366.0,11370.0,4.0,0.03220964774753925,0.0,0.0,0.0,1.7692933087886051,False,False,False,True
CA169,0,97.0,11370.0,11374.0,4.0,-0.2173796773334607,0.6796875,2.71875,1.0,1.6917445295209423,,False,False,True
CA169,0,98.0,11374.0,11378.0,4.0,-0.1173115055247337,1.0,4.0,1.0,8.17187478835909,,True,True,True
CA169,0,99.0,11378.0,11382.0,4.0,-0.0087474457338155,1.0,4.0,1.0,10.26214639220896,,True,True,True
CA169,0,100.0,11382.0,11386.0,4.0,0.2602491425322387,0.1787109375,0.71484375,1.0,1.7516887620458848,False,False,False,True
CA169,0,101.0,11386.0,11390.0,4.0,0.04888417056608505,0.0,0.0,0.0,1.0793087716912324,True,False,False,True
CA169,0,103.0,11394.0,11398.0,4.0,-0.2963898393657644,0.0,0.0,0.0,1.6116961377095815,False,False,False,True
CA169,0,106.0,11406.0,11410.0,4.0,-0.1036611310801493,0.4462890625,1.78515625,1.0,2.0084697779311806,False,False,False,True
CA169,0,107.0,11410.0,11414.0,4.0,0.0670076307346566,0.7451171875,2.98046875,1.0,3.399721746125403,,False,False,True
CA169,0,108.0,11414.0,11418.0,4.0,0.0184312246167353,0.0,0.0,0.0,3.8907071512070974,False,False,False,True
CA169,0,110.0,11422.0,11426.0,4.0,-0.03028438676217924,0.0,0.0,0.0,2.15334818181202,False,False,False,True
CA169,0,111.0,11426.0,11430.0,4.0,-0.0332349278457683,0.0,0.0,0.0,2.064468584610434,False,False,False,True
CA169,0,112.0,11430.0,11434.0,4.0,0.1220928090269378,0.0400390625,0.16015625,1.0,1.761128416362318,False,False,False,True
CA169,0,113.0,11434.0,11438.0,4.0,0.1076789017357678,0.732421875,2.9296875,1.0,1.844438709163798,,False,False,True
CA169,0,114.0,11438.0,11442.0,4.0,0.0653596025758722,0.0,0.0,0.0,2.4877601309505164,False,False,False,True
CA169,0,115.0,11442.0,11446.0,4.0,0.0390940930883399,0.2958984375,1.18359375,1.0,4.116196257414712,False,False,False,True
CA169,0,116.0,11446.0,11450.0,4.0,0.040651958830759394,0.8515625,3.40625,1.0,2.5075600258978152,False,True,True,True
CA169,0,117.0,11450.0,11454.0,4.0,0.10730176075013825,0.7314453125,2.92578125,1.0,2.386402928869399,False,False,False,True
CA169,0,119.0,11458.0,11462.0,4.0,0.1409142421857704,0.0,0.0,0.0,2.0694408931424126,False,False,False,True
CA169,0,120.0,11462.0,11466.0,4.0,0.4515479370402436,0.0,0.0,0.0,3.488380154574571,False,False,False,True
CA169,0,121.0,11466.0,11470.0,4.0,-0.1236884371834411,0.0,0.0,0.0,2.942824595812757,False,False,False,True
CA169,0,122.0,11470.0,11474.0,4.0,-0.0167286582158898,0.4248046875,1.69921875,1.0,3.792282614743253,False,False,False,True
CA169,0,123.0,11474.0,11478.0,4.0,0.000632005507936198,0.45703125,1.828125,1.0,2.184709587295217,False,False,False,True
CA169,0,124.0,11478.0,11482.0,4.0,0.2204587611439851,0.0,0.0,0.0,1.465505889831337,False,False,False,True
CA169,0,125.0,11482.0,11486.0,4.0,-0.1683709966572265,0.0,0.0,0.0,2.089712221778351,False,False,False,True
CA169,0,129.0,11498.0,11502.0,4.0,0.5053552281047307,0.4892578125,1.95703125,1.0,6.29267582848353,False,False,False,True
CA169,0,130.0,11502.0,11506.0,4.0,-0.0607243341696131,0.419921875,1.6796875,1.0,4.238014347909613,False,False,False,True
CA169,0,131.0,11506.0,11510.0,4.0,0.2874002737460697,0.083984375,0.3359375,1.0,2.820881572549633,False,False,False,True
CA169,0,132.0,11510.0,11514.0,4.0,0.0675761677451726,1.0,4.0,1.0,10.09094569942015,,True,True,True
CA169,0,133.0,11514.0,11518.0,4.0,-0.080326068593979,1.0,4.0,1.0,7.992769933095216,,True,True,True
CA169,0,134.0,11518.0,11522.0,4.0,-0.1011647390400487,1.0,4.0,1.0,7.159921316657988,,True,True,True
CA169,0,135.0,11522.0,11526.0,4.0,0.6567494247165434,1.0,4.0,1.0,4.3098519952336565,,True,True,True
CA169,0,136.0,11526.0,11530.0,4.0,0.134026070240152,0.357421875,1.4296875,1.0,4.006225261735502,False,False,False,True
CA169,0,137.0,11530.0,11534.0,4.0,0.092560917214178,0.0,0.0,0.0,2.886187378806788,False,False,False,True
CA169,0,138.0,11534.0,11538.0,4.0,-0.1156837697935644,0.0,0.0,0.0,1.352105689868594,False,False,False,True
CA169,0,139.0,11538.0,11542.0,4.0,-0.1279447252073236,0.0,0.0,0.0,2.680795111209245,False,False,False,True
CA169,0,140.0,11542.0,11546.0,4.0,0.242362626822561,0.0,0.0,0.0,1.323082406220637,False,False,False,True
CA169,0,144.0,11558.0,11562.0,4.0,0.3958302158363964,0.0,0.0,0.0,2.1725245788377485,False,False,False,True
CA169,0,147.0,11570.0,11574.0,4.0,0.0415347556371608,1.0,4.0,1.0,14.5992503853251,,True,True,True
CA169,0,148.0,11574.0,11578.0,4.0,-0.1933190948044232,1.0,4.0,1.0,11.090090422017148,,True,True,True
CA169,0,149.0,11578.0,11582.0,4.0,-0.0061616283057385,0.7236328125,2.89453125,2.0,1.387164946876172,,False,False,True
CA169,0,150.0,11582.0,11586.0,4.0,-0.0643978445270594,1.0,4.0,1.0,15.73748085701534,,True,True,True
CA169,0,151.0,11586.0,11590.0,4.0,0.0076310028773532,1.0,4.0,1.0,12.88732890505329,,True,True,True
CA169,0,152.0,11590.0,11594.0,4.0,0.4219608514992458,0.556640625,2.2265625,1.0,1.5414455460470673,,False,False,True
CA169,0,153.0,11594.0,11598.0,4.0,0.1776507133655648,0.0,0.0,0.0,1.4791704721120524,False,False,False,True
CA169,0,154.0,11598.0,11602.0,4.0,-0.0332805373868671,0.30859375,1.234375,1.0,1.9823855190965205,False,False,False,True
CA169,0,155.0,11602.0,11606.0,4.0,-0.0564895500631481,0.52734375,2.109375,1.0,3.666099434424007,,False,False,True
CA169,0,156.0,11606.0,11610.0,4.0,-0.352842163584378,0.0,0.0,0.0,2.742503159321849,False,False,False,True
CA169,0,157.0,11610.0,11614.0,4.0,0.0928989614461627,0.0,0.0,0.0,3.5621385193490243,False,False,False,True
CA169,0,158.0,11614.0,11618.0,4.0,-0.2005083336857724,0.0,0.0,0.0,5.356927468577788,False,False,False,True
CA169,0,159.0,11618.0,11622.0,4.0,0.1385196652135936,0.0,0.0,0.0,2.2734357643952268,False,False,False,True
CA169,0,161.0,11626.0,11630.0,4.0,-0.1020439100093723,0.0,0.0,0.0,1.329640615544624,False,False,False,True
CA169,0,162.0,11630.0,11634.0,4.0,-0.2968938802297559,0.189453125,0.7578125,1.0,2.851915676039632,False,False,False,True
CA169,0,163.0,11634.0,11638.0,4.0,-0.1946236935735612,1.0,4.0,1.0,5.109760775305107,False,True,True,True
CA169,0,164.0,11638.0,11642.0,4.0,-0.043557881604442156,1.0,4.0,1.0,3.520391324002273,False,True,True,True
CA169,0,165.0,11642.0,11646.0,4.0,0.0943210696798392,0.2626953125,1.05078125,2.0,2.2018454222188817,False,False,False,True
CA169,0,166.0,11646.0,11650.0,4.0,-0.1757175980635706,1.0,4.0,1.0,5.7070740957180615,,True,True,True
CA169,0,167.0,11650.0,11654.0,4.0,-0.5233308155767379,0.0322265625,0.12890625,1.0,3.8953220820287866,False,False,False,True
CA169,0,168.0,11654.0,11658.0,4.0,0.2119638532071439,0.0,0.0,0.0,1.7516500655446223,False,False,False,True
CA169,0,172.0,11670.0,11674.0,4.0,0.0721275712179951,0.0,0.0,0.0,1.5835668163262209,False,False,False,True
CA169,0,174.0,11678.0,11682.0,4.0,-0.10684831308768675,0.0,0.0,0.0,1.8972240993451897,True,False,False,True
CA169,0,175.0,11682.0,11686.0,4.0,-0.1791963905380799,0.12890625,0.515625,1.0,3.9057111591166014,False,False,False,True
CA169,0,176.0,11686.0,11690.0,4.0,-0.1846272714543148,1.0,4.0,1.0,6.744266279642737,,True,True,True
CA169,0,177.0,11690.0,11694.0,4.0,-0.1071132306298556,0.203125,0.8125,1.0,3.190642232682387,True,False,False,True
CA169,0,178.0,11694.0,11698.0,4.0,0.1103553144865364,0.0,0.0,0.0,4.545227598343354,False,False,False,True
CA169,0,179.0,11698.0,11702.0,4.0,-0.0267340171569923,0.0,0.0,0.0,2.998073899282252,False,False,False,True
CA169,0,182.0,11710.0,11714.0,4.0,-0.2040270249082681,0.0,0.0,0.0,1.7868664130917993,False,False,False,True
CA169,0,183.0,11714.0,11718.0,4.0,0.1328314806355711,0.0,0.0,0.0,2.6887302654832155,False,False,False,True
CA169,0,184.0,11718.0,11722.0,4.0,0.197651052524331,0.0,0.0,0.0,2.0524141191977963,False,False,False,True
CA169,0,185.0,11722.0,11726.0,4.0,-0.08219039407828685,0.4755859375,1.90234375,2.0,2.21138904089318,False,False,False,True
CA169,0,186.0,11726.0,11730.0,4.0,0.2554329565395093,0.67578125,2.703125,2.0,1.6337540941573077,,False,False,True
CA169,0,187.0,11730.0,11734.0,4.0,-0.1432803995433504,1.0,4.0,1.0,8.094507773579869,,True,True,True
CA169,0,188.0,11734.0,11738.0,4.0,0.1494069377075398,1.0,4.0,1.0,9.506526158283553,,True,True,True
CA169,0,189.0,11738.0,11742.0,4.0,-0.3341535632574551,0.59375,2.375,1.0,3.0713858333888115,,False,False,True
CA169,0,190.0,11742.0,11746.0,4.0,0.0388433431502386,0.0,0.0,0.0,2.7856535475356834,True,False,False,True
CA169,0,191.0,11746.0,11750.0,4.0,0.0374427717918692,0.80078125,3.203125,1.0,2.73635859482546,False,True,True,True
CA169,0,192.0,11750.0,11754.0,4.0,-0.15821149662386505,0.6416015625,2.56640625,1.0,2.7189705837713776,False,False,False,True
CA169,0,194.0,11758.0,11762.0,4.0,-0.0703335346624607,0.0,0.0,0.0,1.6272431106929244,False,False,False,True
CA169,0,197.0,11770.0,11774.0,4.0,-0.0531193007268688,0.19140625,0.765625,1.0,3.289151808507982,False,False,False,True
CA169,0,198.0,11774.0,11778.0,4.0,-0.0317719097886747,0.0,0.0,0.0,2.632953083419704,False,False,False,True
CA169,0,199.0,11778.0,11782.0,4.0,-0.1429783904539265,0.69921875,2.796875,1.0,2.260603902873908,,False,False,True
CA169,0,200.0,11782.0,11786.0,4.0,0.3783225433389769,1.0,4.0,1.0,8.05191516214319,,True,True,True
CA169,0,201.0,11786.0,11790.0,4.0,0.2986160131495646,1.0,4.0,1.0,8.048236910759968,,True,True,True
CA169,0,202.0,11790.0,11794.0,4.0,-0.0760471896077344,1.0,4.0,1.0,7.125037321151281,,True,True,True
CA169,0,203.0,11794.0,11798.0,4.0,-0.1228070612364704,1.0,4.0,1.0,10.784155302409856,False,True,True,True
CA169,0,204.0,11798.0,11802.0,4.0,0.2328894061213012,1.0,4.0,1.0,8.548100638035512,,True,True,True
CA169,0,205.0,11802.0,11806.0,4.0,-0.0679346860797858,0.5673828125,2.26953125,1.0,2.9231388287851243,,False,False,True
CA169,0,206.0,11806.0,11810.0,4.0,0.1357577824880822,0.0,0.0,0.0,4.199001751450722,False,False,False,True
CA169,0,207.0,11810.0,11814.0,4.0,0.0344931043070916,0.505859375,2.0234375,1.0,2.764078039994976,,False,False,True
CA169,0,208.0,11814.0,11818.0,4.0,-0.1284093901395192,0.708984375,2.8359375,1.0,4.288896972694242,,False,False,True
CA169,0,209.0,11818.0,11822.0,4.0,-0.0415632470270867,0.8212890625,3.28515625,1.0,3.3523724006946924,,True,True,True
CA169,0,210.0,11822.0,11826.0,4.0,-0.1161309430468204,0.673828125,2.6953125,1.0,2.023323847614867,False,False,False,True
CA169,0,211.0,11826.0,11830.0,4.0,0.126546577713408,0.4873046875,1.94921875,1.0,5.363465210969083,False,False,False,True
CA169,0,212.0,11830.0,11834.0,4.0,0.3183546190688552,0.771484375,3.0859375,1.0,2.262937216814477,,True,True,True
CA169,0,213.0,11834.0,11838.0,4.0,-0.1486611139627268,0.9501953125,3.80078125,1.0,1.9705169773963345,,True,True,True
CA169,0,214.0,11838.0,11842.0,4.0,-0.3189097453026092,0.3701171875,1.48046875,1.0,5.411574516399192,False,False,False,True
CA169,0,215.0,11842.0,11846.0,4.0,-0.182839324871639,0.5439453125,2.17578125,1.0,2.1109821199602954,,False,False,True
CA169,0,216.0,11846.0,11850.0,4.0,-0.1239207751786449,1.0,4.0,1.0,3.863032113049424,,True,True,True
CA169,0,217.0,11850.0,11854.0,4.0,0.0426003893295441,0.771484375,3.0859375,1.0,2.5537776500093026,,True,True,True
CA169,0,218.0,11854.0,11858.0,4.0,0.1641564079278883,0.0,0.0,0.0,3.739706739207535,False,False,False,True
CA169,0,219.0,11858.0,11862.0,4.0,0.5030956939498287,0.0,0.0,0.0,3.2096206409262944,False,False,False,True
CA169,0,220.0,11862.0,11866.0,4.0,-0.12015366536968435,0.0,0.0,0.0,4.913996790935559,False,False,False,True
CA169,0,221.0,11866.0,11870.0,4.0,-0.0078817864026668,0.0,0.0,0.0,3.756519236258825,False,False,False,True
CA169,0,222.0,11870.0,11874.0,4.0,-0.0934671668997054,0.0,0.0,0.0,1.53886219575889,False,False,False,True
CA169,0,223.0,11874.0,11878.0,4.0,0.13383028022389,0.0,0.0,0.0,1.523025419792139,False,False,False,True
CA169,0,224.0,11878.0,11882.0,4.0,-0.0846453975522617,0.0,0.0,0.0,1.4998012376568084,False,False,False,True
CA169,0,225.0,11882.0,11886.0,4.0,-0.4580577512640553,0.0,0.0,0.0,3.4399203734669213,False,False,False,True
CA169,0,226.0,11886.0,11890.0,4.0,-0.0155871470883851,0.0,0.0,0.0,2.605084695695522,False,False,False,True
CA169,0,227.0,11890.0,11894.0,4.0,-0.1819942394306933,0.0,0.0,0.0,4.178854289056887,False,False,False,True
CA169,0,228.0,11894.0,11898.0,4.0,0.0966559724825398,0.0,0.0,0.0,1.9658174532623545,False,False,False,True
CA169,0,229.0,11898.0,11902.0,4.0,-0.0008279491643490497,0.0,0.0,0.0,1.1871241908269896,True,False,False,True
CA169,0,230.0,11902.0,11906.0,4.0,-0.1508997983197815,0.0,0.0,0.0,2.051470497685539,False,False,False,True
CA169,0,234.0,11918.0,11922.0,4.0,-0.068786759160969,0.0,0.0,0.0,2.5763014752835907,True,False,False,True
CA169,0,235.0,11922.0,11926.0,4.0,-0.0340097450721287,0.65625,2.625,1.0,1.9049442650100967,,False,False,True
CA169,0,236.0,11926.0,11930.0,4.0,0.1612649574657182,0.6025390625,2.41015625,2.0,5.282689835173219,False,False,False,True
CA169,0,237.0,11930.0,11934.0,4.0,-0.1834758286417613,0.6806640625,2.72265625,1.0,3.167590091893749,,False,False,True
CA169,0,238.0,11934.0,11938.0,4.0,-0.1137372175104646,0.662109375,2.6484375,1.0,1.5574468313713141,False,False,False,True
CA169,0,239.0,11938.0,11942.0,4.0,0.2312348677630511,1.0,4.0,1.0,8.528347514361046,,True,True,True
CA169,0,240.0,11942.0,11946.0,4.0,0.1824884687897127,1.0,4.0,1.0,8.055184428526209,,True,True,True
CA169,0,241.0,11946.0,11950.0,4.0,-0.024355535068565054,1.0,4.0,1.0,5.523746051334599,True,True,True,True
CA169,0,242.0,11950.0,11954.0,4.0,0.1406806338950839,1.0,4.0,1.0,6.027319027804849,,True,True,True
CA169,0,243.0,11954.0,11958.0,4.0,0.10833838597008895,0.4765625,1.90625,2.0,2.9637575963588954,True,False,False,True
CA169,0,244.0,11958.0,11962.0,4.0,0.3917153584253677,1.0,4.0,1.0,9.38268268992993,,True,True,True
CA169,0,245.0,11962.0,11966.0,4.0,-0.0253815509538169,1.0,4.0,1.0,28.267145502599774,,True,True,True
CA169,0,246.0,11966.0,11970.0,4.0,0.0802661772253267,1.0,4.0,1.0,13.018543114807633,False,True,True,True
CA169,0,247.0,11970.0,11974.0,4.0,-0.5121384254018082,0.7314453125,2.92578125,2.0,3.2134511252516633,False,False,False,True
CA169,0,248.0,11974.0,11978.0,4.0,-0.058322717215352995,1.0,4.0,1.0,6.256552829084013,False,True,True,True
CA169,0,249.0,11978.0,11982.0,4.0,-0.1731949226885814,0.2490234375,0.99609375,1.0,2.535152455429052,False,False,False,True
CA169,0,250.0,11982.0,11986.0,4.0,-0.0949747678719764,0.0,0.0,0.0,1.4318936474851427,False,False,False,True
CA169,0,254.0,11998.0,12002.0,4.0,0.2257205205207073,0.0,0.0,0.0,3.844181533990152,False,False,False,True
CA169,0,255.0,12002.0,12006.0,4.0,-0.5198517319945524,0.0,0.0,0.0,1.6540358382784992,False,False,False,True
CA169,0,256.0,12006.0,12010.0,4.0,-0.0547379130780748,0.2294921875,0.91796875,1.0,1.6044457853301688,False,False,False,True
CA169,0,257.0,12010.0,12014.0,4.0,0.1609651908504682,1.0,4.0,1.0,5.828474978469165,,True,True,True
CA169,0,258.0,12014.0,12018.0,4.0,0.0276174106371961,0.56640625,2.265625,1.0,2.062778578811104,,False,False,True
CA169,0,259.0,12018.0,12022.0,4.0,-0.1067430912608476,0.0,0.0,0.0,1.887939030360811,False,False,False,True
CA169,0,260.0,12022.0,12026.0,4.0,0.12403721681695881,0.533203125,2.1328125,1.0,1.7024889915786583,False,False,False,True
CA169,0,261.0,12026.0,12030.0,4.0,-0.2170724060959145,1.0,4.0,1.0,10.021241046290502,,True,True,True
CA169,0,262.0,12030.0,12034.0,4.0,-0.3875472335047129,1.0,4.0,1.0,19.26128321001174,,True,True,True
CA169,0,263.0,12034.0,12038.0,4.0,-0.1182692785607454,1.0,4.0,1.0,9.752045555513787,False,True,True,True
CA169,0,264.0,12038.0,12042.0,4.0,-0.4112941317549148,1.0,4.0,1.0,26.554871690611744,,True,True,True
CA169,0,265.0,12042.0,12046.0,4.0,-0.0049566217401627,1.0,4.0,1.0,15.774439747073773,,True,True,True
CA169,0,266.0,12046.0,12050.0,4.0,-0.3122211245536366,1.0,4.0,1.0,12.449937016126658,,True,True,True
CA169,0,267.0,12050.0,12054.0,4.0,-0.0812434762387245,0.48046875,1.921875,1.0,2.917819062397406,False,False,False,True
CA169,0,268.0,12054.0,12058.0,4.0,0.1220431029959124,0.0,0.0,0.0,2.364219619954494,False,False,False,True
CA169,0,273.0,12074.0,12078.0,4.0,0.1756833810113464,0.0,0.0,0.0,1.7327770879547295,False,False,False,True
CA169,0,275.0,12082.0,12086.0,4.0,-0.004694491918747046,0.0,0.0,0.0,2.2907707810093045,False,False,False,True
CA169,0,276.0,12086.0,12090.0,4.0,-0.06001222962101445,0.0,0.0,0.0,1.4978491670423093,False,False,False,True
CA169,0,277.0,12090.0,12094.0,4.0,-0.1037574353855089,0.6015625,2.40625,1.0,2.476387588939368,,False,False,True
CA169,0,278.0,12094.0,12098.0,4.0,-0.0323678133955821,0.6865234375,2.74609375,1.0,1.5019380805233074,False,False,False,True
CA169,0,279.0,12098.0,12102.0,4.0,-0.1446837828760134,0.0,0.0,0.0,2.747642828178913,False,False,False,True
CA169,0,280.0,12102.0,12106.0,4.0,0.0067065576869837495,0.0,0.0,0.0,2.5331439673307536,False,False,False,True
CA169,0,281.0,12106.0,12110.0,4.0,0.1342969966239655,0.5185546875,2.07421875,1.0,2.5582833230652087,,False,False,True
CA169,0,282.0,12110.0,12114.0,4.0,-0.1772926458885765,0.7275390625,2.91015625,2.0,1.5382608612604518,,False,False,True
CA169,0,283.0,12114.0,12118.0,4.0,-0.2249020741833242,1.0,4.0,1.0,12.345537407522906,,True,True,True
CA169,0,284.0,12118.0,12122.0,4.0,-0.4059563824603814,1.0,4.0,1.0,14.620184367084574,,True,True,True
CA169,0,285.0,12122.0,12126.0,4.0,-0.06270034695826907,1.0,4.0,1.0,8.970511374463298,False,True,True,True
CA169,0,286.0,12126.0,12130.0,4.0,-0.2070587849525367,0.25,1.0,1.0,2.720824655033124,False,False,False,True
CA169,0,287.0,12130.0,12134.0,4.0,-0.2420128398072735,0.0,0.0,0.0,1.9053867561472957,False,False,False,True
CA169,0,288.0,12134.0,12138.0,4.0,-0.1600753514144134,0.0,0.0,0.0,1.8016363403711444,False,False,False,True
CA169,0,289.0,12138.0,12142.0,4.0,-0.2317694818775916,0.0,0.0,0.0,3.4326780707453883,True,False,False,True
CA169,0,290.0,12142.0,12146.0,4.0,0.178643302206212,0.0,0.0,0.0,1.4728986885729645,False,False,False,True
CA169,0,291.0,12146.0,12150.0,4.0,0.0359290809635791,0.0,0.0,0.0,1.6019631617427452,False,False,False,True
CA169,0,292.0,12150.0,12154.0,4.0,-0.2445271251620092,0.935546875,3.7421875,1.0,2.340029390657835,False,True,True,True
CA169,0,293.0,12154.0,12158.0,4.0,0.0195656744215698,1.0,4.0,1.0,6.3918426939827055,,True,True,True
CA169,0,294.0,12158.0,12162.0,4.0,-0.0058772142210994,1.0,4.0,1.0,7.653811723284861,,True,True,True
CA169,0,295.0,12162.0,12166.0,4.0,-0.03626014720440954,1.0,4.0,1.0,3.9870061972021906,False,True,True,True
CA169,0,296.0,12166.0,12170.0,4.0,-0.366660639064382,1.0,4.0,1.0,14.00767958055367,,True,True,True
CA169,0,297.0,12170.0,12174.0,4.0,0.0045397450883983,1.0,4.0,1.0,21.53122113149835,,True,True,True
CA169,0,298.0,12174.0,12178.0,4.0,0.1121530359513701,1.0,4.0,1.0,14.896730835758207,,True,True,True
CA169,0,299.0,12178.0,12182.0,4.0,-0.4318603083443621,0.7021484375,2.80859375,2.0,2.316055838913297,,False,False,True
CA169,0,300.0,12182.0,12186.0,4.0,0.1368841279217998,0.619140625,2.4765625,1.0,3.0386973317327386,,False,False,True
CA169,0,301.0,12186.0,12190.0,4.0,0.2301296162640315,0.4052734375,1.62109375,1.0,1.0757960097679344,True,False,False,True
CA169,0,302.0,12190.0,12194.0,4.0,-0.4053054650922042,0.69140625,2.765625,1.0,2.791771736108713,,False,False,True
CA169,0,303.0,12194.0,12198.0,4.0,0.0819229655192599,0.0,0.0,0.0,2.4060925124192467,False,False,False,True
CA169,0,304.0,12198.0,12202.0,4.0,0.11359004999309914,0.0,0.0,0.0,2.8274708392737775,False,False,False,True
CA169,0,305.0,12202.0,12206.0,4.0,0.2067017110065927,0.9599609375,3.83984375,1.0,2.4980203160988648,False,True,True,True
CA169,0,306.0,12206.0,12210.0,4.0,-0.1774997729027988,0.3974609375,1.58984375,1.0,3.862164396677797,False,False,False,True
CA169,0,307.0,12210.0,12214.0,4.0,0.1129041828665071,0.0,0.0,0.0,3.1286323625431933,False,False,False,True
CA169,0,308.0,12214.0,12218.0,4.0,-0.2014486551140868,0.0,0.0,0.0,3.067392758444605,False,False,False,True
CA169,0,309.0,12218.0,12222.0,4.0,0.2667662849214083,0.0,0.0,0.0,1.9081312519354217,False,False,False,True
CA169,0,310.0,12222.0,12226.0,4.0,-0.008904593178882647,0.0,0.0,0.0,1.3797410623088142,True,False,False,True
CA169,0,311.0,12226.0,12230.0,4.0,-0.0350277908392391,0.0,0.0,0.0,2.6269650547356247,False,False,False,True
CA169,0,312.0,12230.0,12234.0,4.0,-0.0961944292557631,0.0,0.0,0.0,1.9274471508048805,False,False,False,True
CA169,0,313.0,12234.0,12238.0,4.0,0.3760451722325625,0.0,0.0,0.0,4.463742886444069,False,False,False,True
CA169,0,314.0,12238.0,12242.0,4.0,-0.0067993468618528,0.0,0.0,0.0,2.3322063295755893,False,False,False,True
CA169,0,315.0,12242.0,12246.0,4.0,-0.2327048376700957,0.0,0.0,0.0,1.9889199035589404,False,False,False,True
CA169,0,316.0,12246.0,12250.0,4.0,-0.2795563678385809,0.068359375,0.2734375,1.0,3.588335473400285,False,False,False,True
CA169,0,317.0,12250.0,12254.0,4.0,-0.15327602053489114,1.0,4.0,1.0,4.3914354532002635,True,True,True,True
CA169,0,318.0,12254.0,12258.0,4.0,-0.00160304634042506,0.3681640625,1.47265625,1.0,1.6641292717030645,True,False,False,True
CA169,0,319.0,12258.0,12262.0,4.0,0.0337726788245025,0.0,0.0,0.0,4.006001318296027,False,False,False,True
CA169,0,320.0,12262.0,12266.0,4.0,-0.4218146327818407,0.0,0.0,0.0,2.816436336357149,False,False,False,True
CA169,0,321.0,12266.0,12270.0,4.0,-0.034512718779113355,0.0,0.0,0.0,4.091241692310915,False,False,False,True
CA169,0,322.0,12270.0,12274.0,4.0,-0.0685970087050316,0.0,0.0,0.0,1.678108504222501,True,False,False,True
CA169,0,323.0,12274.0,12278.0,4.0,0.0636125841613663,0.0,0.0,0.0,1.3723347607727094,False,False,False,True
CA169,0,324.0,12278.0,12282.0,4.0,-0.0194652518260736,0.0,0.0,0.0,3.1164313378256696,False,False,False,True
CA169,0,325.0,12282.0,12286.0,4.0,-0.3526866066328371,0.0,0.0,0.0,1.7173915112943894,False,False,False,True
CA169,0,327.0,12290.0,12294.0,4.0,0.2626812179275061,0.0,0.0,0.0,2.461857541785897,False,False,False,True
CA169,0,328.0,12294.0,12298.0,4.0,0.4164494827703247,0.0,0.0,0.0,3.726784082493228,False,False,False,True
CA169,0,329.0,12298.0,12302.0,4.0,-0.3377494852520842,0.0,0.0,0.0,1.3801054511091884,False,False,False,True
CA169,0,331.0,12306.0,12310.0,4.0,0.2712983309810973,0.9423828125,3.76953125,1.0,4.618660507268245,,True,True,True
CA169,0,332.0,12310.0,12314.0,4.0,-0.0181122061586373,1.0,4.0,1.0,12.65751597990918,,True,True,True
CA169,0,333.0,12314.0,12318.0,4.0,0.1764344946165135,1.0,4.0,1.0,11.28728182415566,,True,True,True
CA169,0,334.0,12318.0,12322.0,4.0,-0.0851672584016537,1.0,4.0,1.0,5.98602609835608,,True,True,True
CA169,0,335.0,12322.0,12326.0,4.0,-0.0430478871737729,1.0,4.0,1.0,9.793612295048712,,True,True,True
CA169,0,336.0,12326.0,12330.0,4.0,0.1528908485355182,1.0,4.0,1.0,10.421264699808049,,True,True,True
CA169,0,337.0,12330.0,12334.0,4.0,0.2287125512087687,1.0,4.0,1.0,9.59961375351588,,True,True,True
CA169,0,338.0,12334.0,12338.0,4.0,0.3328881746742855,0.7314453125,2.92578125,1.0,2.832263988894957,,False,False,True
CA169,0,339.0,12338.0,12342.0,4.0,0.4239094890811034,0.568359375,2.2734375,1.0,4.365758037493242,,False,False,True
CA169,0,340.0,12342.0,12346.0,4.0,-0.255468910802207,0.9296875,3.71875,1.0,2.815020939564977,,True,True,True
CA169,0,343.0,12354.0,12358.0,4.0,-0.3079044626327632,0.0,0.0,0.0,1.6965577521328992,False,False,False,True
CA169,0,344.0,12358.0,12362.0,4.0,-0.14633617085493766,0.0,0.0,0.0,2.0446231646314446,False,False,False,True
CA169,0,345.0,12362.0,12366.0,4.0,0.2102238933583501,0.0,0.0,0.0,1.438829919947154,False,False,False,True
CA169,0,346.0,12366.0,12370.0,4.0,-0.04625810117196895,0.0,0.0,0.0,1.7835741045835518,False,False,False,True
CA169,0,347.0,12370.0,12374.0,4.0,0.17175513099066886,0.0,0.0,0.0,1.5049238677917618,True,False,False,True
CA169,0,348.0,12374.0,12378.0,4.0,-0.026617896573062856,0.0,0.0,0.0,1.5633534102787532,True,False,False,True
CA169,0,349.0,12378.0,12382.0,4.0,-0.1592751789411096,0.0,0.0,0.0,1.6912040020628512,True,False,False,True
CA169,0,350.0,12382.0,12386.0,4.0,0.16434513812220292,0.0,0.0,0.0,2.2789743854609883,True,False,False,True
CA169,0,351.0,12386.0,12390.0,4.0,0.5072689609669817,0.0,0.0,0.0,4.0913193882137024,False,False,False,True
CA169,0,352.0,12390.0,12394.0,4.0,-0.112937458174899,0.833984375,3.3359375,1.0,3.816734458265145,,True,True,True
CA169,0,353.0,12394.0,12398.0,4.0,0.0241591757256946,1.0,4.0,1.0,13.555312000302344,,True,True,True
CA169,0,354.0,12398.0,12402.0,4.0,0.0667228869151131,0.5703125,2.28125,1.0,3.7474111235594574,,False,False,True
CA169,0,355.0,12402.0,12406.0,4.0,0.4437570332772134,0.0,0.0,0.0,6.459178688158812,False,False,False,True
CA169,0,356.0,12406.0,12410.0,4.0,-0.2334606304398386,0.7451171875,2.98046875,1.0,3.1642557682677985,,False,False,True
CA169,0,357.0,12410.0,12414.0,4.0,0.5532027397744568,1.0,4.0,1.0,6.871757068649891,,True,True,True
CA169,0,358.0,12414.0,12418.0,4.0,0.0800241526988667,1.0,4.0,1.0,8.628308333254346,,True,True,True
CA169,0,359.0,12418.0,12422.0,4.0,0.1529128811029087,1.0,4.0,1.0,6.467423246093411,,True,True,True
CA169,0,360.0,12422.0,12426.0,4.0,-0.0709840857601729,0.3291015625,1.31640625,1.0,1.871437999867048,True,False,False,True
CA169,0,361.0,12426.0,12430.0,4.0,-0.1387240206476639,0.0,0.0,0.0,1.6881817447573173,False,False,False,True
CA169,0,362.0,12430.0,12434.0,4.0,0.4583528253655242,0.0,0.0,0.0,1.3181028185590125,False,False,False,True
CA169,0,363.0,12434.0,12438.0,4.0,-0.267012654752608,0.2607421875,1.04296875,1.0,2.046431852501314,False,False,False,True
CA169,0,364.0,12438.0,12442.0,4.0,-0.4267634151877836,1.0,4.0,1.0,8.048262948207656,,True,True,True
CA169,0,365.0,12442.0,12446.0,4.0,0.0088407447807858,0.873046875,3.4921875,1.0,3.3631965863244653,,True,True,True
CA169,0,366.0,12446.0,12450.0,4.0,0.0772584390703515,0.533203125,2.1328125,1.0,2.784746162859203,,False,False,True
CA169,0,367.0,12450.0,12454.0,4.0,-0.0862877607493182,1.0,4.0,1.0,8.22187034118603,False,True,True,True
CA169,0,368.0,12454.0,12458.0,4.0,0.0934095042770693,0.8701171875,3.48046875,1.0,2.1700354286488306,,True,True,True
CA169,0,369.0,12458.0,12462.0,4.0,0.06727386905951906,0.0,0.0,0.0,1.5429347956839616,False,False,False,True
CA169,0,372.0,12470.0,12474.0,4.0,-0.12851641777241815,0.0,0.0,0.0,2.319429052063084,False,False,False,True
CA169,0,374.0,12478.0,12482.0,4.0,-0.0356333015350041,0.0,0.0,0.0,1.3735489691987124,False,False,False,True
CA169,0,376.0,12486.0,12490.0,4.0,0.18097787733900084,0.0,0.0,0.0,1.4638776757484915,True,False,False,True
CA169,0,377.0,12490.0,12494.0,4.0,0.2975215059478052,0.0,0.0,0.0,3.075508288112403,False,False,False,True
CA169,0,378.0,12494.0,12498.0,4.0,0.0927714164242749,0.6064453125,2.42578125,1.0,3.772864907812351,,False,False,True
CA169,0,379.0,12498.0,12502.0,4.0,-0.2118094611820808,1.0,4.0,1.0,9.52027271932064,,True,True,True
CA169,0,380.0,12502.0,12506.0,4.0,0.0204009018772137,0.7197265625,2.87890625,1.0,2.3262476492983093,,False,False,True
CA169,0,381.0,12506.0,12510.0,4.0,0.0088490899656844,0.0,0.0,0.0,4.499624895705379,False,False,False,True
CA169,0,382.0,12510.0,12514.0,4.0,-0.0087205161734443,0.0,0.0,0.0,4.64086016025517,False,False,False,True
CA169,0,383.0,12514.0,12518.0,4.0,-0.09871380837043581,0.0,0.0,0.0,2.337774304756338,False,False,False,True
CA169,0,384.0,12518.0,12522.0,4.0,-0.1936299033448356,0.0,0.0,0.0,2.9476517273639096,False,False,False,True
CA169,0,385.0,12522.0,12526.0,4.0,0.1173747712971984,0.0,0.0,0.0,1.501361214871708,False,False,False,True
CA169,0,386.0,12526.0,12530.0,4.0,-0.0749138918223861,0.0,0.0,0.0,1.3445561385515568,False,False,False,True
CA169,0,387.0,12530.0,12534.0,4.0,-0.08315980052876909,0.0,0.0,0.0,2.258121909017972,True,False,False,True
CA169,0,388.0,12534.0,12538.0,4.0,0.1550403940926712,0.0,0.0,0.0,1.4460496920829558,False,False,False,True
CA169,0,389.0,12538.0,12542.0,4.0,-0.03129375482641565,0.0,0.0,0.0,1.6168618692099792,False,False,False,True
CA169,0,390.0,12542.0,12546.0,4.0,0.045430292736176055,0.0,0.0,0.0,2.08426537060709,False,False,False,True
CA169,0,391.0,12546.0,12550.0,4.0,0.12177909097763795,0.0,0.0,0.0,1.7973278706160354,False,False,False,True
CA169,0,392.0,12550.0,12554.0,4.0,0.11082231920738735,0.0,0.0,0.0,2.2581901306231513,False,False,False,True
CA169,0,393.0,12554.0,12558.0,4.0,-0.04180214267894585,0.2880859375,1.15234375,1.0,2.978495189147716,False,False,False,True
CA169,0,394.0,12558.0,12562.0,4.0,0.1622358254412602,0.6767578125,2.70703125,1.0,3.1166198059905845,False,False,False,True
CA169,1,5.0,21262.0,21266.0,4.0,-0.0262021449363447,0.7392578125,2.95703125,1.0,1.313790371234138,,False,False,True
CA169,1,19.0,21318.0,21322.0,4.0,0.0398253803328514,0.0,0.0,0.0,1.3092528579893303,False,False,False,True
CA169,1,20.0,21322.0,21326.0,4.0,-0.627132331396678,0.0,0.0,0.0,3.322108107551321,False,False,False,True
CA169,1,24.0,21338.0,21342.0,4.0,0.0512115555887219,0.0,0.0,0.0,1.3456827624840817,False,False,False,True
CA169,1,26.0,21346.0,21350.0,4.0,-0.0111662289653163,0.47265625,1.890625,1.0,1.4988510498047445,False,False,False,True
CA169,1,27.0,21350.0,21354.0,4.0,-0.0707469282176939,1.0,4.0,2.0,9.047113397419801,,True,True,True
CA169,1,31.0,21366.0,21370.0,4.0,-0.0616371847879387,1.0,4.0,1.0,2.5450839423347182,,True,True,True
CA169,1,32.0,21370.0,21374.0,4.0,-0.226783329707758,1.0,4.0,1.0,3.7268414584763936,,True,True,True
CA169,1,35.0,21382.0,21386.0,4.0,-0.2446694681106003,0.0,0.0,0.0,3.230737384704911,False,False,False,True
CA169,1,36.0,21386.0,21390.0,4.0,-0.1562513056232817,0.0,0.0,0.0,1.9198152146452916,False,False,False,True
CA169,1,37.0,21390.0,21394.0,4.0,-0.2933687709391082,0.0,0.0,0.0,1.7913202980213698,False,False,False,True
CA169,1,39.0,21398.0,21402.0,4.0,-0.0505425657120233,0.9365234375,3.74609375,1.0,1.3560034104328744,,True,True,True
CA169,1,40.0,21402.0,21406.0,4.0,0.03620449238275595,1.0,4.0,1.0,8.3762730867716,False,True,True,True
CA169,1,41.0,21406.0,21410.0,4.0,0.42958775373635,1.0,4.0,1.0,9.654530670637032,,True,True,True
CA169,1,44.0,21418.0,21422.0,4.0,-0.0503145434579172,1.0,4.0,1.0,4.4189059386294085,,True,True,True
CA169,1,45.0,21422.0,21426.0,4.0,-0.4638553918821469,1.0,4.0,1.0,5.998948442072682,,True,True,True
CA169,1,46.0,21426.0,21430.0,4.0,-0.0487929867625911,0.37890625,1.515625,1.0,1.707771903571084,False,False,False,True
CA169,1,48.0,21434.0,21438.0,4.0,-0.2797491771164277,1.0,4.0,1.0,10.66652037804797,,True,True,True
CA169,1,49.0,21438.0,21442.0,4.0,-0.3924250411678638,1.0,4.0,1.0,16.847911301272923,,True,True,True
CA169,1,50.0,21442.0,21446.0,4.0,-0.4081921605179174,1.0,4.0,1.0,17.870136368336457,,True,True,True
CA169,1,51.0,21446.0,21450.0,4.0,-0.0407426338060854,1.0,4.0,1.0,14.799227493358153,,True,True,True
CA169,1,52.0,21450.0,21454.0,4.0,-0.064409142719149,1.0,4.0,1.0,15.27282675822302,,True,True,True
CA169,1,53.0,21454.0,21458.0,4.0,-0.02898404920924265,1.0,4.0,1.0,10.847549325577202,False,True,True,True
CA169,1,54.0,21458.0,21462.0,4.0,-0.0952800278414727,1.0,4.0,1.0,22.12322647064191,,True,True,True
CA169,1,55.0,21462.0,21466.0,4.0,-0.0939385147776709,1.0,4.0,1.0,10.60101552597665,,True,True,True
CA169,1,56.0,21466.0,21470.0,4.0,0.3662116360793002,0.9990234375,3.99609375,1.0,1.4840541986817335,,True,True,True
CA169,1,59.0,21478.0,21482.0,4.0,0.10670809689498295,0.9521484375,3.80859375,1.0,1.3553084684052754,False,True,True,True
CA169,1,60.0,21482.0,21486.0,4.0,0.09092311485604884,1.0,4.0,1.0,5.002568305478215,False,True,True,True
CA169,1,61.0,21486.0,21490.0,4.0,0.0021530402663096013,1.0,4.0,1.0,3.12505325029184,False,True,True,True
CA169,1,62.0,21490.0,21494.0,4.0,0.0244705771630786,1.0,4.0,1.0,3.8992468493387156,False,True,True,True
CA169,1,63.0,21494.0,21498.0,4.0,-0.256992586620942,1.0,4.0,1.0,11.11282550167056,,True,True,True
CA169,1,64.0,21498.0,21502.0,4.0,0.07714562478675689,1.0,4.0,1.0,4.627017023596254,False,True,True,True
CA169,1,65.0,21502.0,21506.0,4.0,0.30134788746345387,1.0,4.0,2.0,7.336402729958391,False,True,True,True
CA169,1,66.0,21506.0,21510.0,4.0,-0.4302942328082815,1.0,4.0,1.0,13.188631275631137,,True,True,True
CA169,1,67.0,21510.0,21514.0,4.0,0.30617213813024013,1.0,4.0,1.0,2.0896591759622893,False,True,True,True
CA169,1,68.0,21514.0,21518.0,4.0,0.143714697324464,0.0,0.0,0.0,1.5449179997150155,False,False,False,True
CA169,1,71.0,21526.0,21530.0,4.0,-0.4081287104687083,1.0,4.0,1.0,2.205991998917019,,True,True,True
CA169,1,72.0,21530.0,21534.0,4.0,0.2988833267168551,1.0,4.0,1.0,10.264910700840316,,True,True,True
CA169,1,73.0,21534.0,21538.0,4.0,0.0879910468905105,0.0,0.0,0.0,2.0846028160014587,False,False,False,True
CA169,1,74.0,21538.0,21542.0,4.0,0.0319670314905638,1.0,4.0,1.0,3.38144752251508,,True,True,True
CA169,1,75.0,21542.0,21546.0,4.0,-0.030569901003327998,1.0,4.0,1.0,3.269109425895516,False,True,True,True
CA169,1,76.0,21546.0,21550.0,4.0,0.1017086026391653,1.0,4.0,1.0,4.032254826278756,,True,True,True
CA169,1,78.0,21554.0,21558.0,4.0,0.027464897038465753,1.0,4.0,2.0,10.315227660857438,False,True,True,True
CA169,1,79.0,21558.0,21562.0,4.0,-0.0032803277546988,0.46484375,1.859375,2.0,2.0194321633104213,False,False,False,True
CA169,1,80.0,21562.0,21566.0,4.0,0.23019421951238214,1.0,4.0,1.0,3.68204188765197,False,True,True,True
CA169,1,81.0,21566.0,21570.0,4.0,0.22392218277605064,1.0,4.0,1.0,4.5712734728639735,False,True,True,True
CA169,1,82.0,21570.0,21574.0,4.0,0.04192576778360915,1.0,4.0,1.0,5.409998729496048,False,True,True,True
CA169,1,83.0,21574.0,21578.0,4.0,0.08775738705325375,1.0,4.0,1.0,2.8813398430525456,False,True,True,True
CA169,1,84.0,21578.0,21582.0,4.0,-0.4741085223944955,1.0,4.0,1.0,5.049002105971477,,True,True,True
CA169,1,85.0,21582.0,21586.0,4.0,-0.1269523273632793,1.0,4.0,1.0,4.369033251593435,,True,True,True
CA169,1,86.0,21586.0,21590.0,4.0,0.2320219746499514,1.0,4.0,1.0,4.821733321845999,,True,True,True
CA169,1,87.0,21590.0,21594.0,4.0,-0.3276705032463018,1.0,4.0,1.0,6.048076330925074,,True,True,True
CA169,1,90.0,21602.0,21606.0,4.0,-0.11160789859560034,0.017578125,0.0703125,1.0,1.7588079086546555,False,False,False,True
CA169,1,92.0,21610.0,21614.0,4.0,-0.1590565152497866,1.0,4.0,1.0,3.8477711597049886,,True,True,True
CA169,1,93.0,21614.0,21618.0,4.0,0.156545923340033,0.6376953125,2.55078125,2.0,0.9427573644982103,True,False,False,True
CA169,1,94.0,21618.0,21622.0,4.0,0.2756415479457188,1.0,4.0,1.0,3.67857210644406,,True,True,True
CA169,1,95.0,21622.0,21626.0,4.0,0.0953790813630106,1.0,4.0,1.0,2.921498814441008,True,True,True,True
CA169,1,96.0,21626.0,21630.0,4.0,0.16845891282154812,1.0,4.0,1.0,3.7842404264190437,False,True,True,True
CA169,1,98.0,21634.0,21638.0,4.0,0.2875802495872544,0.0,0.0,0.0,2.2769929170994514,False,False,False,True
CA169,1,100.0,21642.0,21646.0,4.0,0.0007662266086096,1.0,4.0,1.0,4.997270204735935,,True,True,True
CA169,1,104.0,21658.0,21662.0,4.0,-0.0138711114725698,0.572265625,2.2890625,1.0,2.67439111238172,,False,False,True
CA169,1,105.0,21662.0,21666.0,4.0,-0.1102897527940602,1.0,4.0,1.0,8.894457642934354,,True,True,True
CA169,1,108.0,21674.0,21678.0,4.0,0.0234335157366372,1.0,4.0,1.0,9.969052560855417,,True,True,True
CA169,1,109.0,21678.0,21682.0,4.0,-0.1443183547475278,1.0,4.0,1.0,11.079488669033328,,True,True,True
CA169,1,110.0,21682.0,21686.0,4.0,0.2686921206422852,1.0,4.0,1.0,8.172997195581084,,True,True,True
CA169,1,111.0,21686.0,21690.0,4.0,0.0646597676157288,0.17578125,0.703125,1.0,1.6846810537386945,False,False,False,True
CA169,1,112.0,21690.0,21694.0,4.0,0.1952395869944523,0.0,0.0,0.0,1.5872567190003768,False,False,False,True
CA169,1,113.0,21694.0,21698.0,4.0,-0.0396810567025689,0.0966796875,0.38671875,1.0,2.0654405768089106,False,False,False,True
CA169,1,115.0,21702.0,21706.0,4.0,-0.0706022390356485,0.0,0.0,0.0,1.308370057250856,False,False,False,True
CA169,1,116.0,21706.0,21710.0,4.0,0.4313900250419157,0.7470703125,2.98828125,1.0,1.9723400674098648,,False,False,True
CA169,1,117.0,21710.0,21714.0,4.0,0.1108088844445366,1.0,4.0,2.0,3.5009080266319534,,True,True,True
CA169,1,118.0,21714.0,21718.0,4.0,-0.0441772291443861,0.107421875,0.4296875,2.0,1.4244762880356507,False,False,False,True
CA169,1,119.0,21718.0,21722.0,4.0,-0.13080683290043252,0.140625,0.5625,1.0,1.6174082013165951,False,False,False,True
CA169,1,120.0,21722.0,21726.0,4.0,-0.2905358324475395,0.0,0.0,0.0,2.128813819298624,False,False,False,True
CA169,1,123.0,21734.0,21738.0,4.0,-0.2571136226767955,0.0,0.0,0.0,1.3233195498855304,False,False,False,True
CA169,1,124.0,21738.0,21742.0,4.0,0.1577263873295637,0.0,0.0,0.0,1.9930744674702752,True,False,False,True
CA169,1,125.0,21742.0,21746.0,4.0,-0.0128100970531918,1.0,4.0,1.0,3.853282101493901,,True,True,True
CA169,1,126.0,21746.0,21750.0,4.0,0.17801535536480925,1.0,4.0,2.0,2.7234174854926696,False,True,True,True
CA169,1,127.0,21750.0,21754.0,4.0,0.152869041528645,0.49609375,1.984375,1.0,0.6295200897254214,True,False,False,True
CA169,1,128.0,21754.0,21758.0,4.0,0.1140868624001781,0.0693359375,0.27734375,1.0,1.5724626476865746,False,False,False,True
CA169,1,129.0,21758.0,21762.0,4.0,0.14279410936130943,0.7939453125,3.17578125,1.0,1.8683242032067326,False,True,True,True
CA169,1,130.0,21762.0,21766.0,4.0,0.04263582732545055,0.0,0.0,0.0,2.1561788214588047,False,False,False,True
CA169,1,131.0,21766.0,21770.0,4.0,0.1725435030930998,0.0,0.0,0.0,1.4012987342409824,False,False,False,True
CA169,1,132.0,21770.0,21774.0,4.0,-0.10611058680239374,1.0,4.0,1.0,2.1658670302841796,False,True,True,True
CA169,1,135.0,21782.0,21786.0,4.0,-0.1490934399417326,0.6806640625,2.72265625,1.0,2.439986819633551,,False,False,True
CA169,1,136.0,21786.0,21790.0,4.0,0.011740938513354102,1.0,4.0,1.0,3.919140773907289,False,True,True,True
CA169,1,137.0,21790.0,21794.0,4.0,-0.4501321089614875,0.0,0.0,0.0,1.329189752282768,False,False,False,True
CA169,1,138.0,21794.0,21798.0,4.0,0.1719818662995206,0.0,0.0,0.0,1.5433067700495398,False,False,False,True
CA169,1,140.0,21802.0,21806.0,4.0,-0.036865898956568395,1.0,4.0,2.0,5.514271446673675,False,True,True,True
CA169,1,141.0,21806.0,21810.0,4.0,0.1610706572264844,1.0,4.0,2.0,6.9652136212467575,,True,True,True
CA169,1,142.0,21810.0,21814.0,4.0,-0.0505648365181721,1.0,4.0,2.0,4.821941772836987,,True,True,True
CA169,1,143.0,21814.0,21818.0,4.0,0.5514627360284885,1.0,4.0,1.0,2.349641422958784,,True,True,True
CA169,1,144.0,21818.0,21822.0,4.0,-0.1952281064475573,1.0,4.0,1.0,2.507836603163573,,True,True,True
CA169,1,145.0,21822.0,21826.0,4.0,0.2115004317260184,0.1474609375,0.58984375,1.0,2.182665787612523,False,False,False,True
CA169,1,146.0,21826.0,21830.0,4.0,0.2603671585785166,0.0,0.0,0.0,1.6051531874511702,False,False,False,True
CA169,1,147.0,21830.0,21834.0,4.0,-0.0705614128785672,0.0,0.0,0.0,1.8737575679418137,False,False,False,True
CA169,1,148.0,21834.0,21838.0,4.0,-0.005232525315037,0.0,0.0,0.0,1.4470989474200064,True,False,False,True
CA169,1,149.0,21838.0,21842.0,4.0,0.2348530882126044,0.439453125,1.7578125,1.0,1.732941766063269,False,False,False,True
CA169,1,150.0,21842.0,21846.0,4.0,-0.1264175071773356,0.0,0.0,0.0,1.580333256420071,False,False,False,True
CA169,1,151.0,21846.0,21850.0,4.0,0.1324232246825455,0.712890625,2.8515625,1.0,1.97378390796322,,False,False,True
CA169,1,152.0,21850.0,21854.0,4.0,-0.06013971067704264,1.0,4.0,2.0,7.054438498530043,,True,True,True
CA169,1,153.0,21854.0,21858.0,4.0,-0.4674659041520685,1.0,4.0,1.0,4.926922854666954,,True,True,True
CA169,1,154.0,21858.0,21862.0,4.0,-0.0766862704480769,1.0,4.0,1.0,1.7920575314102798,,True,True,True
CA169,1,155.0,21862.0,21866.0,4.0,-0.1971125148794353,1.0,4.0,1.0,3.0520678076515244,,True,True,True
CA169,1,156.0,21866.0,21870.0,4.0,-0.04416031397856046,1.0,4.0,1.0,2.0021191337726467,False,True,True,True
CA169,1,157.0,21870.0,21874.0,4.0,0.0483677515329697,1.0,4.0,1.0,2.242694635523652,,True,True,True
CA169,1,158.0,21874.0,21878.0,4.0,0.0201988522255964,1.0,4.0,2.0,3.2678287446137686,,True,True,True
CA169,1,159.0,21878.0,21882.0,4.0,-0.481190032332491,1.0,4.0,2.0,5.475887290821509,,True,True,True
CA169,1,160.0,21882.0,21886.0,4.0,0.19625651280037346,1.0,4.0,2.0,2.914427034909621,,True,True,True
CA169,1,161.0,21886.0,21890.0,4.0,-0.10526327416490369,1.0,4.0,2.0,2.9863017645555052,False,True,True,True
CA169,1,162.0,21890.0,21894.0,4.0,-0.06570043484018231,1.0,4.0,1.0,2.440709191089364,False,True,True,True
CA169,1,163.0,21894.0,21898.0,4.0,-0.17716614617464543,1.0,4.0,1.0,3.4637214824253943,False,True,True,True
CA169,1,164.0,21898.0,21902.0,4.0,-0.05900096288284225,1.0,4.0,2.0,4.604130097394051,False,True,True,True
CA169,1,165.0,21902.0,21906.0,4.0,-0.39175062046782755,1.0,4.0,2.0,3.6796590284088437,,True,True,True
CA169,1,166.0,21906.0,21910.0,4.0,0.09638499201662479,1.0,4.0,2.0,3.99065493507068,,True,True,True
CA169,1,167.0,21910.0,21914.0,4.0,-0.041138907049467405,1.0,4.0,2.0,4.234380977422395,,True,True,True
CA169,1,168.0,21914.0,21918.0,4.0,-0.0438384259381117,1.0,4.0,3.0,2.478158605481933,False,True,True,True
CA169,1,169.0,21918.0,21922.0,4.0,0.1188405192999651,1.0,4.0,1.0,2.164015083432597,,True,True,True
CA169,1,170.0,21922.0,21926.0,4.0,-0.110531618757969,0.728515625,2.9140625,1.0,1.3751545429137564,,False,False,True
CA169,1,171.0,21926.0,21930.0,4.0,-0.1917359946052574,0.0,0.0,0.0,2.60262198947521,False,False,False,True
CA169,1,172.0,21930.0,21934.0,4.0,0.06333142156618984,0.5390625,2.15625,2.0,2.7442895788352595,,False,False,True
CA169,1,173.0,21934.0,21938.0,4.0,-0.4471969297936239,0.2685546875,1.07421875,1.0,1.462875060917791,False,False,False,True
CA169,1,174.0,21938.0,21942.0,4.0,0.4988432443950326,0.533203125,2.1328125,1.0,2.319599723409411,,False,False,True
CA169,1,175.0,21942.0,21946.0,4.0,0.0832665863159264,0.41015625,1.640625,1.0,1.3193161723202456,False,False,False,True
CA169,1,176.0,21946.0,21950.0,4.0,-0.0132602758111001,0.0,0.0,0.0,1.4241767542569426,False,False,False,True
CA169,1,178.0,21954.0,21958.0,4.0,-0.054460528489348,1.0,4.0,2.0,4.8793374053948115,,True,True,True
CA169,1,179.0,21958.0,21962.0,4.0,-0.01218919218056,1.0,4.0,1.0,3.5516618359225696,,True,True,True
CA169,1,180.0,21962.0,21966.0,4.0,0.0229244399983628,0.5166015625,2.06640625,2.0,1.3505639880710032,False,False,False,True
CA169,1,181.0,21966.0,21970.0,4.0,0.2142722761961816,1.0,4.0,1.0,2.169566232383578,,True,True,True
CA169,1,182.0,21970.0,21974.0,4.0,0.3300741199298942,1.0,4.0,1.0,2.5688985189821696,,True,True,True
CA169,1,184.0,21978.0,21982.0,4.0,-0.020986147588011046,0.244140625,0.9765625,1.0,0.9503209938288559,True,False,False,True
CA169,1,185.0,21982.0,21986.0,4.0,-0.0886061171168005,0.671875,2.6875,1.0,2.33651852364808,,False,False,True
CA169,1,186.0,21986.0,21990.0,4.0,-0.019960671464797797,1.0,4.0,1.0,3.1624672763202004,False,True,True,True
CA169,1,187.0,21990.0,21994.0,4.0,-0.008965429294504494,0.90625,3.625,2.0,1.5112529207603227,True,True,True,True
CA169,1,188.0,21994.0,21998.0,4.0,0.3900708868134314,0.591796875,2.3671875,1.0,1.3657947837593132,,False,False,True
CA169,1,189.0,21998.0,22002.0,4.0,-0.2924641687919275,0.0927734375,0.37109375,1.0,1.450434965251749,False,False,False,True
CA169,1,190.0,22002.0,22006.0,4.0,0.23667935172142124,0.6962890625,2.78515625,2.0,1.4600984996166502,,False,False,True
CA169,1,191.0,22006.0,22010.0,4.0,0.418380086280146,0.4853515625,1.94140625,1.0,1.3997840095147835,False,False,False,True
CA169,1,192.0,22010.0,22014.0,4.0,-0.1588437267111946,0.10546875,0.421875,1.0,1.9510405992052633,False,False,False,True
CA169,1,193.0,22014.0,22018.0,4.0,0.08631838674021004,0.685546875,2.7421875,1.0,1.3961354623508317,True,False,False,True
CA169,1,195.0,22022.0,22026.0,4.0,0.0023833011594922,1.0,4.0,1.0,5.075383457111152,,True,True,True
CA169,1,196.0,22026.0,22030.0,4.0,0.4455143083805687,1.0,4.0,1.0,4.402695403398868,,True,True,True
CA169,1,197.0,22030.0,22034.0,4.0,-0.1719639993514406,1.0,4.0,1.0,2.7801413109494053,False,True,True,True
CA169,1,198.0,22034.0,22038.0,4.0,0.015252250680414609,1.0,4.0,1.0,1.902048581756754,False,True,True,True
CA169,1,199.0,22038.0,22042.0,4.0,-0.0682448620648797,0.3486328125,1.39453125,2.0,1.3093475742832628,False,False,False,True
CA169,1,200.0,22042.0,22046.0,4.0,0.0119155406546484,1.0,4.0,1.0,5.688353756797248,,True,True,True
CA169,1,201.0,22046.0,22050.0,4.0,-0.06490438842372236,1.0,4.0,1.0,1.8320988740471644,False,True,True,True
CA169,1,202.0,22050.0,22054.0,4.0,0.0331428836217827,1.0,4.0,1.0,3.7287303692689577,,True,True,True
CA169,1,203.0,22054.0,22058.0,4.0,-0.02532173793165525,1.0,4.0,2.0,5.366843718738577,,True,True,True
CA169,1,204.0,22058.0,22062.0,4.0,0.17580659323315645,1.0,4.0,2.0,6.449900312896146,,True,True,True
CA169,1,205.0,22062.0,22066.0,4.0,-0.1866187811309279,0.1494140625,0.59765625,1.0,1.428115021035625,False,False,False,True
CA169,1,206.0,22066.0,22070.0,4.0,-0.2653886500422961,0.0,0.0,0.0,1.4284884285186843,False,False,False,True
CA169,1,207.0,22070.0,22074.0,4.0,-0.0990611005133193,0.0,0.0,0.0,1.713689329666933,False,False,False,True
CA169,1,209.0,22078.0,22082.0,4.0,0.0822220143593218,0.0,0.0,0.0,1.598663404259182,False,False,False,True
CA169,1,210.0,22082.0,22086.0,4.0,-0.21262379439714374,1.0,4.0,1.0,8.826098566133624,False,True,True,True
CA169,1,211.0,22086.0,22090.0,4.0,-0.062466917502838296,1.0,4.0,1.0,7.393330557253033,False,True,True,True
CA169,1,212.0,22090.0,22094.0,4.0,-0.293082646629355,1.0,4.0,1.0,5.185976060172131,,True,True,True
CA169,1,213.0,22094.0,22098.0,4.0,-0.020174541049208197,0.642578125,2.5703125,1.0,1.9157635933097215,False,False,False,True
CA169,1,214.0,22098.0,22102.0,4.0,-0.03203290971177885,0.0,0.0,0.0,1.6647124916016574,False,False,False,True
CA169,1,216.0,22106.0,22110.0,4.0,0.043973889437660445,1.0,4.0,1.0,2.2254061924671036,False,True,True,True
CA169,1,217.0,22110.0,22114.0,4.0,0.012036960133025548,1.0,4.0,1.0,6.911361657658562,False,True,True,True
CA169,1,218.0,22114.0,22118.0,4.0,0.0980851224317438,1.0,4.0,1.0,5.988415711470554,,True,True,True
CA169,1,219.0,22118.0,22122.0,4.0,0.10045469494419605,0.283203125,1.1328125,1.0,1.656397168721575,True,False,False,True
CA169,1,220.0,22122.0,22126.0,4.0,-0.18720557727954465,0.0,0.0,0.0,1.4304127932982436,False,False,False,True
CA169,1,221.0,22126.0,22130.0,4.0,-0.1127818472365953,0.755859375,3.0234375,1.0,1.3715547666434065,True,True,True,True
CA169,1,224.0,22138.0,22142.0,4.0,-0.19260582799873785,0.775390625,3.1015625,1.0,1.8233439586398394,True,True,True,True
CA169,1,226.0,22146.0,22150.0,4.0,-0.0379904148802966,0.900390625,3.6015625,1.0,1.4009843211841109,True,True,True,True
CA169,1,227.0,22150.0,22154.0,4.0,-0.10956026395845934,1.0,4.0,1.0,4.051953374371953,False,True,True,True
CA169,1,228.0,22154.0,22158.0,4.0,-0.0888787185775794,0.603515625,2.4140625,2.0,1.1416683312587137,True,False,False,True
CA169,1,229.0,22158.0,22162.0,4.0,0.2817860141783308,1.0,4.0,1.0,9.99078255408591,False,True,True,True
CA169,1,232.0,22170.0,22174.0,4.0,-0.1578990479634799,0.0,0.0,0.0,1.43195618810413,False,False,False,True
CA169,1,234.0,22178.0,22182.0,4.0,0.0123930886842301,0.0,0.0,0.0,1.799042162132476,False,False,False,True
CA169,1,235.0,22182.0,22186.0,4.0,-0.1403829241804954,0.0,0.0,0.0,1.4626916818071023,False,False,False,True
CA169,1,236.0,22186.0,22190.0,4.0,0.09287348271359115,0.1005859375,0.40234375,1.0,1.4319406929061014,False,False,False,True
CA169,1,239.0,22198.0,22202.0,4.0,-0.0470124404484592,0.0,0.0,0.0,1.3496154331389023,False,False,False,True
CA169,1,240.0,22202.0,22206.0,4.0,-0.0861491531487171,0.0,0.0,0.0,1.3216987626829455,False,False,False,True
CA169,1,241.0,22206.0,22210.0,4.0,0.0517569081912536,0.0,0.0,0.0,1.4595058250995498,False,False,False,True
CA169,1,242.0,22210.0,22214.0,4.0,0.0079801945102127,0.0,0.0,0.0,1.426454349522151,False,False,False,True
CA169,1,243.0,22214.0,22218.0,4.0,-0.3681763755145987,0.328125,1.3125,1.0,1.955449176958686,False,False,False,True
CA169,1,244.0,22218.0,22222.0,4.0,0.2105872940321028,1.0,4.0,1.0,3.3111156241566606,,True,True,True
CA169,1,245.0,22222.0,22226.0,4.0,0.1281203398241441,1.0,4.0,1.0,2.536215677156929,,True,True,True
CA169,1,246.0,22226.0,22230.0,4.0,-0.17550250864223785,1.0,4.0,1.0,2.3702695195847947,False,True,True,True
CA169,1,247.0,22230.0,22234.0,4.0,0.0941404308580179,1.0,4.0,1.0,4.541685218386176,,True,True,True
CA169,1,248.0,22234.0,22238.0,4.0,-0.09410190317571404,1.0,4.0,1.0,6.029095579641039,False,True,True,True
CA169,1,249.0,22238.0,22242.0,4.0,0.2696575405716313,1.0,4.0,1.0,4.904254680529558,False,True,True,True
CA169,1,250.0,22242.0,22246.0,4.0,-0.07965682467993065,1.0,4.0,1.0,4.043050443918261,False,True,True,True
CA169,1,251.0,22246.0,22250.0,4.0,-0.0451216108716664,1.0,4.0,1.0,8.934198274673713,,True,True,True
CA169,1,252.0,22250.0,22254.0,4.0,-0.16021360556501713,1.0,4.0,1.0,5.717922149733084,False,True,True,True
CA169,1,253.0,22254.0,22258.0,4.0,0.06915068310649355,1.0,4.0,1.0,3.5641830366617198,False,True,True,True
CA169,1,254.0,22258.0,22262.0,4.0,-0.1133371496985089,0.0,0.0,0.0,1.4002742830169117,False,False,False,True
CA169,1,255.0,22262.0,22266.0,4.0,0.1115730830002822,0.076171875,0.3046875,1.0,1.3397958755770545,False,False,False,True
CA169,1,256.0,22266.0,22270.0,4.0,0.1816848877236005,1.0,4.0,1.0,3.5277865722931754,,True,True,True
CA169,1,257.0,22270.0,22274.0,4.0,-0.0078409604333634,1.0,4.0,1.0,4.671230150740567,,True,True,True
CA169,1,258.0,22274.0,22278.0,4.0,0.049537782588550544,1.0,4.0,2.0,3.4905979297761993,False,True,True,True
CA169,1,259.0,22278.0,22282.0,4.0,-0.180518667952982,1.0,4.0,2.0,4.787332939494253,,True,True,True
CA169,1,260.0,22282.0,22286.0,4.0,0.057743380208049595,1.0,4.0,2.0,2.4960132552753675,,True,True,True
CA169,1,261.0,22286.0,22290.0,4.0,0.0458636641713418,1.0,4.0,2.0,4.092067002741393,,True,True,True
CA169,1,262.0,22290.0,22294.0,4.0,-0.1024885102747548,1.0,4.0,2.0,5.565308618818003,,True,True,True
CA169,1,263.0,22294.0,22298.0,4.0,0.05516751130160355,1.0,4.0,2.0,4.706354128373146,,True,True,True
CA169,1,264.0,22298.0,22302.0,4.0,0.06408803247829345,0.9140625,3.65625,2.0,1.552812838513412,,True,True,True
CA169,1,265.0,22302.0,22306.0,4.0,0.042997875557782096,0.0224609375,0.08984375,1.0,1.7197686732057877,False,False,False,True
CA169,1,266.0,22306.0,22310.0,4.0,-0.1891928659335843,0.8095703125,3.23828125,1.0,1.4308701275304778,,True,True,True
CA169,1,267.0,22310.0,22314.0,4.0,0.1764637395441793,0.0,0.0,0.0,1.5913306333992028,False,False,False,True
CA169,1,268.0,22314.0,22318.0,4.0,-0.1950594821017938,0.375,1.5,2.0,1.8952706896210005,False,False,False,True
CA169,1,269.0,22318.0,22322.0,4.0,0.0324531817331981,1.0,4.0,2.0,3.3963190596223516,,True,True,True
CA169,1,270.0,22322.0,22326.0,4.0,0.0073787079361612,1.0,4.0,1.0,3.5148148251307947,False,True,True,True
CA169,1,271.0,22326.0,22330.0,4.0,-0.09041773955814356,1.0,4.0,1.0,3.0767644136945513,False,True,True,True
CA169,1,272.0,22330.0,22334.0,4.0,-0.05654869868489859,0.955078125,3.8203125,2.0,1.389935545514458,False,True,True,True
CA169,1,273.0,22334.0,22338.0,4.0,-0.12713698459833345,0.666015625,2.6640625,1.0,1.4232635132128348,False,False,False,True
CA169,1,274.0,22338.0,22342.0,4.0,0.0667781361193572,0.7431640625,2.97265625,1.0,1.7010935971542462,False,False,False,True
CA169,1,275.0,22342.0,22346.0,4.0,0.01472504345372655,1.0,4.0,2.0,2.052210950108362,,True,True,True
CA169,1,276.0,22346.0,22350.0,4.0,-0.09959532046960991,1.0,4.0,2.0,3.292279195049107,,True,True,True
CA169,1,277.0,22350.0,22354.0,4.0,0.04809885526321375,1.0,4.0,2.0,3.4326637476041224,,True,True,True
CA169,1,278.0,22354.0,22358.0,4.0,-0.2211414672432702,1.0,4.0,2.0,3.441272993793876,,True,True,True
CA169,1,279.0,22358.0,22362.0,4.0,-0.22285334588573819,0.271484375,1.0859375,1.0,2.369618784897984,False,False,False,True
CA169,1,280.0,22362.0,22366.0,4.0,0.0518112028632942,0.0,0.0,0.0,1.0561055702164557,True,False,False,True
CA169,1,281.0,22366.0,22370.0,4.0,-0.3559051405742914,0.0,0.0,0.0,1.6956541134375975,False,False,False,True
CA169,1,282.0,22370.0,22374.0,4.0,-0.21975445012981265,0.275390625,1.1015625,1.0,1.0460428123763035,True,False,False,True
CA169,1,283.0,22374.0,22378.0,4.0,0.1449791038232145,0.0,0.0,0.0,1.9593180685057563,False,False,False,True
CA169,1,284.0,22378.0,22382.0,4.0,-0.0429471050741037,0.0,0.0,0.0,1.4143536509177457,False,False,False,True
CA169,1,285.0,22382.0,22386.0,4.0,0.07692415096471555,0.0,0.0,0.0,0.9495119813416996,True,False,False,True
CA169,1,286.0,22386.0,22390.0,4.0,-0.0100895495132141,0.0,0.0,0.0,1.6948404302802755,False,False,False,True
CA169,1,288.0,22394.0,22398.0,4.0,-0.3690543178882,1.0,4.0,1.0,2.8444253078803037,False,True,True,True
CA169,1,289.0,22398.0,22402.0,4.0,-0.20610510942143967,1.0,4.0,1.0,2.676079471985054,False,True,True,True
CA169,1,290.0,22402.0,22406.0,4.0,0.06374445550247025,1.0,4.0,1.0,3.0571719607483248,False,True,True,True
CA169,1,291.0,22406.0,22410.0,4.0,-0.0670012301987308,1.0,4.0,2.0,2.540844543305394,False,True,True,True
CA169,1,292.0,22410.0,22414.0,4.0,0.2089246778440299,1.0,4.0,1.0,4.36272853248273,,True,True,True
CA169,1,293.0,22414.0,22418.0,4.0,0.0616333776035454,0.0,0.0,0.0,1.3652053466586007,False,False,False,True
CA169,1,294.0,22418.0,22422.0,4.0,0.21198079639010348,0.05859375,0.234375,1.0,1.693714193394103,False,False,False,True
CA169,1,295.0,22422.0,22426.0,4.0,-0.125047218508888,1.0,4.0,1.0,3.120625493143599,False,True,True,True
CA169,1,296.0,22426.0,22430.0,4.0,-0.15414182236100704,1.0,4.0,1.0,3.747165204772182,False,True,True,True
CA169,1,297.0,22430.0,22434.0,4.0,0.1244013377512154,0.05859375,0.234375,1.0,1.289154116964165,True,False,False,True
CA169,1,298.0,22434.0,22438.0,4.0,0.0998411787730991,0.0,0.0,0.0,1.3400187533730432,False,False,False,True
CA169,1,299.0,22438.0,22442.0,4.0,-0.1211042450787769,0.0,0.0,0.0,1.3111840276800013,False,False,False,True
CA169,1,302.0,22450.0,22454.0,4.0,-0.0152601988357739,0.0517578125,0.20703125,1.0,1.430399179613796,False,False,False,True
CA169,1,303.0,22454.0,22458.0,4.0,0.0905357072953542,1.0,4.0,1.0,2.86450819851791,,True,True,True
CA169,1,304.0,22458.0,22462.0,4.0,-0.0235385086414949,1.0,4.0,1.0,7.414773527016244,,True,True,True
CA169,1,305.0,22462.0,22466.0,4.0,0.10032134251030095,1.0,4.0,1.0,4.280450671332609,True,True,True,True
CA169,1,306.0,22466.0,22470.0,4.0,0.1727484666943741,1.0,4.0,1.0,4.168111421824772,False,True,True,True
CA169,1,307.0,22470.0,22474.0,4.0,0.04906371033633695,1.0,4.0,1.0,5.9731386621371945,False,True,True,True
CA169,1,308.0,22474.0,22478.0,4.0,0.0985169532101379,1.0,4.0,1.0,12.42611460035661,,True,True,True
CA169,1,309.0,22478.0,22482.0,4.0,0.2963801719089304,1.0,4.0,1.0,11.094985552410622,,True,True,True
CA169,1,310.0,22482.0,22486.0,4.0,0.0261584853867629,1.0,4.0,2.0,9.633807542295978,,True,True,True
CA169,1,311.0,22486.0,22490.0,4.0,0.07144397456412074,1.0,4.0,2.0,6.761815985346602,,True,True,True
CA169,1,312.0,22490.0,22494.0,4.0,-0.0204994656326909,1.0,4.0,2.0,2.9700909711117234,,True,True,True
CA169,1,313.0,22494.0,22498.0,4.0,0.10229727375088854,1.0,4.0,1.0,4.282535072305691,False,True,True,True
CA169,1,317.0,22510.0,22514.0,4.0,0.05473925170873145,0.0,0.0,0.0,1.467513336242293,False,False,False,True
CA169,1,318.0,22514.0,22518.0,4.0,-0.0577499568841277,0.0,0.0,0.0,1.5205553640239686,False,False,False,True
CA169,1,319.0,22518.0,22522.0,4.0,0.0558388156833784,0.3232421875,1.29296875,1.0,1.409990624316823,False,False,False,True
CA169,1,320.0,22522.0,22526.0,4.0,0.02851513984002445,0.9140625,3.65625,1.0,1.9571191282241434,False,True,True,True
CA169,1,321.0,22526.0,22530.0,4.0,-0.023880713005076548,0.4169921875,1.66796875,1.0,0.9962153194905244,True,False,False,True
CA169,1,322.0,22530.0,22534.0,4.0,0.10018313420792015,1.0,4.0,1.0,2.3287419511627503,False,True,True,True
CA169,1,323.0,22534.0,22538.0,4.0,0.033404268029558294,0.453125,1.8125,1.0,1.8299996277144461,False,False,False,True
CA169,1,324.0,22538.0,22542.0,4.0,0.07625411080670774,0.083984375,0.3359375,1.0,1.3486048258195056,True,False,False,True
CA169,1,325.0,22542.0,22546.0,4.0,0.04508302786228365,1.0,4.0,2.0,2.9012958562872746,False,True,True,True
CA169,1,326.0,22546.0,22550.0,4.0,0.015005533675542054,1.0,4.0,2.0,5.980059820661524,,True,True,True
CA169,1,327.0,22550.0,22554.0,4.0,0.1529722162874891,1.0,4.0,1.0,8.659955432497934,,True,True,True
CA169,1,328.0,22554.0,22558.0,4.0,0.0871524515683717,1.0,4.0,1.0,4.579572425939453,,True,True,True
CA169,1,330.0,22562.0,22566.0,4.0,0.0222578153508001,1.0,4.0,1.0,4.790128261485694,,True,True,True
CA169,1,331.0,22566.0,22570.0,4.0,-0.0105452847428744,1.0,4.0,1.0,6.831766973644867,,True,True,True
CA169,1,332.0,22570.0,22574.0,4.0,0.079992559356771,1.0,4.0,1.0,5.174132727171067,,True,True,True
CA169,1,333.0,22574.0,22578.0,4.0,-0.0738347863336402,1.0,4.0,1.0,5.977444445997024,,True,True,True
CA169,1,334.0,22578.0,22582.0,4.0,0.018980859034057,1.0,4.0,1.0,4.5201735943225545,,True,True,True
CA169,1,335.0,22582.0,22586.0,4.0,0.19965592429306334,1.0,4.0,1.0,2.8790147946448323,False,True,True,True
CA169,1,336.0,22586.0,22590.0,4.0,-0.006234125369045549,1.0,4.0,1.0,3.053455437817272,False,True,True,True
CA169,1,337.0,22590.0,22594.0,4.0,0.0010712105975844988,1.0,4.0,1.0,3.1153029727369344,False,True,True,True
CA169,1,338.0,22594.0,22598.0,4.0,-0.20473607505794672,1.0,4.0,2.0,2.7802117763719325,False,True,True,True
CA169,1,339.0,22598.0,22602.0,4.0,-0.281916978170406,0.9765625,3.90625,1.0,1.349846472604628,,True,True,True
CA169,1,340.0,22602.0,22606.0,4.0,0.0361866418636105,0.0,0.0,0.0,1.3562860794180205,False,False,False,True
CA169,1,341.0,22606.0,22610.0,4.0,0.4337852908996258,0.4453125,1.78125,1.0,1.719635360370768,True,False,False,True
CA169,1,342.0,22610.0,22614.0,4.0,0.3195442943316051,0.0,0.0,0.0,2.9486233943871287,False,False,False,True
CA169,1,343.0,22614.0,22618.0,4.0,-0.3822073209423183,0.0,0.0,0.0,2.3204172908962337,False,False,False,True
CA169,1,344.0,22618.0,22622.0,4.0,0.2375467506361237,0.0,0.0,0.0,1.4280048974807042,False,False,False,True
CA169,1,345.0,22622.0,22626.0,4.0,-0.1760629603943252,1.0,4.0,1.0,2.157780314044262,False,True,True,True
CA169,1,346.0,22626.0,22630.0,4.0,-0.12598169157547,1.0,4.0,1.0,2.014145731742226,True,True,True,True
CA169,1,347.0,22630.0,22634.0,4.0,0.0620021345757858,1.0,4.0,1.0,6.333200812408324,,True,True,True
CA169,1,348.0,22634.0,22638.0,4.0,-0.0335224968955092,1.0,4.0,1.0,3.978272014485495,,True,True,True
CA169,1,349.0,22638.0,22642.0,4.0,0.0305994305033368,1.0,4.0,1.0,4.20323732658695,,True,True,True
CA169,1,350.0,22642.0,22646.0,4.0,-0.004218239848930896,1.0,4.0,2.0,3.3174308878921543,False,True,True,True
CA169,1,351.0,22646.0,22650.0,4.0,-0.03130687855249,1.0,4.0,1.0,5.838745920566329,,True,True,True
CA169,1,352.0,22650.0,22654.0,4.0,-0.0188381704460842,0.609375,2.4375,1.0,1.746843005902447,,False,False,True
CA169,1,353.0,22654.0,22658.0,4.0,-0.1370094274169879,0.658203125,2.6328125,1.0,1.7589732759085352,False,False,False,True
CA169,1,355.0,22662.0,22666.0,4.0,-0.17358091835720305,0.0,0.0,0.0,2.7296331984176043,False,False,False,True
CA169,1,357.0,22670.0,22674.0,4.0,-0.1413526207514919,0.0,0.0,0.0,1.746749958018521,False,False,False,True
CA169,1,358.0,22674.0,22678.0,4.0,0.0811283798748773,0.0,0.0,0.0,1.445213466742767,False,False,False,True
CA169,1,360.0,22682.0,22686.0,4.0,-0.3029681750857164,0.0,0.0,0.0,1.3830140970654077,False,False,False,True
CA169,1,361.0,22686.0,22690.0,4.0,-0.12654293219535584,0.0,0.0,0.0,1.564797844182209,True,False,False,True
CA169,1,362.0,22690.0,22694.0,4.0,0.1153536245883013,0.0,0.0,0.0,1.6479517849165592,False,False,False,True
CA169,1,363.0,22694.0,22698.0,4.0,-0.1327370807935404,0.833984375,3.3359375,2.0,1.2846247197088752,True,True,True,True
CA169,1,364.0,22698.0,22702.0,4.0,0.0891732220808295,0.47265625,1.890625,1.0,1.6559155424455487,False,False,False,True
CA169,1,365.0,22702.0,22706.0,4.0,-0.0989496980261516,0.958984375,3.8359375,1.0,1.6076864727411773,False,True,True,True
CA169,1,366.0,22706.0,22710.0,4.0,-0.1701303404718257,0.443359375,1.7734375,1.0,1.3700530593571272,False,False,False,True
CA169,1,367.0,22710.0,22714.0,4.0,0.082617068895879,0.0,0.0,0.0,1.4830662876910583,False,False,False,True
CA169,1,369.0,22718.0,22722.0,4.0,-0.0238923027926435,0.0,0.0,0.0,2.984290607453504,False,False,False,True
CA169,1,370.0,22722.0,22726.0,4.0,0.05414074489941345,0.0,0.0,0.0,0.9615192784447797,True,False,False,True
CA169,1,372.0,22730.0,22734.0,4.0,-0.1399188073542411,0.0,0.0,0.0,1.5870877736883078,False,False,False,True
CA169,1,373.0,22734.0,22738.0,4.0,-0.0090074787223385,0.0,0.0,0.0,1.3304717538230322,False,False,False,True
CA169,1,375.0,22742.0,22746.0,4.0,0.2758794577967942,0.8369140625,3.34765625,1.0,1.3829666864399348,,True,True,True
CA169,1,376.0,22746.0,22750.0,4.0,-0.066446928041186,0.060546875,0.2421875,1.0,1.6504555673991954,True,False,False,True
CA169,1,377.0,22750.0,22754.0,4.0,-0.2087147671615978,0.06640625,0.265625,1.0,2.0949754119807165,False,False,False,True
CA169,1,378.0,22754.0,22758.0,4.0,-0.1858535512589861,1.0,4.0,1.0,2.366030103393282,,True,True,True
CA169,1,379.0,22758.0,22762.0,4.0,-0.168362743669001,0.4609375,1.84375,1.0,1.275292876641763,True,False,False,True
CA169,1,380.0,22762.0,22766.0,4.0,-0.03942856203168946,0.0,0.0,0.0,1.547557851217219,False,False,False,True
CA169,1,381.0,22766.0,22770.0,4.0,-0.0652051191478465,0.0,0.0,0.0,1.4576022879994501,False,False,False,True
CA169,1,385.0,22782.0,22786.0,4.0,0.012177627439202296,1.0,4.0,1.0,2.6447673087014887,False,True,True,True
CA169,1,386.0,22786.0,22790.0,4.0,0.0633293468422909,0.7294921875,2.91796875,2.0,1.137591830813365,True,False,False,True
CA169,1,387.0,22790.0,22794.0,4.0,0.31329514824865745,1.0,4.0,1.0,2.373691226388397,False,True,True,True
CA169,1,391.0,22806.0,22810.0,4.0,0.0418477196987237,0.0,0.0,0.0,1.3638983504999485,False,False,False,True
CA169,1,393.0,22814.0,22818.0,4.0,0.145843809067259,0.0,0.0,0.0,1.372129289591846,False,False,False,True
CA169,1,395.0,22822.0,22826.0,4.0,-0.051390163483534895,0.0,0.0,0.0,0.7589686162513397,True,False,False,True
CA169,1,398.0,22834.0,22838.0,4.0,0.1343404151518427,0.0,0.0,0.0,1.4842442135562084,False,False,False,True
CA169,1,399.0,22838.0,22842.0,4.0,0.04626972287324375,0.0,0.0,0.0,1.1478230224745651,True,False,False,True
CA169,1,404.0,22858.0,22862.0,4.0,0.024350946043157,0.2724609375,1.08984375,2.0,1.435869710105718,False,False,False,True
CA169,1,405.0,22862.0,22866.0,4.0,-0.233508649564706,1.0,4.0,1.0,4.323989553297404,,True,True,True
CA169,1,406.0,22866.0,22870.0,4.0,0.0226948624953001,1.0,4.0,1.0,11.032035465412504,,True,True,True
CA169,1,407.0,22870.0,22874.0,4.0,0.5650771410570228,1.0,4.0,1.0,3.454994150218246,False,True,True,True
CA169,1,408.0,22874.0,22878.0,4.0,-0.1997925245690239,1.0,4.0,1.0,8.886190789487875,,True,True,True
CA169,1,409.0,22878.0,22882.0,4.0,-0.3343324463514825,1.0,4.0,1.0,3.5714065210611654,,True,True,True
CA169,1,411.0,22886.0,22890.0,4.0,-0.0224919858846223,0.0,0.0,0.0,1.5393891582065886,False,False,False,True
CA169,1,413.0,22894.0,22898.0,4.0,-0.3360402059867553,1.0,4.0,1.0,6.108147421742891,,True,True,True
CA169,1,414.0,22898.0,22902.0,4.0,0.01190026532519265,1.0,4.0,1.0,2.5535976175679678,False,True,True,True
CA169,1,415.0,22902.0,22906.0,4.0,-0.2858550437573681,1.0,4.0,1.0,4.871953039894676,,True,True,True
CA169,1,417.0,22910.0,22914.0,4.0,-0.0090992229207079,0.5224609375,2.08984375,1.0,1.6746612786749475,,False,False,True
CA169,1,418.0,22914.0,22918.0,4.0,-0.2752854889816885,1.0,4.0,2.0,3.8960782008539447,False,True,True,True
CA169,1,419.0,22918.0,22922.0,4.0,-0.3865969825084476,0.462890625,1.8515625,1.0,4.465224009406005,False,False,False,True
CA169,1,420.0,22922.0,22926.0,4.0,0.11941187259756375,0.0,0.0,0.0,3.4135849767979862,False,False,False,True
CA169,1,421.0,22926.0,22930.0,4.0,0.158096871034817,0.876953125,3.5078125,1.0,1.3661453028253727,True,True,True,True
CA169,1,422.0,22930.0,22934.0,4.0,-0.0634652183238444,0.0,0.0,0.0,3.554235601941236,False,False,False,True
CA169,1,423.0,22934.0,22938.0,4.0,0.045469804197853014,0.0,0.0,0.0,1.8253952539010707,False,False,False,True
CA169,1,425.0,22942.0,22946.0,4.0,0.05959027985058165,0.986328125,3.9453125,1.0,1.363626812686296,False,True,True,True
CA169,1,426.0,22946.0,22950.0,4.0,-0.1392103132012673,0.998046875,3.9921875,1.0,1.4360693308109604,False,True,True,True
CA169,1,427.0,22950.0,22954.0,4.0,0.1532217113595888,0.0,0.0,0.0,1.3820692511554935,False,False,False,True
CA169,1,429.0,22958.0,22962.0,4.0,0.1447942083427439,0.1796875,0.71875,1.0,1.9202253466171961,False,False,False,True
CA169,1,430.0,22962.0,22966.0,4.0,-0.1817813013797523,0.7763671875,3.10546875,1.0,1.0331086861512888,True,True,True,True
CA169,1,431.0,22966.0,22970.0,4.0,0.1675868226331831,0.0,0.0,0.0,1.3117082897876438,False,False,False,True
CA169,1,433.0,22974.0,22978.0,4.0,0.0457549802872614,1.0,4.0,1.0,9.13520598055419,,True,True,True
CA169,1,434.0,22978.0,22982.0,4.0,0.16774673949204616,0.0537109375,0.21484375,1.0,1.01208859673701,True,False,False,True
CA169,1,444.0,23018.0,23022.0,4.0,-0.3617008016493692,0.0,0.0,0.0,1.6031873039682794,False,False,False,True
CA169,1,448.0,23034.0,23038.0,4.0,0.14991188170933914,0.0,0.0,0.0,1.4222228621582407,False,False,False,True
CA169,1,449.0,23038.0,23042.0,4.0,0.0416003808327549,0.0,0.0,0.0,1.40482996852805,False,False,False,True
CA169,1,451.0,23046.0,23050.0,4.0,0.0998835772998675,1.0,4.0,1.0,2.497953767863941,,True,True,True
CA169,1,452.0,23050.0,23054.0,4.0,-0.0858909495281286,1.0,4.0,1.0,2.296044491140222,,True,True,True
CA169,1,453.0,23054.0,23058.0,4.0,0.1559285865412558,1.0,4.0,1.0,3.000331933067907,,True,True,True
CA169,1,454.0,23058.0,23062.0,4.0,0.0612120808977434,1.0,4.0,1.0,3.7072475627541066,,True,True,True
CA169,1,455.0,23062.0,23066.0,4.0,0.1996387332644733,1.0,4.0,1.0,2.9198316364352945,,True,True,True
CA169,1,456.0,23066.0,23070.0,4.0,-0.14123948287582555,0.400390625,1.6015625,1.0,1.3181302816526541,True,False,False,True
CA169,1,458.0,23074.0,23078.0,4.0,-0.03631744537533815,0.0,0.0,0.0,0.8948956378688504,True,False,False,True
CA169,1,461.0,23086.0,23090.0,4.0,-0.014730931839562,0.0791015625,0.31640625,1.0,1.3089324706790586,False,False,False,True
CA169,1,462.0,23090.0,23094.0,4.0,-0.09745529039045996,0.7548828125,3.01953125,1.0,1.4495659788010498,False,True,True,True
CA169,1,463.0,23094.0,23098.0,4.0,-0.101725616205457,0.0,0.0,0.0,1.5462511693758023,False,False,False,True
CA169,1,464.0,23098.0,23102.0,4.0,-0.1592017238445839,0.0634765625,0.25390625,1.0,2.26890480950438,False,False,False,True
CA169,1,465.0,23102.0,23106.0,4.0,-0.1463271039134933,0.0,0.0,0.0,1.4428455649517649,False,False,False,True
CA169,1,467.0,23110.0,23114.0,4.0,-0.2476298888346154,0.98828125,3.953125,1.0,1.487046944631645,,True,True,True
CA169,1,468.0,23114.0,23118.0,4.0,0.2400255261263969,1.0,4.0,1.0,6.505192618723916,,True,True,True
CA169,1,469.0,23118.0,23122.0,4.0,0.0695699145925836,1.0,4.0,1.0,4.18954915265652,,True,True,True
CA169,1,470.0,23122.0,23126.0,4.0,-0.249048922145201,1.0,4.0,1.0,4.592865845027157,,True,True,True
CA169,1,471.0,23126.0,23130.0,4.0,0.1600294210394208,0.0,0.0,0.0,1.4139978696227375,False,False,False,True
CA169,1,472.0,23130.0,23134.0,4.0,0.1818715512453827,0.0,0.0,0.0,1.5196514277381086,False,False,False,True
CA169,1,474.0,23138.0,23142.0,4.0,-0.3349349844068001,0.0,0.0,0.0,1.366299157301801,False,False,False,True
CA169,1,475.0,23142.0,23146.0,4.0,-0.3807200881818108,0.0,0.0,0.0,1.3868836770188022,False,False,False,True
CA169,1,477.0,23150.0,23154.0,4.0,0.1583896638832256,0.0,0.0,0.0,1.379031590191088,False,False,False,True
CA169,1,478.0,23154.0,23158.0,4.0,-0.0256339306777895,0.0,0.0,0.0,1.518555019183325,False,False,False,True
CA169,1,479.0,23158.0,23162.0,4.0,-0.1855919782536328,0.0,0.0,0.0,4.508836151226116,False,False,False,True
CA169,1,481.0,23166.0,23170.0,4.0,-0.1460787316039689,0.0,0.0,0.0,1.7218904178122942,False,False,False,True
CA169,1,482.0,23170.0,23174.0,4.0,0.0177557964604932,0.0,0.0,0.0,1.4831964397244952,False,False,False,True
CA169,1,484.0,23178.0,23182.0,4.0,-0.3544388322999254,0.0,0.0,0.0,1.3285048614874724,False,False,False,True
CA169,1,487.0,23190.0,23194.0,4.0,0.0638109288094573,0.0,0.0,0.0,1.7288281531351517,False,False,False,True
CA169,1,488.0,23194.0,23198.0,4.0,-0.04967154551880115,0.0,0.0,0.0,1.4981608527565649,False,False,False,True
CA169,1,489.0,23198.0,23202.0,4.0,-0.2725524866083151,0.0,0.0,0.0,1.7059376365052346,False,False,False,True
CA169,1,490.0,23202.0,23206.0,4.0,-0.0670528453178125,0.0,0.0,0.0,1.419196808846715,False,False,False,True
CA169,1,491.0,23206.0,23210.0,4.0,-0.4759242888042707,0.0,0.0,0.0,1.340038960540543,False,False,False,True
CA169,1,492.0,23210.0,23214.0,4.0,0.17685135397269836,0.0,0.0,0.0,1.6812476872707716,False,False,False,True
CA169,1,496.0,23226.0,23230.0,4.0,0.1158130146989895,0.0,0.0,0.0,1.325691764305838,False,False,False,True
CA169,1,498.0,23234.0,23238.0,4.0,-0.0781657877493321,0.0,0.0,0.0,1.609493539952174,False,False,False,True
CA169,1,499.0,23238.0,23242.0,4.0,-0.036183029253637,0.0,0.0,0.0,1.420009294037091,False,False,False,True
CA169,1,506.0,23266.0,23270.0,4.0,-0.0475409731450346,0.0,0.0,0.0,1.389311359046273,False,False,False,True
CA169,1,507.0,23270.0,23274.0,4.0,-0.0428572560803856,0.0,0.0,0.0,1.8738959587565087,False,False,False,True
CA169,1,510.0,23282.0,23286.0,4.0,-0.0407069302148481,0.0,0.0,0.0,1.9605919553565805,False,False,False,True
CA169,1,511.0,23286.0,23290.0,4.0,-0.1126412143299773,0.0,0.0,0.0,2.488767734254377,False,False,False,True
CA169,1,512.0,23290.0,23294.0,4.0,0.2599382661564963,0.0,0.0,0.0,1.3530045072386414,False,False,False,True
CA169,1,514.0,23298.0,23302.0,4.0,0.2696273080061461,0.0,0.0,0.0,1.7506590356380254,False,False,False,True
CA169,1,515.0,23302.0,23306.0,4.0,-0.0557441436072624,0.0,0.0,0.0,1.5114750724065555,False,False,False,True
CA169,1,516.0,23306.0,23310.0,4.0,-0.1096128508469957,1.0,4.0,1.0,3.5132056934837066,,True,True,True
CA169,1,517.0,23310.0,23314.0,4.0,0.09603848977004174,0.4140625,1.65625,1.0,1.444454973519629,True,False,False,True
CA169,1,519.0,23318.0,23322.0,4.0,-0.164272653284964,1.0,4.0,1.0,4.948306875355694,,True,True,True
CA169,1,520.0,23322.0,23326.0,4.0,-0.1487920032881979,0.0,0.0,0.0,1.4195260374432763,False,False,False,True
CA169,1,521.0,23326.0,23330.0,4.0,0.1954267234585833,1.0,4.0,1.0,7.26182290592605,,True,True,True
CA169,1,523.0,23334.0,23338.0,4.0,-0.0881265175843166,0.0,0.0,0.0,1.450452836544422,False,False,False,True
CA169,1,524.0,23338.0,23342.0,4.0,-0.046933954494110044,0.0,0.0,0.0,1.659515780970735,False,False,False,True
CA169,1,525.0,23342.0,23346.0,4.0,0.1945168883756464,0.0,0.0,0.0,1.3881072089884283,False,False,False,True
CA169,1,526.0,23346.0,23350.0,4.0,-0.023978512191205552,0.0,0.0,0.0,0.7627716383739669,True,False,False,True
CA169,1,529.0,23358.0,23362.0,4.0,-0.0654514755741708,0.2861328125,1.14453125,1.0,1.494621646803017,False,False,False,True
CA169,1,533.0,23374.0,23378.0,4.0,0.1128832341879891,0.41796875,1.671875,1.0,1.616410312555808,False,False,False,True
CA169,1,534.0,23378.0,23382.0,4.0,0.0859853493303066,0.0,0.0,0.0,1.8756940364191417,False,False,False,True
CA169,1,535.0,23382.0,23386.0,4.0,-0.1754437882614964,0.0,0.0,0.0,1.8849464319716045,False,False,False,True
CA169,1,536.0,23386.0,23390.0,4.0,-0.0521402514053497,0.9345703125,3.73828125,1.0,1.5938960407729286,,True,True,True
CA169,1,537.0,23390.0,23394.0,4.0,0.1180285653900222,1.0,4.0,1.0,2.906392705442672,False,True,True,True
CA169,1,538.0,23394.0,23398.0,4.0,-0.340157319933539,1.0,4.0,2.0,7.496837288123252,,True,True,True
CA169,1,539.0,23398.0,23402.0,4.0,-0.16340066406242254,1.0,4.0,2.0,6.2223834399388815,False,True,True,True
CA169,1,540.0,23402.0,23406.0,4.0,-0.03879192340611244,1.0,4.0,1.0,5.481718595908702,False,True,True,True
CA169,1,541.0,23406.0,23410.0,4.0,0.04802416404963965,1.0,4.0,1.0,4.441468508502331,False,True,True,True
CA169,1,542.0,23410.0,23414.0,4.0,-0.2733387105496377,0.0,0.0,0.0,1.8828966530731597,False,False,False,True
CA169,1,543.0,23414.0,23418.0,4.0,-0.024491443502271254,0.0,0.0,0.0,2.0269781074953355,False,False,False,True
CA169,1,544.0,23418.0,23422.0,4.0,-0.0292962926458538,0.0,0.0,0.0,2.5504287274206057,False,False,False,True
CA169,1,546.0,23426.0,23430.0,4.0,-0.2938694238536453,0.0,0.0,0.0,1.3005616655351433,False,False,False,True
CA169,1,550.0,23442.0,23446.0,4.0,-0.1876275639095858,0.0,0.0,0.0,1.370848508613289,False,False,False,True
CA169,1,551.0,23446.0,23450.0,4.0,-0.2128380199980792,0.322265625,1.2890625,1.0,1.6149794050281656,False,False,False,True
CA169,1,552.0,23450.0,23454.0,4.0,-0.012095308922987148,1.0,4.0,2.0,2.491088002087748,False,True,True,True
CA169,1,553.0,23454.0,23458.0,4.0,0.18843359410225347,0.71875,2.875,2.0,1.3389748565619821,True,False,False,True
CA169,1,554.0,23458.0,23462.0,4.0,0.1181847945890565,1.0,4.0,1.0,3.3489185632046237,False,True,True,True
CA169,1,555.0,23462.0,23466.0,4.0,0.1971074257830323,1.0,4.0,2.0,3.696780364937743,False,True,True,True
CA169,1,556.0,23466.0,23470.0,4.0,-0.17045585010647013,1.0,4.0,2.0,3.4670842716292682,,True,True,True
CA169,1,557.0,23470.0,23474.0,4.0,-0.0270993157872894,1.0,4.0,1.0,4.729992232240232,,True,True,True
CA169,1,558.0,23474.0,23478.0,4.0,0.1499078472254627,1.0,4.0,1.0,2.705880044979692,,True,True,True
CA169,1,559.0,23478.0,23482.0,4.0,0.0227336474979499,1.0,4.0,1.0,3.1338352387932047,,True,True,True
CA169,1,560.0,23482.0,23486.0,4.0,0.0116261716943386,0.966796875,3.8671875,1.0,1.4214264496250415,False,True,True,True
CA169,1,562.0,23490.0,23494.0,4.0,0.0887869260078015,1.0,4.0,1.0,2.8302629943501056,,True,True,True
CA169,1,563.0,23494.0,23498.0,4.0,0.04125499408023235,1.0,4.0,1.0,2.2290881790664114,False,True,True,True
CA169,1,564.0,23498.0,23502.0,4.0,-0.0996413055478027,1.0,4.0,1.0,5.778111749011144,,True,True,True
CA169,1,565.0,23502.0,23506.0,4.0,-0.11034242112097604,1.0,4.0,1.0,4.941865888594018,False,True,True,True
CA169,1,566.0,23506.0,23510.0,4.0,0.1630939006395139,1.0,4.0,1.0,2.3835797796285783,False,True,True,True
CA169,1,567.0,23510.0,23514.0,4.0,-0.1307342202234575,1.0,4.0,1.0,4.940324016344942,,True,True,True
CA169,1,568.0,23514.0,23518.0,4.0,0.1135399299396981,1.0,4.0,1.0,10.717729723561092,,True,True,True
CA169,1,569.0,23518.0,23522.0,4.0,-0.2945847342928791,1.0,4.0,1.0,2.97118467579345,,True,True,True
CA169,1,570.0,23522.0,23526.0,4.0,0.1256063085317661,1.0,4.0,1.0,2.0149532473895904,,True,True,True
CA169,1,571.0,23526.0,23530.0,4.0,-0.0871471745860695,1.0,4.0,1.0,2.320167758429825,,True,True,True
CA169,1,573.0,23534.0,23538.0,4.0,-0.0421889542224229,0.146484375,0.5859375,1.0,1.717759901470645,False,False,False,True
CA169,1,574.0,23538.0,23542.0,4.0,0.0827562609119867,1.0,4.0,1.0,3.157218597631995,,True,True,True
CA169,1,575.0,23542.0,23546.0,4.0,-0.0578829501030482,1.0,4.0,1.0,2.2998758675594444,,True,True,True
CA169,1,576.0,23546.0,23550.0,4.0,0.046547265395407,0.0244140625,0.09765625,1.0,1.553655327583893,False,False,False,True
CA169,1,579.0,23558.0,23562.0,4.0,0.0911210157583126,0.0,0.0,0.0,1.4945206194198513,False,False,False,True
CA169,1,583.0,23574.0,23578.0,4.0,-0.1746576967680117,0.0,0.0,0.0,1.4268943835738055,False,False,False,True
CA169,1,584.0,23578.0,23582.0,4.0,-0.3123566393003966,0.0,0.0,0.0,1.615562512359497,False,False,False,True
CA169,1,589.0,23598.0,23602.0,4.0,0.0867515737982745,0.0,0.0,0.0,1.5321073033402588,False,False,False,True
CA169,1,590.0,23602.0,23606.0,4.0,-0.1009090672720626,0.0,0.0,0.0,1.7120598635979871,False,False,False,True
CA169,1,593.0,23614.0,23618.0,4.0,-0.1325542369196367,0.0,0.0,0.0,1.5319816039506484,False,False,False,True
CA169,1,595.0,23622.0,23626.0,4.0,-0.5021805599704346,1.0,4.0,2.0,14.133083794044264,,True,True,True
CA169,1,596.0,23626.0,23630.0,4.0,0.027671256101267,1.0,4.0,1.0,5.497593999923751,,True,True,True
CA169,1,597.0,23630.0,23634.0,4.0,0.1651768814253339,1.0,4.0,1.0,3.1535419210372075,,True,True,True
CA169,1,598.0,23634.0,23638.0,4.0,0.1613578365058549,0.0,0.0,0.0,1.3168437458878044,False,False,False,True
CA169,1,601.0,23646.0,23650.0,4.0,-0.0042681377997022,0.0,0.0,0.0,1.3102289423175166,False,False,False,True
CA169,1,602.0,23650.0,23654.0,4.0,-0.1691049642626284,0.0,0.0,0.0,1.427776900531873,False,False,False,True
CA169,1,603.0,23654.0,23658.0,4.0,-0.07206669199707665,1.0,4.0,1.0,1.9955771310801655,False,True,True,True
CA169,1,604.0,23658.0,23662.0,4.0,0.09116186346190565,1.0,4.0,1.0,2.4267217935465015,True,True,True,True
CA169,1,605.0,23662.0,23666.0,4.0,-0.0239929075568867,1.0,4.0,1.0,3.3720712662352708,,True,True,True
CA169,1,606.0,23666.0,23670.0,4.0,-0.1303526735015585,0.369140625,1.4765625,1.0,1.3844723968272925,False,False,False,True
CA169,1,607.0,23670.0,23674.0,4.0,0.1063071931389766,0.0,0.0,0.0,1.444017235854232,False,False,False,True
CA169,1,608.0,23674.0,23678.0,4.0,-0.0064392863534546,0.263671875,1.0546875,1.0,1.511936627379232,False,False,False,True
CA169,1,610.0,23682.0,23686.0,4.0,-0.0006676397044775989,0.0,0.0,0.0,1.1107107269289913,True,False,False,True
CA169,1,615.0,23702.0,23706.0,4.0,0.4268927650683535,1.0,4.0,1.0,7.631217423421606,,True,True,True
CA169,1,616.0,23706.0,23710.0,4.0,0.1292486471166578,1.0,4.0,1.0,5.34969158161569,,True,True,True
CA169,1,617.0,23710.0,23714.0,4.0,-0.0711583267094706,1.0,4.0,1.0,6.067507630380141,,True,True,True
CA169,1,620.0,23722.0,23726.0,4.0,-0.0903633560124853,1.0,4.0,1.0,5.385501500002571,,True,True,True
CA169,1,621.0,23726.0,23730.0,4.0,0.1537330845672698,0.9462890625,3.78515625,1.0,1.3883217076299297,,True,True,True
CA169,1,623.0,23734.0,23738.0,4.0,-0.0460434846676387,0.4248046875,1.69921875,2.0,2.977431370186608,False,False,False,True
CA169,1,624.0,23738.0,23742.0,4.0,-0.0730266094944124,1.0,4.0,1.0,3.4527336789361187,,True,True,True
CA169,1,625.0,23742.0,23746.0,4.0,-0.0959230740298445,0.4921875,1.96875,1.0,0.6588836314955986,True,False,False,True
CA169,1,627.0,23750.0,23754.0,4.0,-0.239075931844727,0.0,0.0,0.0,1.3267405918398316,False,False,False,True
CA169,1,629.0,23758.0,23762.0,4.0,0.1932280586812481,1.0,4.0,1.0,3.0072313089807974,,True,True,True
CA169,1,630.0,23762.0,23766.0,4.0,-0.003121286317925659,1.0,4.0,1.0,2.5582304809705536,False,True,True,True
CA169,1,631.0,23766.0,23770.0,4.0,0.1183679471038018,1.0,4.0,1.0,3.8474337699717727,,True,True,True
CA169,1,633.0,23774.0,23778.0,4.0,-0.021227264229434,1.0,4.0,1.0,3.014612481556481,,True,True,True
CA169,1,634.0,23778.0,23782.0,4.0,0.1349781918752499,1.0,4.0,1.0,9.373858226446176,,True,True,True
CA169,1,635.0,23782.0,23786.0,4.0,0.1032844952048084,1.0,4.0,1.0,3.2322037944636945,,True,True,True
CA169,1,636.0,23786.0,23790.0,4.0,-0.4087527705797629,0.1005859375,0.40234375,1.0,0.9986959921920833,True,False,False,True
CA169,1,638.0,23794.0,23798.0,4.0,0.1224325134003309,0.0,0.0,0.0,1.3235578624717128,False,False,False,True
CA169,1,639.0,23798.0,23802.0,4.0,-0.049529834622708,0.0,0.0,0.0,1.3404258387219403,False,False,False,True
CA169,1,646.0,23826.0,23830.0,4.0,-0.19450757963311838,0.0,0.0,0.0,0.840728308766481,True,False,False,True
CA169,1,647.0,23830.0,23834.0,4.0,-0.08602480856785345,0.0,0.0,0.0,0.9136731814080511,True,False,False,True
CA169,1,649.0,23838.0,23842.0,4.0,0.19653135661720794,0.0,0.0,0.0,1.8544218845619413,False,False,False,True
CA169,1,650.0,23842.0,23846.0,4.0,0.019810458970155903,0.0,0.0,0.0,0.9340705189248684,True,False,False,True
CA169,1,652.0,23850.0,23854.0,4.0,-0.0319178778716652,0.0,0.0,0.0,1.3420657300227896,False,False,False,True
CA169,1,657.0,23870.0,23874.0,4.0,0.16478627009523475,0.0,0.0,0.0,1.7340663098398306,False,False,False,True
CA169,1,658.0,23874.0,23878.0,4.0,-0.1359161716550064,0.0,0.0,0.0,1.6632221592195435,False,False,False,True
CA169,1,659.0,23878.0,23882.0,4.0,-0.1596385845074477,0.0,0.0,0.0,1.590181392682918,False,False,False,True
CA169,1,660.0,23882.0,23886.0,4.0,-0.0205252422639203,0.0,0.0,0.0,1.419117780457357,False,False,False,True
CA169,1,661.0,23886.0,23890.0,4.0,-0.3911816938552589,0.0,0.0,0.0,1.318949979215743,False,False,False,True
CA169,1,676.0,23946.0,23950.0,4.0,0.0847595603894331,0.0,0.0,0.0,1.4072902700716359,False,False,False,True
CA169,1,692.0,24010.0,24014.0,4.0,-0.1016902941928915,0.97265625,3.890625,1.0,1.4572660084722855,,True,True,True
CA169,1,694.0,24018.0,24022.0,4.0,0.1219445721823071,1.0,4.0,1.0,3.676754694363201,,True,True,True
CA169,1,695.0,24022.0,24026.0,4.0,-0.0058122974410685,1.0,4.0,1.0,3.483322054382248,,True,True,True
CA169,1,696.0,24026.0,24030.0,4.0,-0.0311375362710784,1.0,4.0,1.0,11.272318813617549,,True,True,True
CA169,1,697.0,24030.0,24034.0,4.0,-0.0699227070010576,0.6171875,2.46875,1.0,1.506832390876912,,False,False,True
CA169,1,698.0,24034.0,24038.0,4.0,-0.02521203358034555,0.0,0.0,0.0,1.3403897770626148,False,False,False,True
CA169,1,703.0,24054.0,24058.0,4.0,-0.260210699725597,0.0,0.0,0.0,1.714140518494471,False,False,False,True
CA169,1,704.0,24058.0,24062.0,4.0,0.007241915660737397,0.0,0.0,0.0,0.75328792332831,True,False,False,True
CA169,1,705.0,24062.0,24066.0,4.0,0.0536269897259638,0.0,0.0,0.0,0.7317876814133705,True,False,False,True
CA169,1,706.0,24066.0,24070.0,4.0,0.21416888731175027,0.0,0.0,0.0,0.736871420684774,True,False,False,True
CA169,1,711.0,24086.0,24090.0,4.0,0.1180180145829158,0.0,0.0,0.0,1.3934721096144556,False,False,False,True
CA169,1,712.0,24090.0,24094.0,4.0,0.1154463838782251,0.0,0.0,0.0,0.8730290019030693,True,False,False,True
CA169,1,715.0,24102.0,24106.0,4.0,0.3566821082353464,0.0,0.0,0.0,1.543538522749164,False,False,False,True
CA169,1,716.0,24106.0,24110.0,4.0,0.0095568688686599,0.0,0.0,0.0,1.4094764673933362,False,False,False,True
CA169,1,717.0,24110.0,24114.0,4.0,-0.0967848979624622,0.0,0.0,0.0,1.3887064612006168,False,False,False,True
CA169,1,734.0,24178.0,24182.0,4.0,-0.08422297295830135,0.0,0.0,0.0,0.6812672011126458,True,False,False,True
CA169,1,735.0,24182.0,24186.0,4.0,-0.08315913894270519,0.0,0.0,0.0,0.7387193167798207,True,False,False,True
CA169,1,736.0,24186.0,24190.0,4.0,-0.04216128821566335,0.0,0.0,0.0,0.7318965036683791,True,False,False,True
CA169,1,737.0,24190.0,24194.0,4.0,-0.15213727110871567,0.0,0.0,0.0,0.7513257803113407,True,False,False,True
CA169,1,738.0,24194.0,24198.0,4.0,-0.0495275097061854,0.0,0.0,0.0,0.7552458422026175,True,False,False,True
CA169,1,739.0,24198.0,24202.0,4.0,0.17806836827210265,0.0,0.0,0.0,0.7651686976442562,True,False,False,True
CA169,1,743.0,24214.0,24218.0,4.0,0.018130867743945997,0.0,0.0,0.0,0.6906183308377589,True,False,False,True
CA169,1,745.0,24222.0,24226.0,4.0,-0.041172953770488796,0.0,0.0,0.0,0.7169599481628586,True,False,False,True
CA169,1,746.0,24226.0,24230.0,4.0,-0.1932472161882877,0.0,0.0,0.0,1.4767947546150983,False,False,False,True
CA169,1,753.0,24254.0,24258.0,4.0,-0.1393341466103901,0.0,0.0,0.0,0.7171998039353634,True,False,False,True
CA169,1,756.0,24266.0,24270.0,4.0,0.08552355500116024,0.0,0.0,0.0,0.6875514398014393,True,False,False,True
CA169,1,760.0,24282.0,24286.0,4.0,0.08859898377915175,0.0,0.0,0.0,0.8235492353754003,True,False,False,True
CA169,1,761.0,24286.0,24290.0,4.0,-0.031218417131079895,0.0,0.0,0.0,0.8093424908287286,True,False,False,True
CA169,1,763.0,24294.0,24298.0,4.0,0.1378148899647201,0.0,0.0,0.0,1.6091046381694374,False,False,False,True
CA169,1,766.0,24306.0,24310.0,4.0,0.0270659112619992,0.0,0.0,0.0,1.3645253257083771,False,False,False,True
CA169,1,775.0,24342.0,24346.0,4.0,-0.086061492794937,0.0,0.0,0.0,1.3998914705257643,False,False,False,True
CA169,1,780.0,24362.0,24366.0,4.0,-0.0462095289752738,0.0,0.0,0.0,1.343571080749645,False,False,False,True
CA169,1,781.0,24366.0,24370.0,4.0,-0.3092046120332097,0.0,0.0,0.0,1.5662878506401536,False,False,False,True
CA169,1,787.0,24390.0,24394.0,4.0,0.0018553651944302994,0.2275390625,0.91015625,1.0,1.7820546283677334,True,False,False,True
CA169,1,788.0,24394.0,24398.0,4.0,-0.15166792826785286,0.955078125,3.8203125,1.0,1.6801844382356914,True,True,True,True
CA169,1,799.0,24438.0,24442.0,4.0,0.004620764361344204,0.0,0.0,0.0,0.7971429653136324,True,False,False,True
CA169,1,801.0,24446.0,24450.0,4.0,-0.199620656325947,0.0,0.0,0.0,0.774729035276124,True,False,False,True
CA169,1,802.0,24450.0,24454.0,4.0,-0.06364700083189884,0.0,0.0,0.0,0.7183769851045897,True,False,False,True
CA169,1,807.0,24470.0,24474.0,4.0,-0.0255857966680211,0.0,0.0,0.0,1.4923695755983308,False,False,False,True
CA169,2,2.0,35320.0,35324.0,4.0,0.08123967243870865,0.0,0.0,0.0,2.536819096049449,False,False,False,True
CA169,2,6.0,35336.0,35340.0,4.0,0.0017734529882733052,0.1669921875,0.66796875,1.0,1.415929072144655,False,False,False,True
CA169,2,11.0,35356.0,35360.0,4.0,0.0116162489716491,0.0,0.0,0.0,1.4179599277040549,False,False,False,True
CA169,2,12.0,35360.0,35364.0,4.0,-0.1203023469468196,0.0,0.0,0.0,1.6759205284105378,False,False,False,True
CA169,2,14.0,35368.0,35372.0,4.0,-0.0705172719367548,0.0,0.0,0.0,1.3141598653664213,False,False,False,True
CA169,2,16.0,35376.0,35380.0,4.0,-0.02328431596119615,0.0,0.0,0.0,0.9948317815272101,True,False,False,True
CA169,2,18.0,35384.0,35388.0,4.0,-0.2686073553122209,0.0,0.0,0.0,1.8128658104658355,False,False,False,True
CA169,2,20.0,35392.0,35396.0,4.0,-0.06229951661605885,0.0,0.0,0.0,1.1596052910229087,True,False,False,True
CA169,2,21.0,35396.0,35400.0,4.0,-0.06376796786609021,0.0,0.0,0.0,0.9998305043655925,True,False,False,True
CA169,2,22.0,35400.0,35404.0,4.0,0.2743686334336958,0.0,0.0,0.0,1.3618271576993874,False,False,False,True
CA169,2,23.0,35404.0,35408.0,4.0,-0.16115341880189324,0.0,0.0,0.0,1.4193542094239529,True,False,False,True
CA169,2,24.0,35408.0,35412.0,4.0,0.1700710073212017,0.9541015625,3.81640625,1.0,2.036469023735385,,True,True,True
CA169,2,25.0,35412.0,35416.0,4.0,-0.3317269668800162,0.671875,2.6875,2.0,1.2314202309267823,True,False,False,True
CA169,2,26.0,35416.0,35420.0,4.0,-0.12032649222338529,0.5693359375,2.27734375,1.0,1.5648375198549762,True,False,False,True
CA169,2,27.0,35420.0,35424.0,4.0,-0.023233489985459,0.0,0.0,0.0,1.412851939040116,False,False,False,True
CA169,2,28.0,35424.0,35428.0,4.0,-0.0309726175837568,0.0,0.0,0.0,1.0061937149922755,True,False,False,True
CA169,2,29.0,35428.0,35432.0,4.0,-0.21245158978836753,0.0,0.0,0.0,0.9243395967113202,True,False,False,True
CA169,2,30.0,35432.0,35436.0,4.0,-0.2339454293474661,0.0,0.0,0.0,1.3566456983263715,False,False,False,True
CA169,2,31.0,35436.0,35440.0,4.0,-0.0334215947352062,0.0,0.0,0.0,0.8482356106418176,True,False,False,True
CA169,2,35.0,35452.0,35456.0,4.0,0.12592873965225745,0.0,0.0,0.0,2.3123256933189547,False,False,False,True
CA169,2,36.0,35456.0,35460.0,4.0,0.03363213192820554,0.0,0.0,0.0,1.9562843542314186,False,False,False,True
CA169,2,38.0,35464.0,35468.0,4.0,0.0339407502292175,0.4658203125,1.86328125,1.0,2.5665801042666088,True,False,False,True
CA169,2,39.0,35468.0,35472.0,4.0,-0.082931746423787,0.0,0.0,0.0,1.4318488731546164,False,False,False,True
CA169,2,40.0,35472.0,35476.0,4.0,0.224303679186485,0.0,0.0,0.0,0.7674081998398757,True,False,False,True
CA169,2,42.0,35480.0,35484.0,4.0,-0.0619739060684431,0.4287109375,1.71484375,1.0,4.1216985103208925,False,False,False,True
CA169,2,43.0,35484.0,35488.0,4.0,0.0548540222744049,0.0,0.0,0.0,1.3339087980388713,False,False,False,True
CA169,2,45.0,35492.0,35496.0,4.0,-0.3901461758478776,0.0,0.0,0.0,3.319481858750085,False,False,False,True
CA169,2,46.0,35496.0,35500.0,4.0,-0.2300237240421596,0.0,0.0,0.0,1.5993576683334227,False,False,False,True
CA169,2,47.0,35500.0,35504.0,4.0,-0.013941642554784152,0.0,0.0,0.0,2.745872565448199,False,False,False,True
CA169,2,48.0,35504.0,35508.0,4.0,-0.1451053486673098,0.0,0.0,0.0,2.6137427114119274,False,False,False,True
CA169,2,49.0,35508.0,35512.0,4.0,-0.0879046974042664,0.4404296875,1.76171875,2.0,2.5491800634973902,True,False,False,True
CA169,2,50.0,35512.0,35516.0,4.0,-0.0357589897626788,1.0,4.0,1.0,4.762953526259731,,True,True,True
CA169,2,51.0,35516.0,35520.0,4.0,0.0793943417924506,1.0,4.0,1.0,2.6305290322650463,,True,True,True
CA169,2,52.0,35520.0,35524.0,4.0,0.1143001619956161,0.986328125,3.9453125,1.0,2.096238328887441,True,True,True,True
CA169,2,53.0,35524.0,35528.0,4.0,-0.05408369159870664,0.0,0.0,0.0,1.9602837912098048,True,False,False,True
CA169,2,54.0,35528.0,35532.0,4.0,-0.0625601123221841,0.0,0.0,0.0,1.871878705939622,True,False,False,True
CA169,2,55.0,35532.0,35536.0,4.0,0.309714130462518,0.0,0.0,0.0,2.790924439053307,False,False,False,True
CA169,2,56.0,35536.0,35540.0,4.0,-0.002575472217006748,0.3955078125,1.58203125,1.0,1.931625361538863,True,False,False,True
CA169,2,57.0,35540.0,35544.0,4.0,0.3951242025229232,1.0,4.0,1.0,23.92021760609063,,True,True,True
CA169,2,58.0,35544.0,35548.0,4.0,-0.06623868069023675,1.0,4.0,1.0,12.05490826154743,False,True,True,True
CA169,2,59.0,35548.0,35552.0,4.0,-0.0589433422798917,1.0,4.0,1.0,5.180222555754993,False,True,True,True
CA169,2,60.0,35552.0,35556.0,4.0,-0.130226797819718,1.0,4.0,1.0,11.568917811988063,,True,True,True
CA169,2,61.0,35556.0,35560.0,4.0,0.1747702336854534,1.0,4.0,1.0,10.468752606481834,,True,True,True
CA169,2,62.0,35560.0,35564.0,4.0,-0.0907953741815909,1.0,4.0,1.0,7.70451154353936,,True,True,True
CA169,2,63.0,35564.0,35568.0,4.0,0.1371700701058788,1.0,4.0,1.0,9.698530273269949,,True,True,True
CA169,2,64.0,35568.0,35572.0,4.0,0.061515592296072244,0.8193359375,3.27734375,1.0,3.085326283691878,True,True,True,True
CA169,2,65.0,35572.0,35576.0,4.0,-0.27802150120875524,0.0,0.0,0.0,3.2587849574233796,False,False,False,True
CA169,2,66.0,35576.0,35580.0,4.0,-0.2673240869472985,0.1513671875,0.60546875,2.0,1.8473348483391447,False,False,False,True
CA169,2,67.0,35580.0,35584.0,4.0,-0.3847608753003331,0.9345703125,3.73828125,1.0,1.705626747129686,,True,True,True
CA169,2,69.0,35588.0,35592.0,4.0,-0.4189807421366048,0.3662109375,1.46484375,1.0,2.4972517016734064,True,False,False,True
CA169,2,70.0,35592.0,35596.0,4.0,-0.2283258182802632,1.0,4.0,1.0,6.490262189984778,,True,True,True
CA169,2,71.0,35596.0,35600.0,4.0,-0.20366524790452845,1.0,4.0,1.0,3.5951654647605,False,True,True,True
CA169,2,72.0,35600.0,35604.0,4.0,0.0266828278381487,1.0,4.0,1.0,10.434737586593911,,True,True,True
CA169,2,73.0,35604.0,35608.0,4.0,0.095455703692423,1.0,4.0,1.0,6.4633650063803,,True,True,True
CA169,2,74.0,35608.0,35612.0,4.0,-0.0645321407323568,1.0,4.0,1.0,7.285978839341513,,True,True,True
CA169,2,75.0,35612.0,35616.0,4.0,0.0654567768096628,0.15234375,0.609375,1.0,2.5868018252163565,False,False,False,True
CA169,2,76.0,35616.0,35620.0,4.0,0.29611340607266123,0.9462890625,3.78515625,1.0,2.085439149553184,False,True,True,True
CA169,2,77.0,35620.0,35624.0,4.0,0.05456758747422865,1.0,4.0,1.0,3.549977840902352,False,True,True,True
CA169,2,78.0,35624.0,35628.0,4.0,0.1394939656506909,0.162109375,0.6484375,1.0,1.5916431328316611,False,False,False,True
CA169,2,79.0,35628.0,35632.0,4.0,-0.0889021523148557,0.66015625,2.640625,1.0,2.172157739149324,,False,False,True
CA169,2,80.0,35632.0,35636.0,4.0,-0.2311602186968674,0.25,1.0,1.0,1.6226102312192854,True,False,False,True
CA169,2,81.0,35636.0,35640.0,4.0,0.2977214157232839,1.0,4.0,1.0,21.73902014688577,,True,True,True
CA169,2,82.0,35640.0,35644.0,4.0,0.08640024273598886,1.0,4.0,1.0,7.945712860288881,False,True,True,True
CA169,2,83.0,35644.0,35648.0,4.0,0.17342701894909968,1.0,4.0,1.0,4.917066710940102,True,True,True,True
CA169,2,84.0,35648.0,35652.0,4.0,-0.006873274988900252,0.140625,0.5625,1.0,2.540912801317081,True,False,False,True
CA169,2,85.0,35652.0,35656.0,4.0,-0.0091862043346545,0.0537109375,0.21484375,1.0,3.464776183103305,False,False,False,True
CA169,2,86.0,35656.0,35660.0,4.0,0.0427187637547375,1.0,4.0,1.0,4.318746546844146,,True,True,True
CA169,2,87.0,35660.0,35664.0,4.0,0.18390715248383127,1.0,4.0,1.0,3.990564027964018,True,True,True,True
CA169,2,88.0,35664.0,35668.0,4.0,0.1793030659033325,1.0,4.0,1.0,15.208069337438992,,True,True,True
CA169,2,89.0,35668.0,35672.0,4.0,0.0364599531938638,1.0,4.0,1.0,14.6194756062357,,True,True,True
CA169,2,90.0,35672.0,35676.0,4.0,-0.0480687471318145,1.0,4.0,1.0,10.75240189890875,,True,True,True
CA169,2,91.0,35676.0,35680.0,4.0,-0.4263823384154128,1.0,4.0,1.0,7.885502570275993,,True,True,True
CA169,2,92.0,35680.0,35684.0,4.0,-0.07939430135809705,1.0,4.0,1.0,6.006148737652003,False,True,True,True
CA169,2,93.0,35684.0,35688.0,4.0,0.0713629660875578,1.0,4.0,1.0,6.354153304161322,,True,True,True
CA169,2,94.0,35688.0,35692.0,4.0,-0.19629210316932888,1.0,4.0,1.0,3.792423599757758,False,True,True,True
CA169,2,95.0,35692.0,35696.0,4.0,-0.0600864304178365,0.8623046875,3.44921875,2.0,1.9634418797767212,False,True,True,True
CA169,2,96.0,35696.0,35700.0,4.0,-0.021772876402217,1.0,4.0,1.0,2.3771254688371846,False,True,True,True
CA169,2,97.0,35700.0,35704.0,4.0,0.031202262781513848,0.373046875,1.4921875,1.0,1.800323374391037,True,False,False,True
CA169,2,98.0,35704.0,35708.0,4.0,0.24569049138652044,0.0625,0.25,1.0,2.244080012345487,False,False,False,True
CA169,2,99.0,35708.0,35712.0,4.0,0.0991210270804455,0.794921875,3.1796875,1.0,3.731442407173685,,True,True,True
CA169,2,100.0,35712.0,35716.0,4.0,-0.1872043735474125,0.0,0.0,0.0,2.025795365484986,True,False,False,True
CA169,2,102.0,35720.0,35724.0,4.0,-0.0229557918439035,0.0,0.0,0.0,2.6589202279746,False,False,False,True
CA169,2,103.0,35724.0,35728.0,4.0,0.2426375919340923,0.0,0.0,0.0,2.318576181782648,False,False,False,True
CA169,2,104.0,35728.0,35732.0,4.0,0.0342312354890869,0.0,0.0,0.0,1.4149514643286532,False,False,False,True
CA169,2,105.0,35732.0,35736.0,4.0,-0.1458061327283222,0.7080078125,2.83203125,1.0,2.47498305634293,False,False,False,True
CA169,2,106.0,35736.0,35740.0,4.0,-0.1620334519353615,1.0,4.0,1.0,6.5487961951867995,True,True,True,True
CA169,2,107.0,35740.0,35744.0,4.0,-0.1238826397755884,1.0,4.0,1.0,10.80041650536852,,True,True,True
CA169,2,108.0,35744.0,35748.0,4.0,-0.062238711361240096,1.0,4.0,2.0,16.465187483342604,,True,True,True
CA169,2,109.0,35748.0,35752.0,4.0,-0.3425165395307356,1.0,4.0,1.0,5.746715256751609,,True,True,True
CA169,2,111.0,35756.0,35760.0,4.0,0.0448638058233194,0.29296875,1.171875,1.0,1.3823594179010237,True,False,False,True
CA169,2,112.0,35760.0,35764.0,4.0,-0.0296099157426628,0.0,0.0,0.0,1.4183199587926192,False,False,False,True
CA169,2,113.0,35764.0,35768.0,4.0,-0.12246449574278111,0.0,0.0,0.0,1.9505335717578332,False,False,False,True
CA169,2,114.0,35768.0,35772.0,4.0,-0.2530633925676873,0.0,0.0,0.0,1.3355506418686778,False,False,False,True
CA169,2,115.0,35772.0,35776.0,4.0,0.014472447167319963,0.0,0.0,0.0,2.29431056356138,False,False,False,True
CA169,2,116.0,35776.0,35780.0,4.0,-0.0067527459140610535,0.9775390625,3.91015625,1.0,2.121428026978503,False,True,True,True
CA169,2,118.0,35784.0,35788.0,4.0,-0.4343178992568302,0.0,0.0,0.0,1.5769157685076591,False,False,False,True
CA169,2,121.0,35796.0,35800.0,4.0,-0.0466982544721245,0.0,0.0,0.0,4.823350462666081,False,False,False,True
CA169,2,122.0,35800.0,35804.0,4.0,-0.006360805294873,0.1025390625,0.41015625,1.0,4.5207980650717445,False,False,False,True
CA169,2,123.0,35804.0,35808.0,4.0,-0.06472908157581529,0.6806640625,2.72265625,1.0,1.5137243713007273,True,False,False,True
CA169,2,124.0,35808.0,35812.0,4.0,-0.136663601819009,0.0,0.0,0.0,1.3823845196289686,False,False,False,True
CA169,2,125.0,35812.0,35816.0,4.0,-0.0926533276793714,0.0576171875,0.23046875,1.0,4.077860420377044,False,False,False,True
CA169,2,126.0,35816.0,35820.0,4.0,0.04817732591950715,1.0,4.0,2.0,4.6114027990645505,True,True,True,True
CA169,2,127.0,35820.0,35824.0,4.0,0.0569472398637207,0.90625,3.625,2.0,1.848245139809915,,True,True,True
CA169,2,128.0,35824.0,35828.0,4.0,-0.15901947648334586,0.0,0.0,0.0,1.5779384260527753,False,False,False,True
CA169,2,129.0,35828.0,35832.0,4.0,-0.00529240832167965,0.0,0.0,0.0,2.4647449755247908,False,False,False,True
CA169,2,130.0,35832.0,35836.0,4.0,-0.1218836400806857,0.0,0.0,0.0,2.020762418434894,False,False,False,True
CA169,2,131.0,35836.0,35840.0,4.0,0.0475534664727595,0.0,0.0,0.0,1.9440816154361296,False,False,False,True
CA169,2,132.0,35840.0,35844.0,4.0,0.16858336521628742,0.5224609375,2.08984375,1.0,1.9748724955002719,True,False,False,True
CA169,2,133.0,35844.0,35848.0,4.0,-0.015846158512897807,1.0,4.0,1.0,3.3187346214716293,True,True,True,True
CA169,2,134.0,35848.0,35852.0,4.0,-0.1441895034561563,0.0,0.0,0.0,1.6359868426321025,False,False,False,True
CA169,2,135.0,35852.0,35856.0,4.0,-0.17260368636117357,0.236328125,0.9453125,1.0,1.7183282348820392,False,False,False,True
CA169,2,136.0,35856.0,35860.0,4.0,0.212918194263698,1.0,4.0,1.0,3.2172735417668896,False,True,True,True
CA169,2,137.0,35860.0,35864.0,4.0,0.04544493931069699,0.0,0.0,0.0,1.6821861735090622,False,False,False,True
CA169,2,139.0,35868.0,35872.0,4.0,-0.24800391926322454,0.376953125,1.5078125,1.0,1.9536199184111602,True,False,False,True
CA169,2,140.0,35872.0,35876.0,4.0,-0.05086080451340545,0.919921875,3.6796875,2.0,2.029457682889713,True,True,True,True
CA169,2,141.0,35876.0,35880.0,4.0,0.11068077925422837,1.0,4.0,2.0,4.737278005156109,False,True,True,True
CA169,2,142.0,35880.0,35884.0,4.0,-0.214583257727149,0.7216796875,2.88671875,1.0,2.0440809167062386,,False,False,True
CA169,2,143.0,35884.0,35888.0,4.0,0.1158644803941782,0.0,0.0,0.0,2.0963929043238827,False,False,False,True
CA169,2,145.0,35892.0,35896.0,4.0,-0.0411139703978562,0.65625,2.625,2.0,2.49850063902418,True,False,False,True
CA169,2,146.0,35896.0,35900.0,4.0,0.0171595217889839,0.8896484375,3.55859375,1.0,1.8707628534774776,False,True,True,True
CA169,2,147.0,35900.0,35904.0,4.0,-0.0985852199217523,0.0,0.0,0.0,1.4174781688535436,False,False,False,True
CA169,2,148.0,35904.0,35908.0,4.0,0.091062568810823,0.0,0.0,0.0,2.946091502466915,False,False,False,True
CA169,2,149.0,35908.0,35912.0,4.0,0.0626774006280025,0.6513671875,2.60546875,1.0,3.7457513471495063,False,False,False,True
CA169,2,150.0,35912.0,35916.0,4.0,-0.05481436750482116,0.8505859375,3.40234375,1.0,1.913908080279905,False,True,True,True
CA169,2,151.0,35916.0,35920.0,4.0,-0.05559640569348251,0.404296875,1.6171875,1.0,1.9685455475891833,False,False,False,True
CA169,2,152.0,35920.0,35924.0,4.0,-0.05702408998998355,1.0,4.0,1.0,3.678485448679825,True,True,True,True
CA169,2,153.0,35924.0,35928.0,4.0,-0.1269629445551638,1.0,4.0,1.0,6.463018767182642,False,True,True,True
CA169,2,154.0,35928.0,35932.0,4.0,-0.13636140260754714,0.3798828125,1.51953125,1.0,4.493671738159393,True,False,False,True
CA169,2,155.0,35932.0,35936.0,4.0,-0.031058844968957555,0.0400390625,0.16015625,1.0,1.2874748952894974,True,False,False,True
CA169,2,156.0,35936.0,35940.0,4.0,0.06330859382538315,1.0,4.0,1.0,3.604830308325216,False,True,True,True
CA169,2,157.0,35940.0,35944.0,4.0,0.2226333304045821,0.0,0.0,0.0,2.1783487625605638,False,False,False,True
CA169,2,158.0,35944.0,35948.0,4.0,-0.3067459748041317,0.0,0.0,0.0,1.3724882438328112,False,False,False,True
CA169,2,160.0,35952.0,35956.0,4.0,-0.015806331558387954,0.0,0.0,0.0,1.1203718688443316,True,False,False,True
CA169,2,161.0,35956.0,35960.0,4.0,-0.005226398294109,0.203125,0.8125,1.0,1.3887434116309116,False,False,False,True
CA169,2,162.0,35960.0,35964.0,4.0,-0.0046160551514957,1.0,4.0,1.0,3.4496165123261044,,True,True,True
CA169,2,163.0,35964.0,35968.0,4.0,0.1935456121264419,0.0,0.0,0.0,2.428906562629214,False,False,False,True
CA169,2,165.0,35972.0,35976.0,4.0,-0.027124078614459618,0.77734375,3.109375,1.0,2.122919313756415,True,True,True,True
CA169,2,166.0,35976.0,35980.0,4.0,-0.1033177932193143,0.0,0.0,0.0,2.052916083777987,False,False,False,True
CA169,2,168.0,35984.0,35988.0,4.0,0.034995972085453145,0.0,0.0,0.0,1.3834294123163762,True,False,False,True
CA169,2,170.0,35992.0,35996.0,4.0,-0.16433404700238916,0.0,0.0,0.0,0.9446605739447869,True,False,False,True
CA169,2,171.0,35996.0,36000.0,4.0,0.09282936357039025,0.966796875,3.8671875,1.0,1.4494694950886413,False,True,True,True
CA169,2,172.0,36000.0,36004.0,4.0,0.07030031615985036,1.0,4.0,2.0,2.906199469096433,,True,True,True
CA169,2,173.0,36004.0,36008.0,4.0,-0.2589661501328647,0.291015625,1.1640625,2.0,1.9282467623998332,False,False,False,True
CA169,2,174.0,36008.0,36012.0,4.0,0.00013412898465539613,0.0,0.0,0.0,2.125220153102689,True,False,False,True
CA169,2,175.0,36012.0,36016.0,4.0,-0.0326575120949481,0.986328125,3.9453125,1.0,2.304606116725278,False,True,True,True
CA169,2,176.0,36016.0,36020.0,4.0,-0.0635264936291751,1.0,4.0,1.0,5.867229986726017,,True,True,True
CA169,2,179.0,36028.0,36032.0,4.0,-0.1399767617422682,0.384765625,1.5390625,1.0,1.449565214635813,True,False,False,True
CA169,2,180.0,36032.0,36036.0,4.0,-0.19739014951058836,1.0,4.0,2.0,4.35120659556886,False,True,True,True
CA169,2,181.0,36036.0,36040.0,4.0,-0.0595996909094237,1.0,4.0,2.0,4.648212558644516,,True,True,True
CA169,2,182.0,36040.0,36044.0,4.0,0.09613122829641395,0.4716796875,1.88671875,2.0,3.792516989104612,False,False,False,True
CA169,2,183.0,36044.0,36048.0,4.0,-0.062243332284234246,0.0,0.0,0.0,1.9895967351590955,True,False,False,True
CA169,2,184.0,36048.0,36052.0,4.0,-0.1333859638596726,0.0,0.0,0.0,1.731970407956331,False,False,False,True
CA169,2,185.0,36052.0,36056.0,4.0,0.20200461754327043,0.4482421875,1.79296875,3.0,1.7833470045469624,True,False,False,True
CA169,2,186.0,36056.0,36060.0,4.0,0.4899961839366699,1.0,4.0,2.0,4.375477510807261,,True,True,True
CA169,2,187.0,36060.0,36064.0,4.0,-0.42992807735932126,0.015625,0.0625,1.0,2.0595479497836386,False,False,False,True
CA169,2,188.0,36064.0,36068.0,4.0,0.0656370010881595,0.0,0.0,0.0,1.6044810565611853,False,False,False,True
CA169,2,189.0,36068.0,36072.0,4.0,-0.06704874533140885,0.0,0.0,0.0,1.511948925051823,True,False,False,True
CA169,2,190.0,36072.0,36076.0,4.0,0.011084240212501345,0.7158203125,2.86328125,1.0,1.6986484983639092,False,False,False,True
CA169,2,191.0,36076.0,36080.0,4.0,0.07541216963623606,1.0,4.0,1.0,6.4588364301633305,False,True,True,True
CA169,2,192.0,36080.0,36084.0,4.0,0.0737636013327722,1.0,4.0,1.0,6.420298496527366,False,True,True,True
CA169,2,193.0,36084.0,36088.0,4.0,-0.0817026031680698,1.0,4.0,1.0,13.305072079687571,,True,True,True
CA169,2,194.0,36088.0,36092.0,4.0,0.07232648950526666,1.0,4.0,1.0,7.7055734283811095,True,True,True,True
CA169,2,195.0,36092.0,36096.0,4.0,0.05803443759540776,1.0,4.0,1.0,5.244321644468274,False,True,True,True
CA169,2,196.0,36096.0,36100.0,4.0,-0.0466402295149161,1.0,4.0,2.0,4.65142431202536,,True,True,True
CA169,2,197.0,36100.0,36104.0,4.0,-0.16451079299276833,1.0,4.0,2.0,3.7094384928986153,,True,True,True
CA169,2,198.0,36104.0,36108.0,4.0,0.1033970394400207,0.134765625,0.5390625,1.0,2.3610987000685606,True,False,False,True
CA169,2,199.0,36108.0,36112.0,4.0,-0.0552344723443497,0.0,0.0,0.0,1.3582307513320635,True,False,False,True
CA169,2,200.0,36112.0,36116.0,4.0,-0.08551531839891041,0.0,0.0,0.0,1.6940801653012758,True,False,False,True
CA169,2,201.0,36116.0,36120.0,4.0,0.017129834278173002,0.9423828125,3.76953125,1.0,1.747030144742965,True,True,True,True
CA169,2,202.0,36120.0,36124.0,4.0,0.004574779254884798,1.0,4.0,2.0,2.9352435004835784,True,True,True,True
CA169,2,203.0,36124.0,36128.0,4.0,0.19682566247020994,1.0,4.0,2.0,4.2701462915607955,,True,True,True
CA169,2,204.0,36128.0,36132.0,4.0,-0.0100892408134037,0.0185546875,0.07421875,1.0,1.3008549987236484,False,False,False,True
CA169,2,206.0,36136.0,36140.0,4.0,-0.0580429506976888,0.22265625,0.890625,1.0,1.8102526643937384,False,False,False,True
CA169,2,207.0,36140.0,36144.0,4.0,0.2436437760502256,1.0,4.0,1.0,8.931995444988665,,True,True,True
CA169,2,208.0,36144.0,36148.0,4.0,0.08062256672739004,1.0,4.0,1.0,3.898136914739716,True,True,True,True
CA169,2,209.0,36148.0,36152.0,4.0,0.2237743760699161,1.0,4.0,1.0,19.1701441819236,,True,True,True
CA169,2,210.0,36152.0,36156.0,4.0,0.2919531813218753,1.0,4.0,1.0,17.211947675366552,,True,True,True
CA169,2,211.0,36156.0,36160.0,4.0,0.05988640754997184,1.0,4.0,1.0,6.852840785955399,False,True,True,True
CA169,2,212.0,36160.0,36164.0,4.0,0.0355245342006206,1.0,4.0,1.0,11.099842894460634,False,True,True,True
CA169,2,213.0,36164.0,36168.0,4.0,-0.0665307527753165,1.0,4.0,1.0,5.382368020811918,False,True,True,True
CA169,2,214.0,36168.0,36172.0,4.0,0.10062574670860215,0.791015625,3.1640625,1.0,1.4780874944039928,True,True,True,True
CA169,2,215.0,36172.0,36176.0,4.0,0.002693272941263149,0.2060546875,0.82421875,1.0,1.0992063633239717,True,False,False,True
CA169,2,216.0,36176.0,36180.0,4.0,-0.0244621684427952,0.7294921875,2.91796875,1.0,1.7515179836659711,False,False,False,True
CA169,2,217.0,36180.0,36184.0,4.0,0.1022990308264133,0.0,0.0,0.0,1.771234863244891,False,False,False,True
CA169,2,218.0,36184.0,36188.0,4.0,0.12022981420093361,0.0,0.0,0.0,2.006441283369621,False,False,False,True
CA169,2,219.0,36188.0,36192.0,4.0,0.1538342876568264,0.0,0.0,0.0,1.304710817369087,False,False,False,True
CA169,2,221.0,36196.0,36200.0,4.0,0.0444350174347186,0.0,0.0,0.0,1.5594378329666263,False,False,False,True
CA169,2,222.0,36200.0,36204.0,4.0,0.0011957450883832987,0.0,0.0,0.0,1.8939119968824834,False,False,False,True
CA169,2,223.0,36204.0,36208.0,4.0,-0.0196326108263756,0.7060546875,2.82421875,1.0,4.306438763653716,,False,False,True
CA169,2,224.0,36208.0,36212.0,4.0,-0.02959491283255,0.171875,0.6875,1.0,1.6453194922825105,False,False,False,True
CA169,2,225.0,36212.0,36216.0,4.0,0.06714940206304695,0.0,0.0,0.0,2.4836302547007314,True,False,False,True
CA169,2,226.0,36216.0,36220.0,4.0,0.009065591922696598,0.0,0.0,0.0,1.3824222332442688,False,False,False,True
CA169,2,227.0,36220.0,36224.0,4.0,-0.07509244889789254,0.0,0.0,0.0,1.3510800325002577,True,False,False,True
CA169,2,230.0,36232.0,36236.0,4.0,-0.0409670888513967,0.9306640625,3.72265625,1.0,2.2754286097982326,,True,True,True
CA169,2,231.0,36236.0,36240.0,4.0,-0.0952007562113539,1.0,4.0,1.0,7.190713907719765,,True,True,True
CA169,2,232.0,36240.0,36244.0,4.0,0.1726275804433126,0.3369140625,1.34765625,1.0,3.5272005167880645,False,False,False,True
CA169,2,233.0,36244.0,36248.0,4.0,-0.07242402686908339,0.357421875,1.4296875,2.0,1.3176213904182479,True,False,False,True
CA169,2,234.0,36248.0,36252.0,4.0,0.2643705602512047,1.0,4.0,2.0,5.28742232201635,,True,True,True
CA169,2,235.0,36252.0,36256.0,4.0,-0.0370225655144276,1.0,4.0,1.0,6.740483201078815,,True,True,True
CA169,2,236.0,36256.0,36260.0,4.0,-0.0897862819061419,1.0,4.0,1.0,11.55123089563766,,True,True,True
CA169,2,237.0,36260.0,36264.0,4.0,-0.10080541199859144,1.0,4.0,1.0,5.603411656729634,False,True,True,True
CA169,2,238.0,36264.0,36268.0,4.0,-0.1245669482974621,1.0,4.0,1.0,15.076862502900743,,True,True,True
CA169,2,239.0,36268.0,36272.0,4.0,0.1288742900757547,1.0,4.0,1.0,8.401252209849325,False,True,True,True
CA169,2,240.0,36272.0,36276.0,4.0,-0.2105747722048433,1.0,4.0,1.0,9.848310227726254,False,True,True,True
CA169,2,241.0,36276.0,36280.0,4.0,-0.2423554853776287,1.0,4.0,1.0,14.611304260947907,,True,True,True
CA169,2,242.0,36280.0,36284.0,4.0,-0.013790075310089203,0.859375,3.4375,1.0,1.4225851616504108,True,True,True,True
CA169,2,243.0,36284.0,36288.0,4.0,-0.0316418177162925,0.0,0.0,0.0,1.7503829741636028,False,False,False,True
CA169,2,246.0,36296.0,36300.0,4.0,0.2207508026283681,0.0,0.0,0.0,1.5622485741745546,False,False,False,True
CA169,2,249.0,36308.0,36312.0,4.0,0.053505137432141844,0.3037109375,1.21484375,1.0,2.3628363980320897,False,False,False,True
CA169,2,250.0,36312.0,36316.0,4.0,-0.2239675914659483,0.0,0.0,0.0,2.05256111883708,False,False,False,True
CA169,2,251.0,36316.0,36320.0,4.0,0.13771158210772524,0.0,0.0,0.0,1.6350162916941524,True,False,False,True
CA169,2,252.0,36320.0,36324.0,4.0,0.0193866787457836,0.9169921875,3.66796875,1.0,2.492927050737151,,True,True,True
CA169,2,253.0,36324.0,36328.0,4.0,-0.2597899733098094,1.0,4.0,1.0,6.073249795267198,False,True,True,True
CA169,2,254.0,36328.0,36332.0,4.0,0.016531377374127687,1.0,4.0,2.0,3.287685597548948,,True,True,True
CA169,2,255.0,36332.0,36336.0,4.0,-0.0018554393350732473,0.6572265625,2.62890625,2.0,2.7281195074821296,False,False,False,True
CA169,2,256.0,36336.0,36340.0,4.0,0.024302189881455792,0.96875,3.875,1.0,2.358905966246293,False,True,True,True
CA169,2,257.0,36340.0,36344.0,4.0,-0.18717470776987655,1.0,4.0,2.0,7.480857594813962,False,True,True,True
CA169,2,258.0,36344.0,36348.0,4.0,0.0338654651677273,1.0,4.0,2.0,4.475874463273916,,True,True,True
CA169,2,259.0,36348.0,36352.0,4.0,0.6988332188737479,1.0,4.0,2.0,5.3704986874801355,,True,True,True
CA169,2,260.0,36352.0,36356.0,4.0,0.2607746771622279,1.0,4.0,2.0,7.553646788557108,,True,True,True
CA169,2,261.0,36356.0,36360.0,4.0,0.11000536073363784,1.0,4.0,2.0,4.550559127473348,,True,True,True
CA169,2,262.0,36360.0,36364.0,4.0,-0.17740160841940472,1.0,4.0,2.0,8.157629509460996,,True,True,True
CA169,2,263.0,36364.0,36368.0,4.0,-0.1535880119613656,0.3896484375,1.55859375,1.0,1.9483147916554158,False,False,False,True
CA169,2,264.0,36368.0,36372.0,4.0,-0.1386918436866057,0.9833984375,3.93359375,1.0,2.0014530136396496,True,True,True,True
CA169,2,265.0,36372.0,36376.0,4.0,-0.08880405578513675,1.0,4.0,1.0,3.5251864455485133,False,True,True,True
CA169,2,266.0,36376.0,36380.0,4.0,0.2511654790810822,0.7431640625,2.97265625,2.0,1.8962872579819356,False,False,False,True
CA169,2,267.0,36380.0,36384.0,4.0,0.1692157248089243,0.349609375,1.3984375,1.0,3.729122908261257,False,False,False,True
CA169,2,268.0,36384.0,36388.0,4.0,-0.030382249475936804,0.884765625,3.5390625,3.0,2.02138333673768,False,True,True,True
CA169,2,269.0,36388.0,36392.0,4.0,0.0091305691265188,1.0,4.0,2.0,4.272749543931078,,True,True,True
CA169,2,270.0,36392.0,36396.0,4.0,-0.04248782120945515,1.0,4.0,2.0,4.294983170129272,,True,True,True
CA169,2,271.0,36396.0,36400.0,4.0,-0.050485608180188095,1.0,4.0,2.0,4.600384584484706,,True,True,True
CA169,2,272.0,36400.0,36404.0,4.0,-0.019548038221316753,0.705078125,2.8203125,3.0,3.003973080243405,False,False,False,True
CA169,2,273.0,36404.0,36408.0,4.0,-0.1236372589694672,1.0,4.0,2.0,3.577464012870861,True,True,True,True
CA169,2,274.0,36408.0,36412.0,4.0,0.2170718569655778,1.0,4.0,1.0,4.21650641970976,False,True,True,True
CA169,2,275.0,36412.0,36416.0,4.0,-0.1496653605075901,1.0,4.0,1.0,5.3474862610129,,True,True,True
CC175,0,0.0,7922.0,7926.0,4.0,-0.11911166808464675,0.0,0.0,0.0,1.6439693660099985,False,False,False,True
CC175,0,1.0,7926.0,7930.0,4.0,-0.1298300148747175,0.0,0.0,0.0,1.2649020050498936,True,False,False,True
CC175,0,2.0,7930.0,7934.0,4.0,-0.2387018331672616,0.0,0.0,0.0,2.1401744837145524,False,False,False,True
CC175,0,3.0,7934.0,7938.0,4.0,-0.0212551372667499,0.0,0.0,0.0,1.432500528255504,False,False,False,True
CC175,0,5.0,7942.0,7946.0,4.0,0.141803764898053,0.0,0.0,0.0,0.954384147392142,True,False,False,True
CC175,0,6.0,7946.0,7950.0,4.0,0.0269306554987342,0.0,0.0,0.0,1.5172057459549495,False,False,False,True
CC175,0,7.0,7950.0,7954.0,4.0,-0.030817708248524,0.0,0.0,0.0,1.0575362365685883,True,False,False,True
CC175,0,8.0,7954.0,7958.0,4.0,0.0923043162551754,0.0,0.0,0.0,0.8366322751438667,True,False,False,True
CC175,0,10.0,7962.0,7966.0,4.0,0.2878090834893208,0.0,0.0,0.0,1.4951214522784664,False,False,False,True
CC175,0,11.0,7966.0,7970.0,4.0,0.1376631674477803,0.0,0.0,0.0,0.8964002537364569,True,False,False,True
CC175,0,12.0,7970.0,7974.0,4.0,0.1074840921423615,0.0,0.0,0.0,1.1725136382132848,True,False,False,True
CC175,0,13.0,7974.0,7978.0,4.0,0.1148042578450582,0.0,0.0,0.0,1.613832045284152,False,False,False,True
CC175,0,14.0,7978.0,7982.0,4.0,-0.107666351643967,0.0,0.0,0.0,1.0319124245089897,True,False,False,True
CC175,0,15.0,7982.0,7986.0,4.0,0.1371489739759091,0.0,0.0,0.0,1.1722982898221144,True,False,False,True
CC175,0,16.0,7986.0,7990.0,4.0,-0.3110978150538079,0.0,0.0,0.0,1.154614564558405,True,False,False,True
CC175,0,17.0,7990.0,7994.0,4.0,0.0820340614987324,0.0,0.0,0.0,1.637448917676601,False,False,False,True
CC175,0,18.0,7994.0,7998.0,4.0,-0.1118837606981166,0.0,0.0,0.0,1.4239089416473478,True,False,False,True
CC175,0,19.0,7998.0,8002.0,4.0,0.1469035861687539,0.0,0.0,0.0,1.1025180427812726,True,False,False,True
CC175,0,20.0,8002.0,8006.0,4.0,0.2330444063749346,0.0,0.0,0.0,1.9343789399188085,False,False,False,True
CC175,0,21.0,8006.0,8010.0,4.0,0.0436753750445387,0.5107421875,2.04296875,1.0,1.6974305203711868,False,False,False,True
CC175,0,22.0,8010.0,8014.0,4.0,-0.0111401622708511,0.0,0.0,0.0,1.0952620093616323,True,False,False,True
CC175,0,23.0,8014.0,8018.0,4.0,0.1380033624974346,0.0,0.0,0.0,0.944532516517096,True,False,False,True
CC175,0,24.0,8018.0,8022.0,4.0,-0.0663050516644637,0.0,0.0,0.0,1.1498900987844278,True,False,False,True
CC175,0,25.0,8022.0,8026.0,4.0,0.2908993958874457,0.0,0.0,0.0,1.728333497488412,False,False,False,True
CC175,0,26.0,8026.0,8030.0,4.0,0.1048740146651212,0.6494140625,2.59765625,2.0,2.1710900263533417,False,False,False,True
CC175,0,27.0,8030.0,8034.0,4.0,0.2745233489449026,0.1982421875,0.79296875,2.0,1.074431243727639,True,False,False,True
CC175,0,28.0,8034.0,8038.0,4.0,0.1140106805216378,0.0,0.0,0.0,1.0945145253050692,True,False,False,True
CC175,0,29.0,8038.0,8042.0,4.0,-0.0264993802577885,0.0,0.0,0.0,0.987524572021884,True,False,False,True
CC175,0,30.0,8042.0,8046.0,4.0,9.7127114705542e-05,0.0,0.0,0.0,0.8897205384046942,True,False,False,True
CC175,0,31.0,8046.0,8050.0,4.0,0.0668456129634127,0.0,0.0,0.0,1.051601147607195,True,False,False,True
CC175,0,32.0,8050.0,8054.0,4.0,-0.1946059141674738,0.0,0.0,0.0,1.075867967078616,True,False,False,True
CC175,0,33.0,8054.0,8058.0,4.0,-0.2808605256923798,0.0,0.0,0.0,1.1740128016836098,True,False,False,True
CC175,0,34.0,8058.0,8062.0,4.0,0.0255367796541533,0.0,0.0,0.0,1.103283383371984,True,False,False,True
CC175,0,35.0,8062.0,8066.0,4.0,-0.5621247270753266,0.0,0.0,0.0,2.1962444433830983,False,False,False,True
CC175,1,0.0,8102.0,8106.0,4.0,0.2461698264834559,0.0,0.0,0.0,1.415093344162231,False,False,False,True
CC175,1,1.0,8106.0,8110.0,4.0,0.1382435036506008,0.0,0.0,0.0,0.9737062124483632,True,False,False,True
CC175,1,3.0,8114.0,8118.0,4.0,-0.133694168085176,1.0,4.0,1.0,1.331235921113923,True,True,True,True
CC175,1,4.0,8118.0,8122.0,4.0,-0.1080876038561533,1.0,4.0,1.0,1.2305181370640284,True,True,True,True
CC175,1,5.0,8122.0,8126.0,4.0,0.0014352405625068,0.25,1.0,1.0,1.120772924156414,True,False,False,True
CC175,1,6.0,8126.0,8130.0,4.0,0.0969730972558041,0.0,0.0,0.0,1.0059387723605309,True,False,False,True
CC175,1,7.0,8130.0,8134.0,4.0,-0.0398379721659285,0.0,0.0,0.0,1.0143710588596155,True,False,False,True
CC175,1,8.0,8134.0,8138.0,4.0,0.2593809762272864,0.0,0.0,0.0,1.2780291787806666,True,False,False,True
CC175,1,10.0,8142.0,8146.0,4.0,-0.0403928306739244,0.0,0.0,0.0,1.0926835278451532,True,False,False,True
CC175,1,11.0,8146.0,8150.0,4.0,-0.0566784157980359,0.0,0.0,0.0,1.0720868050639003,True,False,False,True
CC175,1,12.0,8150.0,8154.0,4.0,0.038597811669591,0.0,0.0,0.0,1.1165143713729957,True,False,False,True
CC175,1,13.0,8154.0,8158.0,4.0,-0.2545109978811057,0.0,0.0,0.0,0.9469924836925926,True,False,False,True
CC175,1,14.0,8158.0,8162.0,4.0,-0.0253163080922187,0.0,0.0,0.0,1.0538522985846162,True,False,False,True
CC175,1,15.0,8162.0,8166.0,4.0,0.0502713168475377,0.0,0.0,0.0,1.06487808398065,True,False,False,True
CC175,1,16.0,8166.0,8170.0,4.0,-0.082363194752543,0.0,0.0,0.0,0.9323151885269516,True,False,False,True
CC175,1,17.0,8170.0,8174.0,4.0,-0.0126336830172931,0.0,0.0,0.0,1.0026761644908233,True,False,False,True
CC175,1,18.0,8174.0,8178.0,4.0,0.0947238076184467,0.0,0.0,0.0,1.0675891174319905,True,False,False,True
CC175,1,19.0,8178.0,8182.0,4.0,0.1756709240646102,0.0,0.0,0.0,1.150066679435897,True,False,False,True
CC175,1,20.0,8182.0,8186.0,4.0,0.3062489124929716,0.0,0.0,0.0,1.0118164892797572,True,False,False,True
CC175,1,21.0,8186.0,8190.0,4.0,-0.4123292742114802,0.0,0.0,0.0,1.3087506127218465,False,False,False,True
CC175,1,22.0,8190.0,8194.0,4.0,0.2156035238379116,0.0,0.0,0.0,0.9594217897102756,True,False,False,True
CC175,1,24.0,8198.0,8202.0,4.0,-0.3350016117319023,0.0,0.0,0.0,0.9998893221086506,True,False,False,True
CC175,1,25.0,8202.0,8206.0,4.0,-0.1301155053938158,0.0,0.0,0.0,1.0288647238578723,True,False,False,True
CC175,1,26.0,8206.0,8210.0,4.0,0.1812725281942883,0.0,0.0,0.0,1.0787261213790085,True,False,False,True
CC175,1,27.0,8210.0,8214.0,4.0,0.0853694562516375,0.0,0.0,0.0,1.1083321569660614,True,False,False,True
CC175,1,28.0,8214.0,8218.0,4.0,-0.14620016829407195,0.0,0.0,0.0,1.3717540170442126,False,False,False,True
CC175,1,29.0,8218.0,8222.0,4.0,-0.140589945951412,0.0,0.0,0.0,1.3032758393000494,False,False,False,True
CC175,1,31.0,8226.0,8230.0,4.0,-0.1882248785731873,0.0,0.0,0.0,1.2200068872960137,True,False,False,True
CC175,1,32.0,8230.0,8234.0,4.0,0.0488451957042541,0.0,0.0,0.0,1.0788787889461933,True,False,False,True
CC175,1,33.0,8234.0,8238.0,4.0,-0.0765010439801926,0.0,0.0,0.0,1.2821839167223978,True,False,False,True
CC175,1,34.0,8238.0,8242.0,4.0,0.1097039810454434,0.0,0.0,0.0,1.1472929879062836,True,False,False,True
CC175,1,35.0,8242.0,8246.0,4.0,0.0671023755781358,0.0,0.0,0.0,1.471634144354839,False,False,False,True
CC175,1,36.0,8246.0,8250.0,4.0,-0.1036005032340861,0.0,0.0,0.0,1.0649386343190552,True,False,False,True
CC175,1,37.0,8250.0,8254.0,4.0,0.1194525457403984,0.0,0.0,0.0,1.0324143995417503,True,False,False,True
CC175,1,38.0,8254.0,8258.0,4.0,-0.2229774212843062,0.0,0.0,0.0,1.1043063576892216,True,False,False,True
CC175,1,39.0,8258.0,8262.0,4.0,-0.1246207762751582,0.0,0.0,0.0,1.0668850987231966,True,False,False,True
CC175,1,42.0,8270.0,8274.0,4.0,0.1127533442381491,0.0,0.0,0.0,1.3355748823964075,False,False,False,True
CC175,1,43.0,8274.0,8278.0,4.0,-0.1038463927657404,0.0,0.0,0.0,1.1470454122250948,True,False,False,True
CC175,1,44.0,8278.0,8282.0,4.0,-0.2537017672528648,0.0,0.0,0.0,1.072475884830644,True,False,False,True
CC175,1,45.0,8282.0,8286.0,4.0,-0.1229804669290057,0.0,0.0,0.0,1.1059528617847605,True,False,False,True
CC175,1,47.0,8290.0,8294.0,4.0,-0.0024941376452115,0.0,0.0,0.0,1.3977997117059546,False,False,False,True
CC175,1,48.0,8294.0,8298.0,4.0,0.0172769066960398,0.0,0.0,0.0,1.2113135677749869,True,False,False,True
CC175,1,49.0,8298.0,8302.0,4.0,0.2499092099287121,0.0,0.0,0.0,1.1420856265021098,True,False,False,True
CC175,1,50.0,8302.0,8306.0,4.0,0.1125132885524424,0.0,0.0,0.0,1.1869047960881014,True,False,False,True
CC175,1,51.0,8306.0,8310.0,4.0,0.0550567647680249,0.0,0.0,0.0,1.1925513824799605,True,False,False,True
CC175,1,52.0,8310.0,8314.0,4.0,0.0996206755818015,0.0,0.0,0.0,1.1278656710880754,True,False,False,True
CC175,1,53.0,8314.0,8318.0,4.0,-0.0515708887188539,0.0,0.0,0.0,1.084592154826168,True,False,False,True
CC175,1,54.0,8318.0,8322.0,4.0,-0.1396897343372711,0.0,0.0,0.0,1.0611596296039263,True,False,False,True
CC175,1,55.0,8322.0,8326.0,4.0,-0.0393873643629906,0.0,0.0,0.0,1.1508673831536862,True,False,False,True
CC175,1,56.0,8326.0,8330.0,4.0,-0.2448339788943212,0.0,0.0,0.0,1.1465874346310052,True,False,False,True
CC175,1,57.0,8330.0,8334.0,4.0,-0.0947611056232793,0.0,0.0,0.0,1.218288343752766,True,False,False,True
CC175,1,58.0,8334.0,8338.0,4.0,0.0262953770100737,0.0,0.0,0.0,1.159072388594267,True,False,False,True
CC175,1,59.0,8338.0,8342.0,4.0,-0.2812444166219706,0.0,0.0,0.0,1.2524057130439752,True,False,False,True
CC175,1,60.0,8342.0,8346.0,4.0,0.1750698384762393,0.0,0.0,0.0,1.1318720883600766,True,False,False,True
CC175,1,62.0,8350.0,8354.0,4.0,-0.1201148675184477,0.0,0.0,0.0,1.0706409900590672,True,False,False,True
CC175,1,63.0,8354.0,8358.0,4.0,0.1653129717549413,0.0,0.0,0.0,1.204504881689353,True,False,False,True
CC175,1,64.0,8358.0,8362.0,4.0,0.5344151179453716,0.0,0.0,0.0,1.3284927074218866,False,False,False,True
CC175,1,65.0,8362.0,8366.0,4.0,0.0341948736062128,0.0,0.0,0.0,1.3997563121081198,False,False,False,True
CC175,1,66.0,8366.0,8370.0,4.0,-0.2501903336150834,0.0,0.0,0.0,1.3116228773216063,False,False,False,True
CC175,1,67.0,8370.0,8374.0,4.0,-0.2178387321687212,0.0,0.0,0.0,1.2027109646084058,True,False,False,True
CC175,1,68.0,8374.0,8378.0,4.0,0.0883392096089385,0.0,0.0,0.0,1.085356912656208,True,False,False,True
CC175,1,69.0,8378.0,8382.0,4.0,-0.2164210931171089,0.0,0.0,0.0,1.256351238464932,True,False,False,True
CC175,1,70.0,8382.0,8386.0,4.0,0.1026862859227811,0.0,0.0,0.0,1.3048065897317889,False,False,False,True
CC175,1,71.0,8386.0,8390.0,4.0,0.1195878123922306,0.0,0.0,0.0,1.1035636552866452,True,False,False,True
CC175,1,72.0,8390.0,8394.0,4.0,-0.1704351388343326,0.0,0.0,0.0,1.0843262385762742,True,False,False,True
CC175,1,73.0,8394.0,8398.0,4.0,0.0202657372178585,0.0,0.0,0.0,1.1811161895162532,True,False,False,True
CC175,2,1.0,8646.0,8650.0,4.0,0.0568353990706635,0.0,0.0,0.0,0.979148184769848,True,False,False,True
CC175,2,2.0,8650.0,8654.0,4.0,0.1845091855620265,0.0,0.0,0.0,1.340091433377198,False,False,False,True
CC175,2,3.0,8654.0,8658.0,4.0,-0.0136962022234484,0.0,0.0,0.0,0.9221468288606488,True,False,False,True
CC175,2,4.0,8658.0,8662.0,4.0,0.0089557738964404,0.0,0.0,0.0,1.1055968445799098,True,False,False,True
CC175,2,5.0,8662.0,8666.0,4.0,-0.2918485269797568,0.0,0.0,0.0,1.093600472884152,True,False,False,True
CC175,3,0.0,8732.0,8736.0,4.0,-0.20550803768679,0.0,0.0,0.0,0.8563909058485979,True,False,False,True
CC175,3,1.0,8736.0,8740.0,4.0,-0.0276834886724523,0.0,0.0,0.0,0.8965371113395789,True,False,False,True
CC175,3,2.0,8740.0,8744.0,4.0,-0.4312202533497183,0.0673828125,0.26953125,1.0,1.3338204670388596,True,False,False,True
CC175,3,3.0,8744.0,8748.0,4.0,-0.1103751237999504,0.0,0.0,0.0,1.417020667975865,False,False,False,True
CC175,3,4.0,8748.0,8752.0,4.0,0.1748255192622027,0.0,0.0,0.0,0.9837681628017556,True,False,False,True
CC175,3,5.0,8752.0,8756.0,4.0,0.1680589282431699,0.0,0.0,0.0,0.9549968158315738,True,False,False,True
CC175,3,6.0,8756.0,8760.0,4.0,0.2465805623180771,0.0,0.0,0.0,0.9731510894209864,True,False,False,True
CC175,3,7.0,8760.0,8764.0,4.0,0.0698335886194585,0.0,0.0,0.0,0.9816231752689488,True,False,False,True
CC175,3,8.0,8764.0,8768.0,4.0,-0.0527176863522168,0.0,0.0,0.0,0.8363420236478174,True,False,False,True
CC175,3,10.0,8772.0,8776.0,4.0,0.0814779402372945,0.0,0.0,0.0,0.7138124554759954,True,False,False,True
CC175,3,11.0,8776.0,8780.0,4.0,0.1766732839924694,0.0,0.0,0.0,0.6811250076150919,True,False,False,True
CC175,4,1.0,19326.0,19330.0,4.0,0.0687125481407401,0.0,0.0,0.0,1.4229908802083324,False,False,False,True
CC175,4,4.0,19338.0,19342.0,4.0,-0.2470522269266991,0.0,0.0,0.0,1.3578289148303797,False,False,False,True
CC175,4,5.0,19342.0,19346.0,4.0,-0.286523279813903,0.0,0.0,0.0,1.0141230624988653,True,False,False,True
CC175,4,6.0,19346.0,19350.0,4.0,0.0382335989538712,0.0,0.0,0.0,0.9847688435749368,True,False,False,True
CC175,4,7.0,19350.0,19354.0,4.0,-0.3357264302746677,0.0,0.0,0.0,0.8715426558137045,True,False,False,True
CC175,4,8.0,19354.0,19358.0,4.0,-0.0997017033533685,0.0,0.0,0.0,0.9865353608595108,True,False,False,True
CC175,4,9.0,19358.0,19362.0,4.0,0.1404152844704498,0.0,0.0,0.0,0.992342650182898,True,False,False,True
CC175,4,10.0,19362.0,19366.0,4.0,-0.0096542395660133,0.0,0.0,0.0,0.9919405128657304,True,False,False,True
CC175,4,11.0,19366.0,19370.0,4.0,0.0030033101625885,0.0,0.0,0.0,0.9598438015496862,True,False,False,True
CC175,4,12.0,19370.0,19374.0,4.0,0.1103038230030456,0.0,0.0,0.0,0.9655700399592052,True,False,False,True
CC175,4,13.0,19374.0,19378.0,4.0,0.1457643765265278,0.0,0.0,0.0,0.9333804009466576,True,False,False,True
CC175,4,16.0,19386.0,19390.0,4.0,-0.0302157911124318,0.0,0.0,0.0,1.018429709662512,True,False,False,True
CC175,4,17.0,19390.0,19394.0,4.0,-0.012783383277421,0.0,0.0,0.0,0.996570729347732,True,False,False,True
CC175,4,18.0,19394.0,19398.0,4.0,0.0245761681096769,0.0,0.0,0.0,1.0149930034183638,True,False,False,True
CC175,4,19.0,19398.0,19402.0,4.0,0.3751258694232235,0.0,0.0,0.0,0.954869415406565,True,False,False,True
CC175,4,20.0,19402.0,19406.0,4.0,-0.043793207419877,0.0,0.0,0.0,0.968060414089726,True,False,False,True
CC175,4,21.0,19406.0,19410.0,4.0,-0.026905720889597,0.0,0.0,0.0,1.024623725926838,True,False,False,True
CC175,4,22.0,19410.0,19414.0,4.0,-0.0628443159511341,0.1103515625,0.44140625,1.0,1.0149516067598556,True,False,False,True
CC175,4,23.0,19414.0,19418.0,4.0,0.1126084181079602,1.0,4.0,2.0,1.2023492003692762,True,True,True,True
CC175,4,24.0,19418.0,19422.0,4.0,-0.09029219700156516,0.5400390625,2.16015625,1.0,1.0805806925106987,True,False,False,True
CC175,4,25.0,19422.0,19426.0,4.0,-0.0360022538975933,0.0,0.0,0.0,0.9545098891496538,True,False,False,True
CC175,4,26.0,19426.0,19430.0,4.0,0.1591167996195478,0.0,0.0,0.0,1.0809571050602322,True,False,False,True
CC175,4,27.0,19430.0,19434.0,4.0,0.2115031662952028,0.0,0.0,0.0,0.9049026453719272,True,False,False,True
CC175,4,28.0,19434.0,19438.0,4.0,0.049515287456236,0.0,0.0,0.0,0.892486160601045,True,False,False,True
CC175,4,29.0,19438.0,19442.0,4.0,0.235131062409505,0.0,0.0,0.0,1.352577064594251,False,False,False,True
CC175,4,30.0,19442.0,19446.0,4.0,0.374303881027356,0.0,0.0,0.0,1.1230556800086005,True,False,False,True
CC175,4,31.0,19446.0,19450.0,4.0,0.0183614828050798,0.0,0.0,0.0,1.0051591685047303,True,False,False,True
CC175,4,32.0,19450.0,19454.0,4.0,-0.1613878875897444,0.0,0.0,0.0,0.9734038189668996,True,False,False,True
CC175,4,33.0,19454.0,19458.0,4.0,0.3460120310685751,0.0,0.0,0.0,0.9789806073808413,True,False,False,True
CC175,4,35.0,19462.0,19466.0,4.0,-0.2251440643060754,0.0,0.0,0.0,1.0244467803933122,True,False,False,True
CC175,4,36.0,19466.0,19470.0,4.0,-0.0561136956798254,0.0,0.0,0.0,1.128732902206424,True,False,False,True
CC175,4,37.0,19470.0,19474.0,4.0,-0.1370422386251547,0.0,0.0,0.0,1.0562428965637016,True,False,False,True
CC175,4,38.0,19474.0,19478.0,4.0,-0.0640978416977433,0.0,0.0,0.0,0.996761709097023,True,False,False,True
CC175,4,39.0,19478.0,19482.0,4.0,-0.031887324924172,0.0,0.0,0.0,1.2410655173870413,True,False,False,True
CC175,4,40.0,19482.0,19486.0,4.0,-0.413034603277595,0.0,0.0,0.0,1.0692200286223066,True,False,False,True
CC175,4,41.0,19486.0,19490.0,4.0,0.3104127892094747,0.0,0.0,0.0,1.445466746382887,False,False,False,True
CC175,4,42.0,19490.0,19494.0,4.0,-0.3018804544565359,0.0,0.0,0.0,0.9351937056997508,True,False,False,True
CC175,4,43.0,19494.0,19498.0,4.0,0.0626068548439963,0.0,0.0,0.0,1.019641395405086,True,False,False,True
CC175,4,44.0,19498.0,19502.0,4.0,0.1978992631141707,0.3759765625,1.50390625,1.0,0.972972610312065,True,False,False,True
CC175,4,45.0,19502.0,19506.0,4.0,0.0090875554956153,1.0,4.0,1.0,1.21799387406893,True,True,True,True
CC175,4,46.0,19506.0,19510.0,4.0,-0.0204995380502115,0.08203125,0.328125,1.0,1.226520699108211,True,False,False,True
CC175,4,47.0,19510.0,19514.0,4.0,0.019060164639522897,0.0,0.0,0.0,0.9670839316380073,True,False,False,True
CC175,4,48.0,19514.0,19518.0,4.0,0.1231339297884949,1.0,4.0,1.0,0.9384683407006382,True,True,True,True
CC175,4,49.0,19518.0,19522.0,4.0,0.13820377085149005,0.0,0.0,0.0,0.9209175686582283,True,False,False,True
CC175,4,50.0,19522.0,19526.0,4.0,-0.0293927723353558,0.0,0.0,0.0,1.0242355450564486,True,False,False,True
CC175,4,51.0,19526.0,19530.0,4.0,-0.1918898330779154,0.0,0.0,0.0,1.0848886271059313,True,False,False,True
CC175,4,52.0,19530.0,19534.0,4.0,-0.3106127490326284,0.0,0.0,0.0,0.975453805644446,True,False,False,True
CC175,4,53.0,19534.0,19538.0,4.0,-0.016800810363969,0.0,0.0,0.0,1.0098354887829983,True,False,False,True
CC175,4,55.0,19542.0,19546.0,4.0,-0.09092865905104874,0.0,0.0,0.0,1.328449117658692,False,False,False,True
CC175,4,56.0,19546.0,19550.0,4.0,0.052599588732596,0.0,0.0,0.0,1.0136948437887574,True,False,False,True
CC175,4,57.0,19550.0,19554.0,4.0,-0.3675480595377432,0.0,0.0,0.0,1.008091250130715,True,False,False,True
CC175,4,61.0,19566.0,19570.0,4.0,-0.09752684662264534,0.0,0.0,0.0,1.4035609233041586,False,False,False,True
CC175,4,63.0,19574.0,19578.0,4.0,-0.1272794430108121,0.0,0.0,0.0,0.9962019743020898,True,False,False,True
CC175,4,64.0,19578.0,19582.0,4.0,0.2578992696555912,0.0,0.0,0.0,1.3868931220268346,False,False,False,True
CC175,4,65.0,19582.0,19586.0,4.0,-0.2639364209304558,0.0,0.0,0.0,1.3878652478114917,False,False,False,True
CC175,4,67.0,19590.0,19594.0,4.0,0.0803126546198045,0.0,0.0,0.0,0.9140178304948848,True,False,False,True
CC175,4,68.0,19594.0,19598.0,4.0,0.1155206637798525,0.0,0.0,0.0,1.0270579482511404,True,False,False,True
CC175,4,69.0,19598.0,19602.0,4.0,-0.0054009022330077,0.0,0.0,0.0,0.9518684747575704,True,False,False,True
CC175,4,70.0,19602.0,19606.0,4.0,0.0366935853680142,0.0,0.0,0.0,0.977505486964272,True,False,False,True
CC175,4,71.0,19606.0,19610.0,4.0,-0.0147318134833975,0.0,0.0,0.0,1.052427227968367,True,False,False,True
CC175,4,72.0,19610.0,19614.0,4.0,-0.227044505246389,0.0,0.0,0.0,1.2174329554138434,True,False,False,True
CC175,4,73.0,19614.0,19618.0,4.0,0.2293388814456539,0.0,0.0,0.0,1.361853999753131,True,False,False,True
CC175,4,74.0,19618.0,19622.0,4.0,-0.0390561942660018,0.2939453125,1.17578125,1.0,0.9882228692081128,True,False,False,True
CC175,4,75.0,19622.0,19626.0,4.0,0.1800642963303964,1.0,4.0,1.0,1.5328335434623637,False,True,True,True
CC175,4,76.0,19626.0,19630.0,4.0,0.3175056779056455,1.0,4.0,1.0,1.5294069670155022,True,True,True,True
CC175,4,77.0,19630.0,19634.0,4.0,0.0024444780481346,0.0,0.0,0.0,1.6345038569264514,False,False,False,True
CC175,4,78.0,19634.0,19638.0,4.0,-0.4665533075064487,0.0,0.0,0.0,1.0885917470341964,True,False,False,True
CC175,4,79.0,19638.0,19642.0,4.0,0.1902179434390467,0.0,0.0,0.0,1.1434399638318176,True,False,False,True
CC175,4,80.0,19642.0,19646.0,4.0,-0.3037005352696864,0.75390625,3.015625,1.0,1.8103697947816544,False,True,True,True
CC175,4,81.0,19646.0,19650.0,4.0,-0.046626642465663455,0.1533203125,0.61328125,1.0,1.152233976761993,True,False,False,True
CC175,4,82.0,19650.0,19654.0,4.0,0.2058556900921468,1.0,4.0,1.0,1.2512111190179618,True,True,True,True
CC175,4,83.0,19654.0,19658.0,4.0,-0.0182198004845089,0.060546875,0.2421875,2.0,0.944010120267306,True,False,False,True
CC175,4,84.0,19658.0,19662.0,4.0,0.0442980507281944,0.0,0.0,0.0,0.9790950469925814,True,False,False,True
CC175,4,85.0,19662.0,19666.0,4.0,0.2902931537660294,0.0,0.0,0.0,1.0436001395970946,True,False,False,True
CC175,4,86.0,19666.0,19670.0,4.0,0.3139012654663467,0.4375,1.75,2.0,1.2241481130328116,True,False,False,True
CC175,4,87.0,19670.0,19674.0,4.0,-0.08923913759364431,1.0,4.0,2.0,15.306509607173393,,True,True,True
CC175,4,88.0,19674.0,19678.0,4.0,-0.4667717851293309,0.3818359375,1.52734375,2.0,2.303806729543521,False,False,False,True
CC175,4,90.0,19682.0,19686.0,4.0,0.03785216174666595,0.0,0.0,0.0,1.4814185036282823,False,False,False,True
CC175,4,91.0,19686.0,19690.0,4.0,0.3662808749381847,0.875,3.5,1.0,1.3209440500849945,False,True,True,True
CC175,4,92.0,19690.0,19694.0,4.0,-0.3750031564544104,0.37890625,1.515625,1.0,1.4541294694298008,False,False,False,True
CC175,4,93.0,19694.0,19698.0,4.0,-0.1772322458185101,1.0,4.0,1.0,11.931382376516003,False,True,True,True
CC175,4,94.0,19698.0,19702.0,4.0,0.21302928130398285,1.0,4.0,1.0,7.875978561345261,False,True,True,True
CC175,4,95.0,19702.0,19706.0,4.0,0.4821741405772787,0.1298828125,0.51953125,1.0,1.227234918434088,True,False,False,True
CC175,4,96.0,19706.0,19710.0,4.0,-0.3890695342329771,0.0,0.0,0.0,1.0756534348560374,True,False,False,True
CC175,4,97.0,19710.0,19714.0,4.0,0.1345544730872667,0.0,0.0,0.0,1.1075221013544156,True,False,False,True
CC175,4,98.0,19714.0,19718.0,4.0,-0.0831403196996672,0.353515625,1.4140625,2.0,1.5333429865256214,True,False,False,True
CC175,4,99.0,19718.0,19722.0,4.0,0.34045804360058285,0.462890625,1.8515625,1.0,1.3507442583606022,True,False,False,True
CC175,4,100.0,19722.0,19726.0,4.0,-0.3238209804431017,0.0,0.0,0.0,1.081797452973837,True,False,False,True
CC175,4,101.0,19726.0,19730.0,4.0,0.537802243493361,0.283203125,1.1328125,1.0,1.3305044638399388,True,False,False,True
CC175,4,102.0,19730.0,19734.0,4.0,-0.020427447912698758,0.0,0.0,0.0,1.1152220926264735,True,False,False,True
CC175,4,103.0,19734.0,19738.0,4.0,-0.0677529203970806,0.0,0.0,0.0,1.4203078604635675,False,False,False,True
CC175,4,106.0,19746.0,19750.0,4.0,-0.2644599367467449,0.0,0.0,0.0,1.0673826989957795,True,False,False,True
CC175,4,107.0,19750.0,19754.0,4.0,0.0585416491616219,0.0,0.0,0.0,1.3145515838894697,False,False,False,True
CC175,4,108.0,19754.0,19758.0,4.0,-0.274225616755453,1.0,4.0,2.0,1.7782009814779207,False,True,True,True
CC175,4,109.0,19758.0,19762.0,4.0,0.43944812210419826,1.0,4.0,1.0,1.827061512533199,False,True,True,True
CC175,4,110.0,19762.0,19766.0,4.0,0.2765786775122251,0.0,0.0,0.0,2.183053475675877,False,False,False,True
CC175,4,112.0,19770.0,19774.0,4.0,0.0188989349785054,0.0,0.0,0.0,1.1429988708028465,True,False,False,True
CC175,4,113.0,19774.0,19778.0,4.0,0.1690463939018266,1.0,4.0,3.0,1.958907101135676,True,True,True,True
CC175,4,114.0,19778.0,19782.0,4.0,-0.5375921436939795,0.734375,2.9375,1.0,1.6320431938710753,False,False,False,True
CC175,4,115.0,19782.0,19786.0,4.0,-0.18320703805704108,0.486328125,1.9453125,1.0,1.3051730868765015,True,False,False,True
CC175,4,116.0,19786.0,19790.0,4.0,-0.1281998425036336,1.0,4.0,2.0,1.2663868723429192,True,True,True,True
CC175,4,117.0,19790.0,19794.0,4.0,-0.44125197256683213,0.0,0.0,0.0,1.4633526824947363,False,False,False,True
CC175,4,119.0,19798.0,19802.0,4.0,-0.008200056369635951,0.0,0.0,0.0,0.9958073443385516,True,False,False,True
CC175,4,120.0,19802.0,19806.0,4.0,0.1124220081601604,1.0,4.0,1.0,1.518536199010851,False,True,True,True
CC175,4,121.0,19806.0,19810.0,4.0,-0.0133807542419328,1.0,4.0,1.0,1.295250812055728,True,True,True,True
CC175,4,122.0,19810.0,19814.0,4.0,-0.0282056491287915,0.52734375,2.109375,1.0,1.3874992835928937,True,False,False,True
CC175,4,123.0,19814.0,19818.0,4.0,0.2326567909182335,0.427734375,1.7109375,1.0,1.2898377287113365,True,False,False,True
CC175,4,124.0,19818.0,19822.0,4.0,0.0168090563213901,1.0,4.0,2.0,1.555600186816124,True,True,True,True
CC175,4,125.0,19822.0,19826.0,4.0,0.16947755651359125,1.0,4.0,2.0,2.201574224092509,,True,True,True
CC175,4,126.0,19826.0,19830.0,4.0,-0.1921741036995262,1.0,4.0,1.0,1.101709720635491,True,True,True,True
CC175,4,127.0,19830.0,19834.0,4.0,0.0107016545156478,0.2900390625,1.16015625,1.0,1.067352946767988,True,False,False,True
CC175,4,128.0,19834.0,19838.0,4.0,0.0366598202342011,0.390625,1.5625,1.0,1.0995003561685202,True,False,False,True
CC175,4,129.0,19838.0,19842.0,4.0,-0.02553959418294495,1.0,4.0,2.0,1.585046357401855,False,True,True,True
CC175,4,130.0,19842.0,19846.0,4.0,0.021335681962152048,0.3154296875,1.26171875,1.0,1.4439218255459232,True,False,False,True
CC175,4,131.0,19846.0,19850.0,4.0,-0.0744749154759831,0.1484375,0.59375,1.0,1.4004647619009756,True,False,False,True
CC175,4,132.0,19850.0,19854.0,4.0,0.3272015452506167,1.0,4.0,1.0,1.382321512970566,True,True,True,True
CC175,4,133.0,19854.0,19858.0,4.0,0.11085188565491519,0.2314453125,0.92578125,1.0,1.7576014907547037,False,False,False,True
CC175,4,134.0,19858.0,19862.0,4.0,0.0473663192643574,0.3974609375,1.58984375,2.0,1.362600886985776,True,False,False,True
CC175,4,135.0,19862.0,19866.0,4.0,0.2360208278546225,0.9794921875,3.91796875,1.0,1.6290987371304104,False,True,True,True
CC175,4,136.0,19866.0,19870.0,4.0,-0.18891207691030995,0.8701171875,3.48046875,1.0,1.570468626930645,False,True,True,True
CC175,4,137.0,19870.0,19874.0,4.0,0.025425272285926406,0.0,0.0,0.0,2.0370597802390433,False,False,False,True
CC175,4,138.0,19874.0,19878.0,4.0,0.0572346830581765,0.0,0.0,0.0,1.1865029380708358,True,False,False,True
CC175,4,139.0,19878.0,19882.0,4.0,-0.1042777075615877,0.0,0.0,0.0,1.1267536307928558,True,False,False,True
CC175,4,140.0,19882.0,19886.0,4.0,0.1832763956302471,0.09765625,0.390625,1.0,1.3442654144377408,True,False,False,True
CC175,4,141.0,19886.0,19890.0,4.0,-0.18483941468052487,0.0,0.0,0.0,1.8652078323815167,False,False,False,True
CC175,4,142.0,19890.0,19894.0,4.0,-0.1860312651375154,0.0,0.0,0.0,1.1561947731071955,True,False,False,True
CC175,4,143.0,19894.0,19898.0,4.0,0.0377416486025313,0.0,0.0,0.0,1.1849929440097533,True,False,False,True
CC175,4,144.0,19898.0,19902.0,4.0,-0.1708249387708156,0.0,0.0,0.0,1.3613816606495206,True,False,False,True
CC175,4,145.0,19902.0,19906.0,4.0,-0.0824608469712495,0.166015625,0.6640625,1.0,1.395721396169966,True,False,False,True
CC175,4,146.0,19906.0,19910.0,4.0,0.1268553467023881,1.0,4.0,1.0,2.158057453671117,False,True,True,True
CC175,4,147.0,19910.0,19914.0,4.0,-0.073705254746177,0.3525390625,1.41015625,2.0,1.2969304306364446,True,False,False,True
CC175,4,148.0,19914.0,19918.0,4.0,0.08271760652966428,0.0,0.0,0.0,1.744218123954533,False,False,False,True
CC175,4,149.0,19918.0,19922.0,4.0,-0.0252023293374733,0.0,0.0,0.0,1.2258981029603684,True,False,False,True
CC175,4,150.0,19922.0,19926.0,4.0,0.0209776970329983,0.0,0.0,0.0,1.895610546983235,False,False,False,True
CC175,4,151.0,19926.0,19930.0,4.0,0.4862598315570713,0.0,0.0,0.0,1.9114189953732168,False,False,False,True
CC175,4,152.0,19930.0,19934.0,4.0,0.3186372753567504,0.0,0.0,0.0,1.177450267087894,True,False,False,True
CC175,4,153.0,19934.0,19938.0,4.0,-0.03093221297443774,0.33203125,1.328125,1.0,1.1320645944296097,True,False,False,True
CC175,4,154.0,19938.0,19942.0,4.0,-0.11238913805334319,1.0,4.0,3.0,7.310320865415451,False,True,True,True
CC175,4,155.0,19942.0,19946.0,4.0,-0.5833356285378432,1.0,4.0,2.0,11.519681149154616,False,True,True,True
CC175,4,156.0,19946.0,19950.0,4.0,0.3016655374749135,0.0,0.0,0.0,1.8887824809641216,False,False,False,True
CC175,4,157.0,19950.0,19954.0,4.0,0.1486691952297738,0.0,0.0,0.0,1.1613975203643463,True,False,False,True
CC175,4,158.0,19954.0,19958.0,4.0,0.1253792306432533,0.888671875,3.5546875,3.0,1.6487523795757935,True,True,True,True
CC175,4,159.0,19958.0,19962.0,4.0,0.224058755679299,0.701171875,2.8046875,3.0,1.9508176856344928,True,False,False,True
CC175,4,160.0,19962.0,19966.0,4.0,-0.1256801175602672,0.4150390625,1.66015625,2.0,1.222954017542113,True,False,False,True
CC175,4,161.0,19966.0,19970.0,4.0,-0.0336938095604923,1.0,4.0,1.0,1.595436114486471,True,True,True,True
CC175,4,162.0,19970.0,19974.0,4.0,0.4782163801472384,0.0,0.0,0.0,2.1589891221313198,False,False,False,True
CC175,4,163.0,19974.0,19978.0,4.0,0.4268403656899509,0.0,0.0,0.0,2.269624590726191,False,False,False,True
CC175,4,164.0,19978.0,19982.0,4.0,-0.5384211756110986,0.0,0.0,0.0,2.248706388024315,False,False,False,True
CC175,4,165.0,19982.0,19986.0,4.0,-0.3172046773952616,0.0,0.0,0.0,0.967560833236844,True,False,False,True
CC175,4,166.0,19986.0,19990.0,4.0,-0.0301742561515784,0.0,0.0,0.0,1.774917379447514,False,False,False,True
CC175,4,167.0,19990.0,19994.0,4.0,0.0442071447817123,0.0,0.0,0.0,1.9289839331201184,False,False,False,True
CC175,4,168.0,19994.0,19998.0,4.0,-0.0273585839523508,0.6220703125,2.48828125,1.0,1.5382777433019892,False,False,False,True
CC175,4,169.0,19998.0,20002.0,4.0,-0.0345656404609187,0.3974609375,1.58984375,1.0,1.0728848232507244,True,False,False,True
CC175,4,170.0,20002.0,20006.0,4.0,-0.0790654960204424,0.8232421875,3.29296875,1.0,1.7980382401063792,True,True,True,True
CC175,4,171.0,20006.0,20010.0,4.0,0.443875540650588,0.0,0.0,0.0,1.7548361039485558,False,False,False,True
CC175,4,172.0,20010.0,20014.0,4.0,0.02784575386722,0.0,0.0,0.0,1.1869438904899572,True,False,False,True
CC175,4,173.0,20014.0,20018.0,4.0,0.08670418949752362,0.80078125,3.203125,1.0,1.521210159998473,True,True,True,True
CC175,4,174.0,20018.0,20022.0,4.0,-0.1798662538110411,0.0,0.0,0.0,0.9457521960587774,True,False,False,True
CC175,4,175.0,20022.0,20026.0,4.0,0.1661310078955656,0.0,0.0,0.0,0.9407188929544524,True,False,False,True
CC175,4,176.0,20026.0,20030.0,4.0,0.0620242821619835,0.0,0.0,0.0,1.0190801664899396,True,False,False,True
CC175,4,177.0,20030.0,20034.0,4.0,-0.0084484082247096,0.0,0.0,0.0,1.0760144080963507,True,False,False,True
CC175,4,178.0,20034.0,20038.0,4.0,-0.129541650913654,0.0,0.0,0.0,1.0279812216300268,True,False,False,True
CC175,4,179.0,20038.0,20042.0,4.0,-0.06227814300137134,0.0,0.0,0.0,1.164157547730244,True,False,False,True
CC175,4,180.0,20042.0,20046.0,4.0,0.1551896246989554,0.0,0.0,0.0,0.972587131615788,True,False,False,True
CC175,4,181.0,20046.0,20050.0,4.0,0.1154077403537406,0.0,0.0,0.0,1.2084274924228748,True,False,False,True
CC175,4,182.0,20050.0,20054.0,4.0,0.0727671281616898,0.0,0.0,0.0,1.0394441006337265,True,False,False,True
CC175,4,183.0,20054.0,20058.0,4.0,-0.0618374164300921,0.0,0.0,0.0,0.992260036776269,True,False,False,True
CC175,4,184.0,20058.0,20062.0,4.0,0.4147663823789665,0.0,0.0,0.0,1.9724457421900523,False,False,False,True
CC175,4,185.0,20062.0,20066.0,4.0,-0.2072704681108995,0.0,0.0,0.0,1.0736336945150078,True,False,False,True
CC175,5,0.0,20132.0,20136.0,4.0,-0.1349361362979787,0.0,0.0,0.0,1.065000940367473,True,False,False,True
CC175,5,1.0,20136.0,20140.0,4.0,-0.2629662057394522,0.0,0.0,0.0,0.9645637562418604,True,False,False,True
CC175,5,2.0,20140.0,20144.0,4.0,-0.172692704350157,0.0,0.0,0.0,1.1352968618619428,True,False,False,True
CC175,5,3.0,20144.0,20148.0,4.0,0.1609506546506985,0.0,0.0,0.0,0.9195942859394544,True,False,False,True
CC175,5,4.0,20148.0,20152.0,4.0,0.112064529216408,0.0,0.0,0.0,0.9115097405099636,True,False,False,True
CC175,5,5.0,20152.0,20156.0,4.0,-0.2773392645436444,0.0,0.0,0.0,1.026823792305595,True,False,False,True
CC175,5,6.0,20156.0,20160.0,4.0,-0.0153879133690192,0.0,0.0,0.0,0.8527521913295699,True,False,False,True
CC175,5,7.0,20160.0,20164.0,4.0,0.0362960733590023,0.0,0.0,0.0,1.096031379657744,True,False,False,True
CC175,5,8.0,20164.0,20168.0,4.0,-0.1517873814665841,0.0,0.0,0.0,1.0001939269861588,True,False,False,True
CC175,5,9.0,20168.0,20172.0,4.0,-0.1722135736288251,0.0,0.0,0.0,0.9393538353884716,True,False,False,True
CC175,5,10.0,20172.0,20176.0,4.0,-0.1611355185591263,0.0,0.0,0.0,1.0016991095496068,True,False,False,True
CC175,5,11.0,20176.0,20180.0,4.0,0.017180599167416,0.0,0.0,0.0,1.008711701028269,True,False,False,True
CC175,5,12.0,20180.0,20184.0,4.0,0.0502703075434765,0.0,0.0,0.0,0.9396320658329568,True,False,False,True
CC175,5,13.0,20184.0,20188.0,4.0,0.0525339325518941,0.0,0.0,0.0,0.985278362981014,True,False,False,True
CC175,5,14.0,20188.0,20192.0,4.0,-0.113290936919297,0.0,0.0,0.0,0.9732268100011692,True,False,False,True
CC175,5,16.0,20196.0,20200.0,4.0,0.0862332986516589,0.0,0.0,0.0,0.947977872647286,True,False,False,True
CC175,5,17.0,20200.0,20204.0,4.0,-0.135960459320056,0.0,0.0,0.0,0.9890100768863632,True,False,False,True
CC175,5,18.0,20204.0,20208.0,4.0,-0.0386280916577845,0.0,0.0,0.0,0.9963733906678672,True,False,False,True
CC175,5,19.0,20208.0,20212.0,4.0,-0.1228386031804215,0.0,0.0,0.0,1.0280685880395188,True,False,False,True
CC175,5,20.0,20212.0,20216.0,4.0,-0.0782164008761969,0.0,0.0,0.0,1.041655375023054,True,False,False,True
CC175,6,0.0,25742.0,25746.0,4.0,0.013744779269203,0.0,0.0,0.0,1.3823498414476,False,False,False,True
CC175,6,1.0,25746.0,25750.0,4.0,-0.1127474623782551,0.0,0.0,0.0,0.90354494865279,True,False,False,True
CC175,6,2.0,25750.0,25754.0,4.0,0.3099994903488074,0.0,0.0,0.0,1.4689648911345905,False,False,False,True
CC175,6,5.0,25762.0,25766.0,4.0,-0.0036592273903216,0.0,0.0,0.0,0.8117528587528563,True,False,False,True
CC175,6,6.0,25766.0,25770.0,4.0,-0.1631799188446024,0.0,0.0,0.0,1.3377984281929334,False,False,False,True
CC175,6,9.0,25778.0,25782.0,4.0,-0.1044553696981008,0.0,0.0,0.0,0.8453980830150678,True,False,False,True
CC175,6,10.0,25782.0,25786.0,4.0,0.0948454602851882,0.0,0.0,0.0,0.8244329016869961,True,False,False,True
CC175,6,12.0,25790.0,25794.0,4.0,0.0433754363346214,0.0,0.0,0.0,0.839525581231488,True,False,False,True
CC175,6,13.0,25794.0,25798.0,4.0,0.0617053522484818,0.0,0.0,0.0,0.8846429808751963,True,False,False,True
CC175,6,14.0,25798.0,25802.0,4.0,0.4332988901428017,0.0,0.0,0.0,0.8749070236320191,True,False,False,True
CC175,6,15.0,25802.0,25806.0,4.0,0.16524549516666,0.0,0.0,0.0,0.8413252749788214,True,False,False,True
CC175,6,16.0,25806.0,25810.0,4.0,-0.2015008010994297,0.0,0.0,0.0,0.92038140238923,True,False,False,True
CC175,6,17.0,25810.0,25814.0,4.0,0.1312550868011437,0.0,0.0,0.0,0.8488279580250344,True,False,False,True
CC175,6,18.0,25814.0,25818.0,4.0,0.4424799517399673,0.0,0.0,0.0,0.7895733702258467,True,False,False,True
CC175,6,20.0,25822.0,25826.0,4.0,-0.1727867698764647,0.0,0.0,0.0,0.9879115255775464,True,False,False,True
CC175,6,21.0,25826.0,25830.0,4.0,0.1085860432589703,0.0,0.0,0.0,0.9244882875221568,True,False,False,True
CC175,6,24.0,25838.0,25842.0,4.0,0.0845668388175661,0.0,0.0,0.0,0.8388070336286093,True,False,False,True
CC175,6,26.0,25846.0,25850.0,4.0,-0.2805206571943711,0.0,0.0,0.0,0.9756996155631328,True,False,False,True
CC175,6,27.0,25850.0,25854.0,4.0,0.3348701969388327,0.0,0.0,0.0,1.3933414502643902,False,False,False,True
CC175,6,28.0,25854.0,25858.0,4.0,-0.0457873299210453,0.0,0.0,0.0,0.9279669571110364,True,False,False,True
CC175,6,29.0,25858.0,25862.0,4.0,-0.0949432316065257,0.0,0.0,0.0,0.897406533087188,True,False,False,True
CC175,6,30.0,25862.0,25866.0,4.0,0.17527193983688422,0.0,0.0,0.0,1.4113205946053926,False,False,False,True
CC175,6,34.0,25878.0,25882.0,4.0,0.1029531416047888,0.0,0.0,0.0,0.8775541265784096,True,False,False,True
CC175,6,35.0,25882.0,25886.0,4.0,0.669879685326272,0.0,0.0,0.0,2.154910635691585,False,False,False,True
CC175,6,36.0,25886.0,25890.0,4.0,-0.268750496953053,0.0,0.0,0.0,2.2011785212258177,False,False,False,True
CC175,6,37.0,25890.0,25894.0,4.0,0.1240321947764287,0.7021484375,2.80859375,2.0,2.6046293143257038,False,False,False,True
CC175,6,38.0,25894.0,25898.0,4.0,-0.1116894405585234,0.822265625,3.2890625,2.0,2.002378525409986,True,True,True,True
CC175,6,39.0,25898.0,25902.0,4.0,0.02025874837570085,0.9248046875,3.69921875,1.0,3.4369991940630955,True,True,True,True
CC175,6,40.0,25902.0,25906.0,4.0,-0.0735390540465937,0.06640625,0.265625,1.0,1.390056322376927,False,False,False,True
CC175,6,41.0,25906.0,25910.0,4.0,0.09205702737059951,0.4130859375,1.65234375,1.0,2.200741274195984,False,False,False,True
CC175,6,42.0,25910.0,25914.0,4.0,-0.4559410465579249,0.64453125,2.578125,1.0,2.0936196431813374,False,False,False,True
CC175,6,43.0,25914.0,25918.0,4.0,-0.0391903701520595,0.0,0.0,0.0,1.0350367124948134,True,False,False,True
CC175,6,44.0,25918.0,25922.0,4.0,0.3154351232996147,0.0,0.0,0.0,1.6261370564659487,False,False,False,True
CC175,6,45.0,25922.0,25926.0,4.0,0.4380925379441629,0.0,0.0,0.0,1.5319768723559932,False,False,False,True
CC175,6,46.0,25926.0,25930.0,4.0,0.1025131456298671,0.0,0.0,0.0,1.1076651843730676,True,False,False,True
CC175,6,47.0,25930.0,25934.0,4.0,0.3936907064384455,0.0,0.0,0.0,1.6696780014509565,False,False,False,True
CC175,6,48.0,25934.0,25938.0,4.0,0.3112713435566888,0.0,0.0,0.0,1.5255869176020296,True,False,False,True
CC175,6,49.0,25938.0,25942.0,4.0,-0.2190233576748821,0.0,0.0,0.0,1.378053197185287,False,False,False,True
CC175,6,50.0,25942.0,25946.0,4.0,0.09243944732978229,0.0,0.0,0.0,2.1863986181671398,False,False,False,True
CC175,6,52.0,25950.0,25954.0,4.0,0.1860828613640291,0.8447265625,3.37890625,1.0,1.7964789441674665,False,True,True,True
CC175,6,53.0,25954.0,25958.0,4.0,-0.13564210693113465,1.0,4.0,2.0,2.1749296268878493,False,True,True,True
CC175,6,54.0,25958.0,25962.0,4.0,0.4419723764723167,1.0,4.0,1.0,3.234131361233023,False,True,True,True
CC175,6,55.0,25962.0,25966.0,4.0,0.105359423712883,0.0,0.0,0.0,2.0571771470900058,False,False,False,True
CC175,6,56.0,25966.0,25970.0,4.0,-0.1583269845142754,0.0,0.0,0.0,4.359000960579534,False,False,False,True
CC175,6,57.0,25970.0,25974.0,4.0,0.591073886679198,0.0,0.0,0.0,1.7540334985629749,False,False,False,True
CC175,6,59.0,25978.0,25982.0,4.0,-0.0234267433192542,0.0,0.0,0.0,1.403622653831914,False,False,False,True
CC175,6,60.0,25982.0,25986.0,4.0,-0.1579897937182272,0.0,0.0,0.0,1.715148610079654,False,False,False,True
CC175,6,61.0,25986.0,25990.0,4.0,-0.3406274882342878,0.0,0.0,0.0,2.1049161022988083,False,False,False,True
CC175,6,62.0,25990.0,25994.0,4.0,0.2040993127970131,0.0,0.0,0.0,1.4183250342005729,False,False,False,True
CC175,6,63.0,25994.0,25998.0,4.0,0.1575657173801827,0.0,0.0,0.0,0.8879056367147226,True,False,False,True
CC175,6,64.0,25998.0,26002.0,4.0,-0.1308277194532751,0.0,0.0,0.0,0.9661246857392805,True,False,False,True
CC175,6,65.0,26002.0,26006.0,4.0,-0.0637261093367393,0.0,0.0,0.0,1.4276680436832818,True,False,False,True
CC175,7,0.0,26042.0,26046.0,4.0,-0.3949339252333223,0.0,0.0,0.0,2.2869558980711706,False,False,False,True
CC175,7,1.0,26046.0,26050.0,4.0,0.1343778979665308,0.0,0.0,0.0,0.9784446668382434,True,False,False,True
CC175,7,2.0,26050.0,26054.0,4.0,0.2499718640056209,0.0,0.0,0.0,0.8238340796544301,True,False,False,True
CC175,7,3.0,26054.0,26058.0,4.0,0.1214876112572824,0.0,0.0,0.0,0.886568369340564,True,False,False,True
CC175,7,4.0,26058.0,26062.0,4.0,-0.0824833749899206,0.0,0.0,0.0,0.9030702271506952,True,False,False,True
CC175,7,5.0,26062.0,26066.0,4.0,0.1167019957713527,0.0,0.0,0.0,0.9165997915448836,True,False,False,True
CC175,7,6.0,26066.0,26070.0,4.0,0.109293585849098,0.0,0.0,0.0,0.85517843010697,True,False,False,True
CC175,7,8.0,26074.0,26078.0,4.0,0.1844974279687823,0.0,0.0,0.0,1.5030915038737651,False,False,False,True
CC175,7,11.0,26086.0,26090.0,4.0,0.1696747128468548,0.0,0.0,0.0,0.8966521045991143,True,False,False,True
CC175,7,12.0,26090.0,26094.0,4.0,-0.0069446378376914,0.0,0.0,0.0,0.857496027927117,True,False,False,True
CC175,7,13.0,26094.0,26098.0,4.0,0.0790430399158659,0.0,0.0,0.0,0.9407890860028478,True,False,False,True
CC175,7,14.0,26098.0,26102.0,4.0,-0.0616947499774837,0.0,0.0,0.0,1.0171474126203577,True,False,False,True
CC175,7,15.0,26102.0,26106.0,4.0,-0.0758410144855291,0.0,0.0,0.0,0.9690376373125992,True,False,False,True
CC175,7,16.0,26106.0,26110.0,4.0,0.0150998314691584,0.0,0.0,0.0,1.1072172354168737,True,False,False,True
CC175,7,17.0,26110.0,26114.0,4.0,0.0678660467943591,0.0,0.0,0.0,0.8906119747022768,True,False,False,True
CC175,7,18.0,26114.0,26118.0,4.0,-0.0240257676177305,0.0,0.0,0.0,1.1986531130296183,True,False,False,True
CC175,7,19.0,26118.0,26122.0,4.0,0.1251668040027884,0.0,0.0,0.0,1.2334197127889883,True,False,False,True
CC175,7,20.0,26122.0,26126.0,4.0,-0.1017723253576893,0.0,0.0,0.0,1.0916368910446177,True,False,False,True
CC175,7,21.0,26126.0,26130.0,4.0,0.0515337482551609,0.0,0.0,0.0,0.8865943239503874,True,False,False,True
CC175,7,22.0,26130.0,26134.0,4.0,-0.03883603136735,0.0,0.0,0.0,0.9429986084940528,True,False,False,True
CC175,7,23.0,26134.0,26138.0,4.0,-0.013281532449435,0.0,0.0,0.0,0.9771108836060678,True,False,False,True
CC175,7,24.0,26138.0,26142.0,4.0,0.2866933236666779,0.0,0.0,0.0,1.9109592101569988,False,False,False,True
CC175,7,25.0,26142.0,26146.0,4.0,-0.1843650609157376,0.0,0.0,0.0,0.9897855819138998,True,False,False,True
CC175,7,26.0,26146.0,26150.0,4.0,-0.1895266134244658,0.0,0.0,0.0,1.6899406095070393,False,False,False,True
CC175,7,27.0,26150.0,26154.0,4.0,-0.2871112647111382,0.0,0.0,0.0,1.5118030305256476,False,False,False,True
CC175,7,28.0,26154.0,26158.0,4.0,-0.3736102424272267,0.0,0.0,0.0,1.28588002726983,True,False,False,True
CC175,7,29.0,26158.0,26162.0,4.0,-0.2884755790815227,0.0,0.0,0.0,1.7115554533817194,False,False,False,True
CC175,7,30.0,26162.0,26166.0,4.0,-0.2985636255971918,0.0,0.0,0.0,1.586320380273346,True,False,False,True
CC175,7,31.0,26166.0,26170.0,4.0,0.1357704297655606,0.0,0.0,0.0,0.9299400323943086,True,False,False,True
CC175,7,32.0,26170.0,26174.0,4.0,-0.1954802215027375,0.0,0.0,0.0,0.9625681996306992,True,False,False,True
CC175,7,33.0,26174.0,26178.0,4.0,-0.167411415099295,0.0,0.0,0.0,1.064954833199198,True,False,False,True
CC175,7,34.0,26178.0,26182.0,4.0,0.043646143315815046,0.0,0.0,0.0,1.3447430889447842,False,False,False,True
CC175,7,35.0,26182.0,26186.0,4.0,-0.1107821620528126,0.0,0.0,0.0,1.0244628198913244,True,False,False,True
CC175,7,36.0,26186.0,26190.0,4.0,0.0284333483443339,0.0,0.0,0.0,1.498989875584897,False,False,False,True
CC175,7,37.0,26190.0,26194.0,4.0,0.1591770388544569,0.0,0.0,0.0,1.7344806464356373,False,False,False,True
CC175,7,38.0,26194.0,26198.0,4.0,0.245296273915128,0.0,0.0,0.0,1.6058275944276614,False,False,False,True
CC175,7,39.0,26198.0,26202.0,4.0,-0.3226120697389738,0.0,0.0,0.0,2.005270189046245,False,False,False,True
CC175,7,40.0,26202.0,26206.0,4.0,-0.4141746821282061,0.0,0.0,0.0,1.791985397032228,False,False,False,True
CC175,7,41.0,26206.0,26210.0,4.0,-0.2633353609854823,0.0,0.0,0.0,2.330196269904937,False,False,False,True
CC175,7,42.0,26210.0,26214.0,4.0,-0.0931490808950657,0.0,0.0,0.0,1.682456552778607,False,False,False,True
CC175,7,44.0,26218.0,26222.0,4.0,0.2421661488592718,0.0,0.0,0.0,0.8700115290552048,True,False,False,True
CC175,7,45.0,26222.0,26226.0,4.0,-0.4629142958025917,0.0,0.0,0.0,0.8780074279844361,True,False,False,True
CC175,7,48.0,26234.0,26238.0,4.0,-0.3855836224518371,0.0,0.0,0.0,1.323000381219788,False,False,False,True
CC175,7,50.0,26242.0,26246.0,4.0,-0.1918467899838331,0.0,0.0,0.0,1.808790105761847,False,False,False,True
CC175,7,53.0,26254.0,26258.0,4.0,-0.2651194061228597,0.0,0.0,0.0,0.7440179241396788,True,False,False,True
CC175,7,54.0,26258.0,26262.0,4.0,0.2694082464972446,0.0,0.0,0.0,1.5307686763157058,False,False,False,True
CC175,7,56.0,26266.0,26270.0,4.0,0.3542005992399124,0.0,0.0,0.0,1.1074134477179145,True,False,False,True
CC175,7,58.0,26274.0,26278.0,4.0,0.185351379738907,0.0,0.0,0.0,1.310353403071384,False,False,False,True
CC175,7,59.0,26278.0,26282.0,4.0,0.2686988957171812,0.0,0.0,0.0,1.7091624746844132,False,False,False,True
CC175,7,60.0,26282.0,26286.0,4.0,-0.23342612594987328,0.0,0.0,0.0,2.758862247427421,False,False,False,True
CC175,7,61.0,26286.0,26290.0,4.0,0.7472021273713931,0.0,0.0,0.0,2.03953211136555,False,False,False,True
CC175,7,62.0,26290.0,26294.0,4.0,-0.1548243845090691,0.0,0.0,0.0,0.9531116596347228,True,False,False,True
CC175,7,63.0,26294.0,26298.0,4.0,-0.0022714313668717,0.0,0.0,0.0,0.8811843883069163,True,False,False,True
CC175,7,64.0,26298.0,26302.0,4.0,0.0265912418042362,0.0,0.0,0.0,0.9505745205088652,True,False,False,True
CC175,7,65.0,26302.0,26306.0,4.0,-0.2349036885225657,0.0,0.0,0.0,1.395305428502721,False,False,False,True
CC175,7,66.0,26306.0,26310.0,4.0,-0.00228995429606625,0.0,0.0,0.0,1.8870120459513489,False,False,False,True
CC175,7,67.0,26310.0,26314.0,4.0,-0.1090086106565638,0.0,0.0,0.0,1.4872038535931027,False,False,False,True
CC175,7,68.0,26314.0,26318.0,4.0,-0.0656929409105354,0.0,0.0,0.0,1.3391907949122892,False,False,False,True
CC175,7,69.0,26318.0,26322.0,4.0,-0.338295197506041,0.0,0.0,0.0,2.8406334929046966,False,False,False,True
CC175,7,70.0,26322.0,26326.0,4.0,0.1087793398534512,0.0,0.0,0.0,1.460448062500386,False,False,False,True
CC175,7,71.0,26326.0,26330.0,4.0,-0.6776958965253032,0.0,0.0,0.0,7.185154141313324,False,False,False,True
CC175,7,73.0,26334.0,26338.0,4.0,-0.315876568292832,0.0,0.0,0.0,0.7095446693410791,True,False,False,True
CC175,7,74.0,26338.0,26342.0,4.0,-0.0208454967759184,0.0,0.0,0.0,0.7493020719181752,True,False,False,True
CC175,7,75.0,26342.0,26346.0,4.0,0.0784854612058884,0.0,0.0,0.0,0.6595449065807057,True,False,False,True
CC175,7,76.0,26346.0,26350.0,4.0,-0.0574703698494631,0.0,0.0,0.0,0.8930004083357971,True,False,False,True
CC175,7,77.0,26350.0,26354.0,4.0,-0.1648848479040408,0.0,0.0,0.0,0.8219472830957479,True,False,False,True
CC175,7,78.0,26354.0,26358.0,4.0,0.1555175311743171,0.0,0.0,0.0,1.5763743841247218,False,False,False,True
CC175,7,79.0,26358.0,26362.0,4.0,-0.0096208022030479,0.0,0.0,0.0,0.8318685408420846,True,False,False,True
CC175,7,80.0,26362.0,26366.0,4.0,-0.0649637412920226,0.0,0.0,0.0,0.7985772053647906,True,False,False,True
CC175,7,81.0,26366.0,26370.0,4.0,0.1298347846212226,0.0,0.0,0.0,0.8143584945604827,True,False,False,True
CC175,7,82.0,26370.0,26374.0,4.0,0.04059679250863,0.0,0.0,0.0,0.6120617935110095,True,False,False,True
CC175,7,83.0,26374.0,26378.0,4.0,-0.0303671753360365,0.0,0.0,0.0,0.6337628955001223,True,False,False,True
CC175,7,84.0,26378.0,26382.0,4.0,0.0900074249809327,0.0,0.0,0.0,0.7595688122519119,True,False,False,True
CC175,7,85.0,26382.0,26386.0,4.0,0.3033098979449096,0.0,0.0,0.0,0.7719408684038515,True,False,False,True
CC175,7,86.0,26386.0,26390.0,4.0,0.1280043409790251,0.0,0.0,0.0,0.7599051076904526,True,False,False,True
CC175,7,87.0,26390.0,26394.0,4.0,0.2684384331593867,0.0,0.0,0.0,0.9053574527024152,True,False,False,True
CC175,7,88.0,26394.0,26398.0,4.0,0.0990732651939532,0.0,0.0,0.0,0.7213738515983652,True,False,False,True
CC175,7,89.0,26398.0,26402.0,4.0,-0.0942545329447179,0.0,0.0,0.0,0.7581961389415712,True,False,False,True
CC175,7,91.0,26406.0,26410.0,4.0,-0.40003491952978865,0.0,0.0,0.0,2.311917419466435,False,False,False,True
CC175,7,92.0,26410.0,26414.0,4.0,0.0445069876557537,0.0,0.0,0.0,0.7030042401336168,True,False,False,True
CC175,7,94.0,26418.0,26422.0,4.0,0.0347139500273927,0.0,0.0,0.0,0.759609430837525,True,False,False,True
CC175,7,95.0,26422.0,26426.0,4.0,-0.0459565319905755,0.0,0.0,0.0,0.7399887545833798,True,False,False,True
CC175,7,96.0,26426.0,26430.0,4.0,0.0247841142661728,0.0,0.0,0.0,0.7483492688550744,True,False,False,True
CC175,7,97.0,26430.0,26434.0,4.0,0.25638321212871296,0.0,0.0,0.0,1.9730905711989049,False,False,False,True
CC175,7,99.0,26438.0,26442.0,4.0,0.3532753983712989,0.0,0.0,0.0,0.8392145342067326,True,False,False,True
CC175,7,100.0,26442.0,26446.0,4.0,0.0737263125254153,0.0,0.0,0.0,0.7426729279839389,True,False,False,True
CC175,7,101.0,26446.0,26450.0,4.0,0.3692508094730966,0.0,0.0,0.0,0.7200432961823006,True,False,False,True
CC175,7,102.0,26450.0,26454.0,4.0,-0.4480606780657994,0.0,0.0,0.0,1.392826877617259,False,False,False,True
CC175,7,103.0,26454.0,26458.0,4.0,0.2546303415250516,0.0,0.0,0.0,1.559737506192964,False,False,False,True
CC175,7,104.0,26458.0,26462.0,4.0,0.247480917645202,0.0,0.0,0.0,1.5118187646364325,False,False,False,True
CC175,7,105.0,26462.0,26466.0,4.0,-0.1027667368155151,0.0,0.0,0.0,0.6320134655041018,True,False,False,True
CC175,7,106.0,26466.0,26470.0,4.0,0.0307686755272317,0.0,0.0,0.0,0.8028058135894423,True,False,False,True
CC175,7,107.0,26470.0,26474.0,4.0,0.0090649141573998,0.0,0.0,0.0,0.7633380451889064,True,False,False,True
CC175,7,108.0,26474.0,26478.0,4.0,-0.2001373409694512,0.0,0.0,0.0,1.3844958788809512,False,False,False,True
CC175,7,109.0,26478.0,26482.0,4.0,0.1705306437684038,0.0,0.0,0.0,1.8175584905190572,False,False,False,True
CC175,7,110.0,26482.0,26486.0,4.0,0.4050639558870608,0.0,0.0,0.0,1.5629304112997142,False,False,False,True
CC175,7,111.0,26486.0,26490.0,4.0,-0.1876066860606234,0.0,0.0,0.0,0.8131919846640945,True,False,False,True
CC175,7,112.0,26490.0,26494.0,4.0,0.0840132672196511,0.0,0.0,0.0,0.7651543053166189,True,False,False,True
CC175,7,113.0,26494.0,26498.0,4.0,-0.2079221699631732,0.0,0.0,0.0,0.9062922944191087,True,False,False,True
CC175,7,114.0,26498.0,26502.0,4.0,0.3662935223246532,0.0,0.0,0.0,7.149443272452445,False,False,False,True
CC175,7,115.0,26502.0,26506.0,4.0,0.13900193177516126,0.0,0.0,0.0,2.481653363184063,False,False,False,True
CC175,7,116.0,26506.0,26510.0,4.0,0.093668500286463,0.0,0.0,0.0,0.6493184635805558,True,False,False,True
CC175,7,117.0,26510.0,26514.0,4.0,-0.00512531898822715,0.0,0.0,0.0,1.6166275739487421,False,False,False,True
CC175,7,118.0,26514.0,26518.0,4.0,0.1835422765098724,0.0,0.0,0.0,1.8083209256799404,False,False,False,True
CC175,7,119.0,26518.0,26522.0,4.0,0.0437924215583501,0.0,0.0,0.0,1.336704283572413,False,False,False,True
CC175,7,120.0,26522.0,26526.0,4.0,0.1894233248913427,0.0,0.0,0.0,0.7032265565525971,True,False,False,True
CC175,7,121.0,26526.0,26530.0,4.0,0.235155606032468,0.0,0.0,0.0,1.340764783903419,False,False,False,True
CC175,7,123.0,26534.0,26538.0,4.0,0.0642571884786839,0.0,0.0,0.0,1.5050610311931172,True,False,False,True
CC175,7,124.0,26538.0,26542.0,4.0,0.3744383287229853,0.0,0.0,0.0,2.758255670933784,False,False,False,True
CC175,7,125.0,26542.0,26546.0,4.0,-0.2567941528994228,0.0,0.0,0.0,1.1642891488963207,True,False,False,True
CC175,7,126.0,26546.0,26550.0,4.0,0.1409413388492557,0.0,0.0,0.0,0.922961678275857,True,False,False,True
CC175,7,127.0,26550.0,26554.0,4.0,-0.0959234726699691,0.0,0.0,0.0,1.3323674916557682,False,False,False,True
CC175,7,129.0,26558.0,26562.0,4.0,-0.029832663998515,0.0,0.0,0.0,2.119081673727921,False,False,False,True
CC175,7,131.0,26566.0,26570.0,4.0,0.1788698083591793,0.0,0.0,0.0,11.624914918186532,False,False,False,True
CC175,7,132.0,26570.0,26574.0,4.0,-0.0488936763700739,0.0,0.0,0.0,0.9220606786075328,True,False,False,True
CC175,7,133.0,26574.0,26578.0,4.0,-0.0352321468621935,0.0,0.0,0.0,0.9853458626607904,True,False,False,True
CC175,7,134.0,26578.0,26582.0,4.0,0.1603356408786155,0.0,0.0,0.0,0.9867932980596292,True,False,False,True
CC175,7,135.0,26582.0,26586.0,4.0,0.2828080624597922,0.0,0.0,0.0,0.8705757204944323,True,False,False,True
CC175,7,138.0,26594.0,26598.0,4.0,-0.2746096062833238,0.0,0.0,0.0,0.9834556596364806,True,False,False,True
CC175,7,139.0,26598.0,26602.0,4.0,0.26178251589509194,0.0,0.0,0.0,1.361532522449452,False,False,False,True
CC175,7,140.0,26602.0,26606.0,4.0,0.2909607130145134,0.0,0.0,0.0,1.681545621101447,False,False,False,True
CC175,7,142.0,26610.0,26614.0,4.0,-0.2147441197915999,0.0,0.0,0.0,1.8364711968847915,False,False,False,True
CC175,7,143.0,26614.0,26618.0,4.0,0.2386210758059086,0.0,0.0,0.0,1.469698722507767,False,False,False,True
CC175,7,144.0,26618.0,26622.0,4.0,-0.1152944659130221,0.0,0.0,0.0,1.8506223049277613,False,False,False,True
CC175,7,145.0,26622.0,26626.0,4.0,-0.5333313195588458,0.0,0.0,0.0,3.7911998621999667,False,False,False,True
CC175,7,146.0,26626.0,26630.0,4.0,-0.0873618208431262,0.0,0.0,0.0,1.667215469088998,False,False,False,True
CC175,7,151.0,26646.0,26650.0,4.0,0.08845981113306915,0.0,0.0,0.0,1.4675554598128644,False,False,False,True
CC175,7,157.0,26670.0,26674.0,4.0,-0.32217085229357734,0.0,0.0,0.0,5.248694265951487,False,False,False,True
CC175,7,158.0,26674.0,26678.0,4.0,-0.3384272302303106,0.0,0.0,0.0,7.154487158458437,False,False,False,True
CC175,7,169.0,26718.0,26722.0,4.0,0.1282519025886985,0.0,0.0,0.0,1.333943685095418,False,False,False,True
CC175,7,170.0,26722.0,26726.0,4.0,0.0458107759704308,0.0,0.0,0.0,2.983017318996384,False,False,False,True
CC175,7,171.0,26726.0,26730.0,4.0,-0.1396287773071222,0.0,0.0,0.0,1.8404488199637996,False,False,False,True
CC175,7,172.0,26730.0,26734.0,4.0,0.1560521815392517,0.0,0.0,0.0,0.9138406012098572,True,False,False,True
CC175,7,173.0,26734.0,26738.0,4.0,0.070598306020225,0.0,0.0,0.0,11.385974895391664,False,False,False,True
CC175,7,174.0,26738.0,26742.0,4.0,-0.3346206804654006,0.0,0.0,0.0,0.9584360476723394,True,False,False,True
CC175,7,175.0,26742.0,26746.0,4.0,-0.1650907084669532,0.0,0.0,0.0,0.8943937033166821,True,False,False,True
CC175,7,176.0,26746.0,26750.0,4.0,0.2573541259537028,0.0,0.0,0.0,0.9192411837126794,True,False,False,True
CC175,7,177.0,26750.0,26754.0,4.0,0.0538250578418233,0.0,0.0,0.0,0.9574346724789304,True,False,False,True
CC175,7,178.0,26754.0,26758.0,4.0,0.2307892286374022,0.0,0.0,0.0,0.9237501982945784,True,False,False,True
CC175,7,179.0,26758.0,26762.0,4.0,-0.1938230162855235,0.0,0.0,0.0,0.6775263547971196,True,False,False,True
CC175,7,180.0,26762.0,26766.0,4.0,0.4603141492111512,0.0,0.0,0.0,5.32448149967556,False,False,False,True
CC175,7,181.0,26766.0,26770.0,4.0,-0.1783445320240739,0.0,0.0,0.0,1.1322411076224304,True,False,False,True
CC175,7,182.0,26770.0,26774.0,4.0,-0.0476314059977954,0.0,0.0,0.0,0.5965445769918125,True,False,False,True
CC175,7,183.0,26774.0,26778.0,4.0,-0.061308044114264146,0.0,0.0,0.0,1.5945836855820357,False,False,False,True
CC175,7,184.0,26778.0,26782.0,4.0,-0.3417885926316509,0.0,0.0,0.0,3.139810088380914,False,False,False,True
CC175,7,188.0,26794.0,26798.0,4.0,0.151394675807883,0.0,0.0,0.0,0.7841979890842273,True,False,False,True
CC175,7,189.0,26798.0,26802.0,4.0,0.1901801481192299,0.0,0.0,0.0,0.914683660552198,True,False,False,True
CC175,7,190.0,26802.0,26806.0,4.0,-0.0854766165795657,0.0,0.0,0.0,1.38780836661333,False,False,False,True
CC175,7,191.0,26806.0,26810.0,4.0,-0.3262241222733815,0.0,0.0,0.0,2.6846073032451847,False,False,False,True
CC175,7,194.0,26818.0,26822.0,4.0,-0.0055798388530656,0.0,0.0,0.0,0.6952786355218922,True,False,False,True
CC175,7,195.0,26822.0,26826.0,4.0,-0.1906214166599311,0.0,0.0,0.0,0.6602626764019885,True,False,False,True
CC175,7,196.0,26826.0,26830.0,4.0,0.0246650059465274,0.0,0.0,0.0,0.8189757666945482,True,False,False,True
CC175,7,197.0,26830.0,26834.0,4.0,-0.1008829969720676,0.0,0.0,0.0,0.9370958574971212,True,False,False,True
CC175,7,198.0,26834.0,26838.0,4.0,0.2970514342004667,0.0,0.0,0.0,0.8801903424464051,True,False,False,True
CC175,7,199.0,26838.0,26842.0,4.0,0.1944503594773918,0.0,0.0,0.0,0.6871935899089702,True,False,False,True
CC175,7,202.0,26850.0,26854.0,4.0,-0.1883469189760353,0.0,0.0,0.0,0.7840711860002385,True,False,False,True
CC175,7,205.0,26862.0,26866.0,4.0,-0.1280713797265547,0.0,0.0,0.0,2.9560383072752665,False,False,False,True
CC175,7,206.0,26866.0,26870.0,4.0,0.0978573550123277,0.0,0.0,0.0,1.8872767638210293,False,False,False,True
CC175,7,207.0,26870.0,26874.0,4.0,-0.3683823080403985,0.0,0.0,0.0,0.9096442486761952,True,False,False,True
CC175,7,208.0,26874.0,26878.0,4.0,0.0165717277416028,0.0,0.0,0.0,0.9683115560400514,True,False,False,True
CC175,7,209.0,26878.0,26882.0,4.0,-0.0022523840082464,0.0,0.0,0.0,0.8601772324467424,True,False,False,True
CC175,7,210.0,26882.0,26886.0,4.0,0.0153663042165661,0.0,0.0,0.0,0.7958991861903433,True,False,False,True
CC175,7,211.0,26886.0,26890.0,4.0,-0.0655218841964023,0.0,0.0,0.0,0.8702536229623593,True,False,False,True
CC175,7,212.0,26890.0,26894.0,4.0,0.008704568643464,0.0,0.0,0.0,0.8952732316801106,True,False,False,True
CC175,7,213.0,26894.0,26898.0,4.0,-0.0643541107094552,0.0,0.0,0.0,9.140327204156948,False,False,False,True
CC175,7,214.0,26898.0,26902.0,4.0,0.2266575441450259,0.0,0.0,0.0,1.6777665864377822,False,False,False,True
CC175,7,215.0,26902.0,26906.0,4.0,-0.0460532972580752,0.0,0.0,0.0,0.746254184022466,True,False,False,True
CC175,7,216.0,26906.0,26910.0,4.0,0.0654193799419529,0.0,0.0,0.0,0.6806422012414035,True,False,False,True
CC175,7,217.0,26910.0,26914.0,4.0,0.0009502447430633,0.0,0.0,0.0,0.70857509128813,True,False,False,True
CC175,7,218.0,26914.0,26918.0,4.0,0.1513646713576128,0.0,0.0,0.0,0.8115816341641499,True,False,False,True
CC175,7,221.0,26926.0,26930.0,4.0,-0.26034868238292375,0.0,0.0,0.0,1.4298721385976474,False,False,False,True
CC175,7,223.0,26934.0,26938.0,4.0,-0.0195221982596103,0.0,0.0,0.0,0.7211135049703876,True,False,False,True
CC175,7,224.0,26938.0,26942.0,4.0,0.3952440941842681,0.0,0.0,0.0,0.6444861855042749,True,False,False,True
CC175,7,226.0,26946.0,26950.0,4.0,-0.033991996464387206,0.0,0.0,0.0,3.439728774326235,False,False,False,True
CC175,7,227.0,26950.0,26954.0,4.0,0.216515494379094,0.0,0.0,0.0,3.627760740077452,False,False,False,True
CC175,7,228.0,26954.0,26958.0,4.0,0.5933819507099694,0.0,0.0,0.0,0.8396757944572593,True,False,False,True
CC175,7,231.0,26966.0,26970.0,4.0,0.2722848982925607,0.0,0.0,0.0,3.1891413615534745,False,False,False,True
CC175,7,234.0,26978.0,26982.0,4.0,0.1484087979759809,0.0,0.0,0.0,0.8283138439987248,True,False,False,True
CC175,7,235.0,26982.0,26986.0,4.0,-0.0178079044197475,0.0,0.0,0.0,0.6880807302103794,True,False,False,True
CC175,7,236.0,26986.0,26990.0,4.0,-0.0162501895763758,0.0,0.0,0.0,0.7663723669501586,True,False,False,True
CC175,7,239.0,26998.0,27002.0,4.0,0.4152572366553099,0.0,0.0,0.0,0.6312370789399545,True,False,False,True
CC175,7,240.0,27002.0,27006.0,4.0,-0.4168631345491678,0.0,0.0,0.0,0.7136623704414278,True,False,False,True
CC175,7,241.0,27006.0,27010.0,4.0,-0.0076557799840692,0.0,0.0,0.0,0.5914155996165217,True,False,False,True
CC175,7,242.0,27010.0,27014.0,4.0,-0.0137359617211401,0.0,0.0,0.0,0.6479150558271235,True,False,False,True
CC175,7,243.0,27014.0,27018.0,4.0,-0.2113125590614869,0.0,0.0,0.0,0.6233530191177273,True,False,False,True
CC175,7,244.0,27018.0,27022.0,4.0,-0.3135571695836568,0.0,0.0,0.0,0.7119512083158995,True,False,False,True
CC175,7,245.0,27022.0,27026.0,4.0,0.0934482514672908,0.0,0.0,0.0,0.8059309685679511,True,False,False,True
CC175,7,249.0,27038.0,27042.0,4.0,-0.0446303459445549,0.0,0.0,0.0,0.6567848709729487,True,False,False,True
CC175,7,250.0,27042.0,27046.0,4.0,-0.0314617752706476,0.0,0.0,0.0,0.5636559727247282,True,False,False,True
CC175,7,255.0,27062.0,27066.0,4.0,0.0053992545365631,0.0,0.0,0.0,3.963232889809952,False,False,False,True
CC175,7,256.0,27066.0,27070.0,4.0,0.4733725832379318,0.0,0.0,0.0,3.7888835727758994,False,False,False,True
CC175,7,257.0,27070.0,27074.0,4.0,-0.4945111519452987,0.0,0.0,0.0,1.4342587400436348,False,False,False,True
CC175,7,258.0,27074.0,27078.0,4.0,0.1390484329678281,0.0,0.0,0.0,18.901914113985367,False,False,False,True
CC175,7,259.0,27078.0,27082.0,4.0,0.4788909365713028,0.0,0.0,0.0,7.170824789091694,False,False,False,True
CC175,7,260.0,27082.0,27086.0,4.0,-0.0248366815767353,0.0,0.0,0.0,0.9153419855857758,True,False,False,True
CC175,7,261.0,27086.0,27090.0,4.0,0.111248598290102,0.0,0.0,0.0,0.8748191728664633,True,False,False,True
CC175,7,262.0,27090.0,27094.0,4.0,-0.1709962472148238,0.0,0.0,0.0,0.839847684705035,True,False,False,True
CC175,7,263.0,27094.0,27098.0,4.0,-0.1732685434247677,0.0,0.0,0.0,1.4669890172340958,False,False,False,True
CC175,7,264.0,27098.0,27102.0,4.0,0.0780669294583108,0.0,0.0,0.0,0.69720888053188,True,False,False,True
CC175,7,265.0,27102.0,27106.0,4.0,-0.0102363694517521,0.0,0.0,0.0,0.673303293549259,True,False,False,True
CC175,7,267.0,27110.0,27114.0,4.0,0.109345897570403,0.0,0.0,0.0,6.960053749207228,False,False,False,True
CC175,7,268.0,27114.0,27118.0,4.0,0.0561043018601761,0.0,0.0,0.0,0.8716336329957631,True,False,False,True
CC175,7,269.0,27118.0,27122.0,4.0,-0.0686613296214972,0.0,0.0,0.0,1.0438379661155537,True,False,False,True
CC175,7,270.0,27122.0,27126.0,4.0,0.002807868546607,0.0,0.0,0.0,0.6465385400470711,True,False,False,True
CC175,7,271.0,27126.0,27130.0,4.0,-0.1153345268083521,0.0,0.0,0.0,0.6976783327533436,True,False,False,True
CC175,7,272.0,27130.0,27134.0,4.0,0.0935463477984646,0.0,0.0,0.0,0.6311540410270849,True,False,False,True
CC175,7,273.0,27134.0,27138.0,4.0,-0.1889663793424231,0.0,0.0,0.0,0.7125755829811931,True,False,False,True
CC175,7,274.0,27138.0,27142.0,4.0,-0.1454792406460068,0.0,0.0,0.0,0.7878103495831459,True,False,False,True
CC175,7,275.0,27142.0,27146.0,4.0,-0.3361661475851554,0.0,0.0,0.0,0.7307946970842777,True,False,False,True
CC175,7,276.0,27146.0,27150.0,4.0,-0.1729868342075909,0.0,0.0,0.0,0.6985832792855409,True,False,False,True
CC175,7,279.0,27158.0,27162.0,4.0,-0.1821402539097124,0.0,0.0,0.0,0.922883465877456,True,False,False,True
CC175,7,280.0,27162.0,27166.0,4.0,0.4639774344763035,0.0,0.0,0.0,0.8198274404100672,True,False,False,True
CC175,7,282.0,27170.0,27174.0,4.0,-0.5829267363714019,0.0,0.0,0.0,1.4634679496817262,False,False,False,True
CC175,7,283.0,27174.0,27178.0,4.0,0.5755461050552219,0.0,0.0,0.0,1.6956225661723987,False,False,False,True
CC175,7,286.0,27186.0,27190.0,4.0,0.4495446845532902,0.0,0.0,0.0,2.2729079071663185,False,False,False,True
CC175,7,289.0,27198.0,27202.0,4.0,0.2182214550069758,0.0,0.0,0.0,0.79890810814448,True,False,False,True
CC175,7,291.0,27206.0,27210.0,4.0,-0.0846883308299811,0.0,0.0,0.0,0.8564799915691339,True,False,False,True
CC175,7,292.0,27210.0,27214.0,4.0,-0.0324235114299923,0.0,0.0,0.0,0.8837164882212316,True,False,False,True
CC175,7,293.0,27214.0,27218.0,4.0,-0.1521885629826438,0.0,0.0,0.0,0.7102170809039263,True,False,False,True
CC175,7,294.0,27218.0,27222.0,4.0,-0.2524130972637097,0.0,0.0,0.0,0.604551465249578,True,False,False,True
CC175,7,295.0,27222.0,27226.0,4.0,-5.858799335491952e-05,0.0,0.0,0.0,0.6975204706908116,True,False,False,True
CC175,7,296.0,27226.0,27230.0,4.0,-0.0694030274149877,0.0,0.0,0.0,0.6747104286288247,True,False,False,True
CC175,7,298.0,27234.0,27238.0,4.0,-0.0159254609286382,0.0,0.0,0.0,1.3051521914093338,False,False,False,True
CC175,7,299.0,27238.0,27242.0,4.0,0.2662824292569679,0.0,0.0,0.0,1.00026984519356,True,False,False,True
CC175,7,300.0,27242.0,27246.0,4.0,-0.3480444631551277,0.0,0.0,0.0,0.81459603549546,True,False,False,True
CC175,7,301.0,27246.0,27250.0,4.0,0.2525055155163568,0.0,0.0,0.0,0.8426711727550434,True,False,False,True
CC175,7,302.0,27250.0,27254.0,4.0,0.3052273305029233,0.0,0.0,0.0,0.8893788567475653,True,False,False,True
CC175,7,303.0,27254.0,27258.0,4.0,-0.0425583982714033,0.0,0.0,0.0,0.8968028755977177,True,False,False,True
CC175,7,304.0,27258.0,27262.0,4.0,0.0342478573370821,0.0,0.0,0.0,0.7526987478162958,True,False,False,True
CC175,7,307.0,27270.0,27274.0,4.0,0.0029413438125365,0.0,0.0,0.0,1.3246587753816743,False,False,False,True
CC175,7,308.0,27274.0,27278.0,4.0,-0.1859378214723981,0.0,0.0,0.0,0.9351478794589272,True,False,False,True
CC175,7,310.0,27282.0,27286.0,4.0,0.4393443755162777,0.0,0.0,0.0,2.626830475905321,False,False,False,True
CC175,7,311.0,27286.0,27290.0,4.0,-0.1769358919278277,0.0,0.0,0.0,1.317005001642673,False,False,False,True
CC175,7,312.0,27290.0,27294.0,4.0,0.2661787426331312,0.0,0.0,0.0,2.3614565795545737,False,False,False,True
CC175,7,315.0,27302.0,27306.0,4.0,0.3838138560723786,0.0,0.0,0.0,0.8936057478727649,True,False,False,True
CC175,7,322.0,27330.0,27334.0,4.0,-0.0957525723170516,0.0,0.0,0.0,0.7559526034064934,True,False,False,True
CC175,7,323.0,27334.0,27338.0,4.0,-0.0427614299616795,0.0,0.0,0.0,1.725661367896156,False,False,False,True
CC175,7,327.0,27350.0,27354.0,4.0,-0.2715454996325661,0.0,0.0,0.0,0.9298691891525138,True,False,False,True
CC175,7,328.0,27354.0,27358.0,4.0,0.3706080570001786,0.0,0.0,0.0,1.6581979029904157,False,False,False,True
CC175,7,329.0,27358.0,27362.0,4.0,-0.2035292180480231,0.0,0.0,0.0,5.006146203978516,False,False,False,True
CC175,7,330.0,27362.0,27366.0,4.0,-0.22855534671226205,0.0,0.0,0.0,2.8313061901642986,False,False,False,True
CC175,7,332.0,27370.0,27374.0,4.0,-0.124902399718914,0.0,0.0,0.0,0.839300488373878,True,False,False,True
CC175,7,333.0,27374.0,27378.0,4.0,-0.040881435072199,0.0,0.0,0.0,0.96162111928883,True,False,False,True
CC175,7,334.0,27378.0,27382.0,4.0,-0.2143104056775301,0.0,0.0,0.0,0.3505433493947813,True,False,False,True
CC175,7,335.0,27382.0,27386.0,4.0,-0.2358600766124839,0.0,0.0,0.0,1.4801770406013677,False,False,False,True
CC175,7,336.0,27386.0,27390.0,4.0,-0.104199625566888,0.0,0.0,0.0,1.9843747048227278,False,False,False,True
CC175,7,337.0,27390.0,27394.0,4.0,0.1005142365647014,0.509765625,2.0390625,1.0,4.183578542480188,False,False,False,True
CC175,7,338.0,27394.0,27398.0,4.0,0.2782911671692205,0.591796875,2.3671875,1.0,2.86687114501402,False,False,False,True
CC175,7,339.0,27398.0,27402.0,4.0,-0.0658851231972539,0.0,0.0,0.0,3.786347833068248,False,False,False,True
CC175,7,340.0,27402.0,27406.0,4.0,0.2662621745539519,0.0,0.0,0.0,1.4374210746024114,False,False,False,True
CC175,7,341.0,27406.0,27410.0,4.0,0.2366656149273775,0.0,0.0,0.0,2.3371414589310806,False,False,False,True
CC175,7,342.0,27410.0,27414.0,4.0,0.246297344541227,0.0,0.0,0.0,3.443844274282119,False,False,False,True
CC175,7,343.0,27414.0,27418.0,4.0,0.3888429280039935,0.96484375,3.859375,1.0,4.832711240270274,False,True,True,True
CC175,8,0.0,27452.0,27456.0,4.0,0.0547229067955199,0.0,0.0,0.0,1.05237245019636,True,False,False,True
CC175,8,2.0,27460.0,27464.0,4.0,0.2118411588860725,0.0,0.0,0.0,1.997691169896356,False,False,False,True
CC175,8,3.0,27464.0,27468.0,4.0,-0.278589321085534,0.0,0.0,0.0,1.0407182034915814,True,False,False,True
CC175,8,4.0,27468.0,27472.0,4.0,0.1661307244863182,0.0,0.0,0.0,0.92581650240928,True,False,False,True
CC175,8,5.0,27472.0,27476.0,4.0,-0.1194226346976117,0.0,0.0,0.0,0.9820613460418276,True,False,False,True
CC175,8,6.0,27476.0,27480.0,4.0,0.129153546242117,0.0,0.0,0.0,1.001228307182895,True,False,False,True
CC175,8,7.0,27480.0,27484.0,4.0,0.0242860642168249,0.0,0.0,0.0,0.9237885754394058,True,False,False,True
CC175,8,8.0,27484.0,27488.0,4.0,-0.0269295642957435,0.0,0.0,0.0,0.9872452937312388,True,False,False,True
CC175,8,10.0,27492.0,27496.0,4.0,0.2383981124210967,0.0,0.0,0.0,2.1377447466549246,False,False,False,True
CC175,8,11.0,27496.0,27500.0,4.0,-0.4023314403589478,0.0,0.0,0.0,3.0273553744817363,False,False,False,True
CC175,8,12.0,27500.0,27504.0,4.0,0.3292566608401071,0.0,0.0,0.0,0.9350038188357568,True,False,False,True
CC175,8,15.0,27512.0,27516.0,4.0,-0.0686411413396847,0.0,0.0,0.0,0.941544762188806,True,False,False,True
CC175,8,16.0,27516.0,27520.0,4.0,0.1432833869674838,0.0,0.0,0.0,0.8896363063453908,True,False,False,True
CC175,8,17.0,27520.0,27524.0,4.0,0.2014178737595118,0.0,0.0,0.0,0.7178382376735095,True,False,False,True
CC175,8,18.0,27524.0,27528.0,4.0,0.1389462715173624,0.0,0.0,0.0,0.9636414122287366,True,False,False,True
CC175,8,19.0,27528.0,27532.0,4.0,-0.186547966840198,0.0,0.0,0.0,1.0601764909690703,True,False,False,True
CC175,8,21.0,27536.0,27540.0,4.0,-0.1602469459858355,0.0,0.0,0.0,0.9716963900928456,True,False,False,True
CC175,8,22.0,27540.0,27544.0,4.0,-0.0901751995776834,0.0,0.0,0.0,0.8118647387268114,True,False,False,True
CC175,8,24.0,27548.0,27552.0,4.0,0.4841918144519403,0.0,0.0,0.0,1.8649044689222685,False,False,False,True
CC175,8,25.0,27552.0,27556.0,4.0,0.0147798479423557,0.0,0.0,0.0,1.092475347231334,True,False,False,True
CC175,8,26.0,27556.0,27560.0,4.0,-0.0044704912708436,0.0,0.0,0.0,1.0247208762589888,True,False,False,True
CC175,8,27.0,27560.0,27564.0,4.0,-0.0506689355378897,0.0,0.0,0.0,1.0320714783939149,True,False,False,True
CC175,8,28.0,27564.0,27568.0,4.0,-0.0187422814082557,0.0,0.0,0.0,0.941222352363021,True,False,False,True
CC175,8,29.0,27568.0,27572.0,4.0,-0.0759436913462935,0.0,0.0,0.0,0.9427017294158384,True,False,False,True
CC175,8,30.0,27572.0,27576.0,4.0,-0.0380706025765354,0.0,0.0,0.0,1.027016140316486,True,False,False,True
CC175,8,31.0,27576.0,27580.0,4.0,-0.029570034725784,0.0,0.0,0.0,1.0157951777385497,True,False,False,True
CC175,8,32.0,27580.0,27584.0,4.0,-0.18981706704683265,0.0,0.0,0.0,2.2626852241787425,False,False,False,True
CC175,8,33.0,27584.0,27588.0,4.0,-0.1120422541071492,0.0,0.0,0.0,0.970755127002054,True,False,False,True
CC175,8,34.0,27588.0,27592.0,4.0,0.2253982380415711,0.0,0.0,0.0,0.8663117444578652,True,False,False,True
CC175,8,36.0,27596.0,27600.0,4.0,-0.0396354102365158,0.0,0.0,0.0,0.8377856926153575,True,False,False,True
CC175,8,37.0,27600.0,27604.0,4.0,0.1192145395072529,0.0,0.0,0.0,0.7072699640409535,True,False,False,True
CC175,8,40.0,27612.0,27616.0,4.0,0.0394434285203981,0.0,0.0,0.0,0.9753545451498852,True,False,False,True
CC175,8,41.0,27616.0,27620.0,4.0,-0.201231726053343,0.0,0.0,0.0,0.6954546416468922,True,False,False,True
CC175,8,42.0,27620.0,27624.0,4.0,0.1023994429824965,0.0,0.0,0.0,0.6846682209527452,True,False,False,True
CC175,8,44.0,27628.0,27632.0,4.0,-0.3814965447573123,0.0,0.0,0.0,1.7005149676783569,False,False,False,True
CC175,8,45.0,27632.0,27636.0,4.0,0.1012661131163842,0.0,0.0,0.0,0.7513065554025694,True,False,False,True
CC175,8,46.0,27636.0,27640.0,4.0,0.2386024258766646,0.0,0.0,0.0,0.9272790544017352,True,False,False,True
CC175,8,48.0,27644.0,27648.0,4.0,-0.4175249964183808,0.0,0.0,0.0,0.8776214620320728,True,False,False,True
CC175,8,49.0,27648.0,27652.0,4.0,-0.5438083381577071,0.0,0.0,0.0,1.521242942504821,False,False,False,True
CC175,8,50.0,27652.0,27656.0,4.0,0.1339402397216418,0.0,0.0,0.0,0.8281543639062762,True,False,False,True
CC175,8,51.0,27656.0,27660.0,4.0,-0.0813951614947716,0.0,0.0,0.0,0.8955896694017157,True,False,False,True
CC175,8,53.0,27664.0,27668.0,4.0,0.0932666032316303,0.0,0.0,0.0,0.8765501419895293,True,False,False,True
CC175,8,54.0,27668.0,27672.0,4.0,-0.0345036806660198,0.0,0.0,0.0,0.9559657636977356,True,False,False,True
CC175,8,55.0,27672.0,27676.0,4.0,0.1901077061554461,0.0,0.0,0.0,1.3422115286487697,False,False,False,True
CC175,8,57.0,27680.0,27684.0,4.0,-0.0071226422704183,0.0,0.0,0.0,0.9063143746189348,True,False,False,True
CC175,8,58.0,27684.0,27688.0,4.0,0.0888672513258415,0.0,0.0,0.0,0.9018565858488596,True,False,False,True
CC175,8,59.0,27688.0,27692.0,4.0,-0.1404910938164238,0.0,0.0,0.0,0.7547118411322803,True,False,False,True
CC175,8,60.0,27692.0,27696.0,4.0,-0.0502501112110267,0.0,0.0,0.0,0.8454523199536148,True,False,False,True
CC175,8,61.0,27696.0,27700.0,4.0,0.2039196893667897,0.0,0.0,0.0,0.7690491097376437,True,False,False,True
CC175,8,64.0,27708.0,27712.0,4.0,0.087757862478705,0.0,0.0,0.0,0.9763236479457328,True,False,False,True
CC175,8,65.0,27712.0,27716.0,4.0,-0.1482659031121545,0.0,0.0,0.0,0.8860985417737385,True,False,False,True
CC175,8,66.0,27716.0,27720.0,4.0,-0.0662176896598959,0.0,0.0,0.0,0.9404653073538318,True,False,False,True
CC175,8,67.0,27720.0,27724.0,4.0,0.1043304053814314,0.0,0.0,0.0,0.9154452885817672,True,False,False,True
CC175,8,68.0,27724.0,27728.0,4.0,-0.1194889922915834,0.0,0.0,0.0,0.8914048759468196,True,False,False,True
CC175,8,69.0,27728.0,27732.0,4.0,0.1080794347506712,0.5322265625,2.12890625,1.0,0.9535952390518632,True,False,False,True
CC175,8,70.0,27732.0,27736.0,4.0,0.0168630609798645,0.6533203125,2.61328125,1.0,1.7732140088718538,,False,False,True
CC175,8,71.0,27736.0,27740.0,4.0,0.1609892190181842,0.0,0.0,0.0,0.9776154073683158,True,False,False,True
CC175,8,72.0,27740.0,27744.0,4.0,0.3440631647219586,0.8134765625,3.25390625,1.0,1.687376364673585,False,True,True,True
CC175,8,73.0,27744.0,27748.0,4.0,0.190357994551319,1.0,4.0,1.0,2.539715258964637,False,True,True,True
CC175,8,74.0,27748.0,27752.0,4.0,0.0090347116807421,1.0,4.0,1.0,1.5914031202904708,True,True,True,True
CC175,8,75.0,27752.0,27756.0,4.0,0.1853287583637158,0.1259765625,0.50390625,1.0,1.3673993320340796,True,False,False,True
CC175,8,76.0,27756.0,27760.0,4.0,0.1794522166204176,0.0,0.0,0.0,0.91187900155303,True,False,False,True
CC175,8,77.0,27760.0,27764.0,4.0,0.0528395422947816,0.0,0.0,0.0,0.9653025353416184,True,False,False,True
CC175,8,78.0,27764.0,27768.0,4.0,-0.0722674745088298,0.0,0.0,0.0,0.8128330817998782,True,False,False,True
CC175,8,79.0,27768.0,27772.0,4.0,0.0932728747074554,0.0,0.0,0.0,0.8979656000005323,True,False,False,True
CC175,8,80.0,27772.0,27776.0,4.0,0.0415945018406796,0.0,0.0,0.0,0.8939349300361331,True,False,False,True
CC175,8,81.0,27776.0,27780.0,4.0,0.0589145097877133,0.0,0.0,0.0,0.8359763003339432,True,False,False,True
CC175,8,82.0,27780.0,27784.0,4.0,0.0393146321320035,0.0,0.0,0.0,0.7619999129146338,True,False,False,True
CC175,8,83.0,27784.0,27788.0,4.0,-0.1144624496216465,0.0,0.0,0.0,0.5420569508732643,True,False,False,True
CC175,8,84.0,27788.0,27792.0,4.0,0.1121935793344163,0.0,0.0,0.0,0.8534810629160027,True,False,False,True
CC175,8,85.0,27792.0,27796.0,4.0,-0.072460430883296,0.0,0.0,0.0,0.7789284363594821,True,False,False,True
CC175,8,86.0,27796.0,27800.0,4.0,-0.1997151025434666,0.0,0.0,0.0,0.7951349921025145,True,False,False,True
CC175,8,87.0,27800.0,27804.0,4.0,0.052144936023643,0.0,0.0,0.0,0.7540940923196281,True,False,False,True
CC175,8,88.0,27804.0,27808.0,4.0,-0.0040468107595114,0.0,0.0,0.0,0.7808834035990604,True,False,False,True
CJP53,0,2.0,8620.0,8624.0,4.0,-0.1091504884131972,0.0,0.0,0.0,1.0763032862821864,True,False,False,True
CJP53,0,3.0,8624.0,8628.0,4.0,-0.1189647465991421,0.0,0.0,0.0,1.0527502423174817,True,False,False,True
CJP53,0,4.0,8628.0,8632.0,4.0,-0.23447829035494464,0.0,0.0,0.0,2.167623557467434,False,False,False,True
CJP53,0,5.0,8632.0,8636.0,4.0,-0.4013405828980342,0.0,0.0,0.0,0.9882035317160864,True,False,False,True
CJP53,0,6.0,8636.0,8640.0,4.0,-0.3059163409247512,0.0,0.0,0.0,0.9834818214186124,True,False,False,True
CJP53,0,7.0,8640.0,8644.0,4.0,-0.223625811699377,0.173828125,0.6953125,1.0,0.8789003161122421,True,False,False,True
CJP53,0,8.0,8644.0,8648.0,4.0,-0.042545740659535494,0.0,0.0,0.0,0.8377361082271011,True,False,False,True
CJP53,0,9.0,8648.0,8652.0,4.0,-0.0104622936583443,0.0,0.0,0.0,3.872266868357296,False,False,False,True
CJP53,0,10.0,8652.0,8656.0,4.0,-0.4107681766443639,0.0,0.0,0.0,3.7352742280605606,False,False,False,True
CJP53,0,11.0,8656.0,8660.0,4.0,0.6343617638567325,1.0,4.0,1.0,2.88681009340242,False,True,True,True
CJP53,0,12.0,8660.0,8664.0,4.0,-0.1399733552322542,1.0,4.0,1.0,3.624212628883844,False,True,True,True
CJP53,0,13.0,8664.0,8668.0,4.0,0.0965454665882937,0.0166015625,0.06640625,1.0,1.1740826727821625,True,False,False,True
CJP53,0,14.0,8668.0,8672.0,4.0,-0.0556597119024345,0.0,0.0,0.0,1.3847720370618997,True,False,False,True
CJP53,0,15.0,8672.0,8676.0,4.0,-0.0622574867529693,0.0,0.0,0.0,1.028184940021875,True,False,False,True
CJP53,0,16.0,8676.0,8680.0,4.0,-0.41605364237162135,0.28125,1.125,1.0,1.592936069583065,True,False,False,True
CJP53,0,17.0,8680.0,8684.0,4.0,-0.05083902565216665,1.0,4.0,1.0,10.57731107563837,False,True,True,True
CJP53,0,18.0,8684.0,8688.0,4.0,0.2453228373365938,0.0,0.0,0.0,20.74253561897754,False,False,False,True
CJP53,0,19.0,8688.0,8692.0,4.0,0.041863136103048,0.0,0.0,0.0,1.1197904333269717,True,False,False,True
CJP53,0,20.0,8692.0,8696.0,4.0,0.4157380969430336,0.0,0.0,0.0,1.0010725621334198,True,False,False,True
CJP53,1,0.0,8822.0,8826.0,4.0,0.0483097722113767,1.0,4.0,1.0,4.20279691523337,,True,True,True
CJP53,1,1.0,8826.0,8830.0,4.0,-0.0830336868576895,1.0,4.0,1.0,1.0490522132772655,True,True,True,True
CJP53,1,2.0,8830.0,8834.0,4.0,0.1945451580723811,0.0,0.0,0.0,0.9554005320200614,True,False,False,True
CJP53,1,3.0,8834.0,8838.0,4.0,-0.07192416129988345,0.0,0.0,0.0,2.000685718026384,False,False,False,True
CJP53,1,4.0,8838.0,8842.0,4.0,-0.2096302513544463,0.0,0.0,0.0,1.2697846905690875,True,False,False,True
CJP53,1,5.0,8842.0,8846.0,4.0,0.0705175372587901,0.0,0.0,0.0,0.9807563738277432,True,False,False,True
CJP53,1,6.0,8846.0,8850.0,4.0,-0.1115209799110926,0.0,0.0,0.0,0.9608129719786062,True,False,False,True
CJP53,1,7.0,8850.0,8854.0,4.0,-0.5540780636937416,0.0,0.0,0.0,1.3817879017565504,False,False,False,True
CJP53,1,8.0,8854.0,8858.0,4.0,-0.00370583344419585,0.0,0.0,0.0,1.9336650569541003,False,False,False,True
CJP53,1,9.0,8858.0,8862.0,4.0,-0.06433414356909725,0.0,0.0,0.0,1.8216628986738646,False,False,False,True
CJP53,1,10.0,8862.0,8866.0,4.0,-0.1826353881795417,0.0,0.0,0.0,1.0863780537034426,True,False,False,True
CJP53,1,11.0,8866.0,8870.0,4.0,-0.1759347489090758,0.0,0.0,0.0,1.2993462088670165,True,False,False,True
CJP53,1,12.0,8870.0,8874.0,4.0,-0.4545369917664097,0.7998046875,3.19921875,1.0,1.206599673817088,True,True,True,True
CJP53,1,13.0,8874.0,8878.0,4.0,-0.23962741901831375,0.0,0.0,0.0,1.9222919509667449,False,False,False,True
CJP53,1,14.0,8878.0,8882.0,4.0,0.07453839870578516,0.4482421875,1.79296875,1.0,1.554508439467698,True,False,False,True
CJP53,1,15.0,8882.0,8886.0,4.0,0.155906027348784,1.0,4.0,1.0,1.9161976391326898,False,True,True,True
CJP53,1,16.0,8886.0,8890.0,4.0,-0.2163650236141112,0.0,0.0,0.0,2.657956774456424,False,False,False,True
CJP53,1,17.0,8890.0,8894.0,4.0,0.1535501658805212,0.81640625,3.265625,1.0,1.4475407835055127,False,True,True,True
CJP53,1,18.0,8894.0,8898.0,4.0,-0.24888865161411677,0.2646484375,1.05859375,2.0,1.323003662419556,True,False,False,True
CJP53,1,19.0,8898.0,8902.0,4.0,-0.0665953319203849,0.0,0.0,0.0,2.1886244511261115,False,False,False,True
CJP53,1,20.0,8902.0,8906.0,4.0,0.16547502532785485,1.0,4.0,1.0,5.061118009070613,False,True,True,True
CJP53,1,21.0,8906.0,8910.0,4.0,-0.3248969623020087,0.0,0.0,0.0,0.8108416273533705,True,False,False,True
CJP53,1,23.0,8914.0,8918.0,4.0,-0.0282366737836664,0.3037109375,1.21484375,1.0,0.8822461989115734,True,False,False,True
CJP53,1,24.0,8918.0,8922.0,4.0,-0.1568952466346544,0.4287109375,1.71484375,1.0,0.925058557319276,True,False,False,True
CJP53,1,25.0,8922.0,8926.0,4.0,-0.1724929980079995,1.0,4.0,1.0,2.5904061318972453,,True,True,True
CJP53,1,26.0,8926.0,8930.0,4.0,0.039928025118787,1.0,4.0,1.0,0.9510471520584628,True,True,True,True
CJP53,1,27.0,8930.0,8934.0,4.0,0.1606916788002342,1.0,4.0,1.0,0.9331849998516424,True,True,True,True
CJP53,1,28.0,8934.0,8938.0,4.0,0.0588606755102561,0.3623046875,1.44921875,1.0,1.071396934649442,True,False,False,True
CJP53,1,29.0,8938.0,8942.0,4.0,-0.0737897793288658,0.0,0.0,0.0,0.9723368334324516,True,False,False,True
CJP53,1,30.0,8942.0,8946.0,4.0,0.2735179741155401,0.123046875,0.4921875,1.0,2.9202205573627014,False,False,False,True
CJP53,1,31.0,8946.0,8950.0,4.0,-0.1047710008697834,1.0,4.0,1.0,1.804809635696608,False,True,True,True
CJP53,1,32.0,8950.0,8954.0,4.0,0.1128365498056183,1.0,4.0,1.0,5.545758378665015,False,True,True,True
CJP53,1,33.0,8954.0,8958.0,4.0,0.5349555105808976,0.0,0.0,0.0,1.375337127603015,False,False,False,True
CJP53,1,34.0,8958.0,8962.0,4.0,-0.1746235663624502,0.0,0.0,0.0,0.9854892282600692,True,False,False,True
CJP53,1,35.0,8962.0,8966.0,4.0,0.06858005820900465,0.0,0.0,0.0,1.5147626112213772,False,False,False,True
CJP53,2,1.0,12186.0,12190.0,4.0,0.0460488583597884,0.095703125,0.3828125,1.0,0.9234477208605462,True,False,False,True
CJP53,2,2.0,12190.0,12194.0,4.0,0.3680322012032802,1.0,4.0,1.0,5.000795449116504,False,True,True,True
CJP53,2,3.0,12194.0,12198.0,4.0,0.06250503426453194,1.0,4.0,1.0,6.71549391933697,False,True,True,True
CJP53,2,6.0,12206.0,12210.0,4.0,-0.2185575245099503,0.0,0.0,0.0,0.8218165868196241,True,False,False,True
CJP53,2,7.0,12210.0,12214.0,4.0,0.3249482230134898,0.0,0.0,0.0,0.943992775323472,True,False,False,True
CJP53,2,8.0,12214.0,12218.0,4.0,0.2775835210582377,0.0,0.0,0.0,1.812518066642402,False,False,False,True
CJP53,2,9.0,12218.0,12222.0,4.0,0.2915995557043476,0.0,0.0,0.0,1.3047971298942016,True,False,False,True
CJP53,2,10.0,12222.0,12226.0,4.0,0.1653652054170681,0.0,0.0,0.0,0.9817059841627488,True,False,False,True
CJP53,2,11.0,12226.0,12230.0,4.0,0.2298092775602297,0.0,0.0,0.0,0.9402506562998448,True,False,False,True
CJP53,2,12.0,12230.0,12234.0,4.0,0.1789209044118344,0.0,0.0,0.0,0.9923975721086536,True,False,False,True
CJP53,2,14.0,12238.0,12242.0,4.0,0.0096813865640529,0.2275390625,0.91015625,1.0,0.9062507078864338,True,False,False,True
CJP53,2,15.0,12242.0,12246.0,4.0,-0.1404847906083714,1.0,4.0,1.0,0.826468450102272,True,True,True,True
CJP53,2,16.0,12246.0,12250.0,4.0,0.114373771014534,0.0,0.0,0.0,1.0639106020039186,True,False,False,True
CJP53,2,17.0,12250.0,12254.0,4.0,-0.140108553771095,0.310546875,1.2421875,2.0,0.9778410255104952,True,False,False,True
CJP53,2,18.0,12254.0,12258.0,4.0,0.0233930227416448,1.0,4.0,3.0,6.844872142354143,False,True,True,True
CJP53,2,19.0,12258.0,12262.0,4.0,0.11933276888508,1.0,4.0,4.0,16.169465780590876,,True,True,True
CJP53,2,20.0,12262.0,12266.0,4.0,0.163463184567129,1.0,4.0,4.0,17.102471111617522,,True,True,True
CJP53,2,21.0,12266.0,12270.0,4.0,0.23944145261031274,1.0,4.0,3.0,7.958290218752657,True,True,True,True
CJP53,2,22.0,12270.0,12274.0,4.0,0.0918136721000855,1.0,4.0,4.0,13.748780809278786,True,True,True,True
CJP53,2,23.0,12274.0,12278.0,4.0,-0.1361721418142651,1.0,4.0,4.0,1.8917856342478083,True,True,True,True
CJP53,2,24.0,12278.0,12282.0,4.0,0.023812973219927605,1.0,4.0,3.0,3.814835698422149,False,True,True,True
CJP53,2,25.0,12282.0,12286.0,4.0,-0.018489827465045752,0.58203125,2.328125,2.0,1.0930412669196043,True,False,False,True
CJP53,2,26.0,12286.0,12290.0,4.0,-0.2744226837659893,0.0,0.0,0.0,1.2204280279740367,True,False,False,True
CJP53,2,27.0,12290.0,12294.0,4.0,-0.028070953521252,0.0,0.0,0.0,1.2116339448514117,True,False,False,True
CJP53,2,28.0,12294.0,12298.0,4.0,0.112239127518997,1.0,4.0,2.0,1.1107522343819751,True,True,True,True
CJP53,2,29.0,12298.0,12302.0,4.0,-0.14891752852496676,1.0,4.0,2.0,4.080169815681187,False,True,True,True
CJP53,2,30.0,12302.0,12306.0,4.0,-0.019456567412853,1.0,4.0,2.0,1.9961664433597817,True,True,True,True
CJP53,2,31.0,12306.0,12310.0,4.0,0.0103485512519934,1.0,4.0,2.0,1.3580744617722778,True,True,True,True
CJP53,2,32.0,12310.0,12314.0,4.0,-0.1576325480856337,1.0,4.0,2.0,1.1988468447361584,True,True,True,True
CJP53,2,33.0,12314.0,12318.0,4.0,0.0976851122576463,1.0,4.0,1.0,1.0915592660459033,True,True,True,True
CJP53,2,34.0,12318.0,12322.0,4.0,0.3382882588829196,1.0,4.0,1.0,1.6473453228572366,,True,True,True
CJP53,2,35.0,12322.0,12326.0,4.0,0.1799601786752946,1.0,4.0,1.0,1.0417105244994804,True,True,True,True
CJP53,2,36.0,12326.0,12330.0,4.0,0.0576137193771513,1.0,4.0,1.0,0.959193339901734,True,True,True,True
CJP53,2,37.0,12330.0,12334.0,4.0,-0.2397305810713095,1.0,4.0,1.0,1.055327439352188,True,True,True,True
CJP53,2,38.0,12334.0,12338.0,4.0,0.0585190641844504,1.0,4.0,2.0,1.126165178434006,True,True,True,True
CJP53,2,39.0,12338.0,12342.0,4.0,0.44177520508115464,1.0,4.0,2.0,2.9281559495171967,False,True,True,True
CJP53,2,40.0,12342.0,12346.0,4.0,0.1642160577642498,1.0,4.0,2.0,1.0926024374886063,True,True,True,True
CJP53,2,41.0,12346.0,12350.0,4.0,0.1746069624914591,1.0,4.0,2.0,1.158582670300367,True,True,True,True
CJP53,2,42.0,12350.0,12354.0,4.0,-0.0508682584812821,1.0,4.0,1.0,1.2724059052614152,True,True,True,True
CJP53,2,43.0,12354.0,12358.0,4.0,0.0112714282785548,1.0,4.0,1.0,1.050997490980488,True,True,True,True
CJP53,2,44.0,12358.0,12362.0,4.0,0.1528526801598176,1.0,4.0,1.0,0.8529254655308642,True,True,True,True
CJP53,2,45.0,12362.0,12366.0,4.0,0.2764393304938211,1.0,4.0,1.0,0.8577695021297226,True,True,True,True
CJP53,2,46.0,12366.0,12370.0,4.0,-0.069871925630713,1.0,4.0,1.0,1.055859734896982,True,True,True,True
CJP53,2,48.0,12374.0,12378.0,4.0,0.1223800869675871,1.0,4.0,1.0,1.018350074407297,True,True,True,True
CJP53,2,49.0,12378.0,12382.0,4.0,-0.0580659416069464,1.0,4.0,1.0,2.229552653830165,False,True,True,True
CJP53,2,50.0,12382.0,12386.0,4.0,-0.20040877949349015,1.0,4.0,2.0,4.166121910069369,False,True,True,True
CJP53,2,51.0,12386.0,12390.0,4.0,-0.0685710710194057,1.0,4.0,3.0,4.927982189622487,True,True,True,True
CJP53,2,52.0,12390.0,12394.0,4.0,0.6058921152717347,1.0,4.0,2.0,5.780979539303154,False,True,True,True
CJP53,2,53.0,12394.0,12398.0,4.0,-0.1958467773408485,1.0,4.0,3.0,2.66632110258602,True,True,True,True
CJP53,2,54.0,12398.0,12402.0,4.0,0.1517217664188906,1.0,4.0,2.0,1.713613733821099,True,True,True,True
CJP53,2,55.0,12402.0,12406.0,4.0,0.003977769695742983,0.0,0.0,0.0,7.325369315986699,False,False,False,True
CJP53,2,56.0,12406.0,12410.0,4.0,0.0090412631635372,1.0,4.0,1.0,2.685546136233317,False,True,True,True
CJP53,2,57.0,12410.0,12414.0,4.0,-0.1269320457796961,0.4638671875,1.85546875,1.0,1.029292920082663,True,False,False,True
CJP53,2,58.0,12414.0,12418.0,4.0,0.2384149791754904,0.0,0.0,0.0,1.087788742691614,True,False,False,True
CJP53,2,59.0,12418.0,12422.0,4.0,-0.2985730185161061,0.7177734375,2.87109375,1.0,12.693128473313745,False,False,False,True
CJP53,2,60.0,12422.0,12426.0,4.0,0.0218679640732023,1.0,4.0,2.0,9.37727161340693,False,True,True,True
CJP53,2,61.0,12426.0,12430.0,4.0,-0.3310394329270925,1.0,4.0,2.0,2.0010999402563967,True,True,True,True
CJP53,2,62.0,12430.0,12434.0,4.0,0.4254868156045807,1.0,4.0,2.0,1.9963135744593503,False,True,True,True
CJP53,2,63.0,12434.0,12438.0,4.0,-0.3105929965645282,1.0,4.0,3.0,11.939375532532852,,True,True,True
CJP53,2,64.0,12438.0,12442.0,4.0,0.0179128724518752,1.0,4.0,4.0,5.48166316065242,False,True,True,True
CJP53,2,65.0,12442.0,12446.0,4.0,0.220507596456588,1.0,4.0,3.0,3.2872800790862318,False,True,True,True
CJP53,3,0.0,16712.0,16716.0,4.0,0.0612114796630141,0.0,0.0,0.0,1.6085401149545437,False,False,False,True
CJP53,3,2.0,16720.0,16724.0,4.0,-0.0634176017081346,0.0,0.0,0.0,1.573216703198726,False,False,False,True
CJP53,3,3.0,16724.0,16728.0,4.0,-0.2441108308652602,0.0,0.0,0.0,0.9571979757060703,True,False,False,True
CJP53,3,4.0,16728.0,16732.0,4.0,-0.1888821321153132,0.0,0.0,0.0,0.976471156948802,True,False,False,True
CJP53,3,5.0,16732.0,16736.0,4.0,-0.0574474845791243,0.0,0.0,0.0,1.0165851165462745,True,False,False,True
CJP53,3,6.0,16736.0,16740.0,4.0,0.09876918745576639,0.0,0.0,0.0,1.5573491811754836,False,False,False,True
CJP53,3,7.0,16740.0,16744.0,4.0,0.0090445510138105,0.0,0.0,0.0,1.1550577590641673,True,False,False,True
CJP53,3,8.0,16744.0,16748.0,4.0,0.2535679781149089,0.0,0.0,0.0,1.0912333893431982,True,False,False,True
CJP53,3,9.0,16748.0,16752.0,4.0,-0.1458684392389473,0.0,0.0,0.0,1.1010990599403996,True,False,False,True
CJP53,3,10.0,16752.0,16756.0,4.0,0.0371536183658248,0.0,0.0,0.0,0.9418785486566614,True,False,False,True
CJP53,3,11.0,16756.0,16760.0,4.0,0.0442922143878551,0.0,0.0,0.0,1.0297749446894988,True,False,False,True
CJP53,3,13.0,16764.0,16768.0,4.0,0.3607740208076337,0.0,0.0,0.0,1.4300521432086315,False,False,False,True
CJP53,3,14.0,16768.0,16772.0,4.0,-0.009699960148852,0.0,0.0,0.0,0.966396790376092,True,False,False,True
CJP53,3,15.0,16772.0,16776.0,4.0,0.5195543445807176,0.314453125,1.2578125,1.0,1.003750601665249,True,False,False,True
CJP53,3,16.0,16776.0,16780.0,4.0,-0.1634149598506651,0.0,0.0,0.0,1.5328676984632694,True,False,False,True
CJP53,3,17.0,16780.0,16784.0,4.0,0.0960093534102528,0.0,0.0,0.0,1.1110843777504755,True,False,False,True
CJP53,3,18.0,16784.0,16788.0,4.0,0.0891899242202902,0.0,0.0,0.0,0.9433125340494112,True,False,False,True
CJP53,3,19.0,16788.0,16792.0,4.0,0.027920709246279,0.0,0.0,0.0,1.2572670551020957,True,False,False,True
CJP53,3,20.0,16792.0,16796.0,4.0,-0.0959125707448149,0.0,0.0,0.0,1.0537045927108837,True,False,False,True
CJP53,3,21.0,16796.0,16800.0,4.0,0.0301370531912599,0.0,0.0,0.0,1.004337367517054,True,False,False,True
CJP53,3,22.0,16800.0,16804.0,4.0,0.0368016217298289,0.2548828125,1.01953125,1.0,1.0769579521756476,True,False,False,True
CJP53,3,23.0,16804.0,16808.0,4.0,0.059020451383200556,1.0,4.0,1.0,1.5035323146260018,False,True,True,True
CJP53,3,24.0,16808.0,16812.0,4.0,-0.01940860755155105,0.5859375,2.34375,1.0,1.0946256074331056,True,False,False,True
CJP53,3,25.0,16812.0,16816.0,4.0,0.0612400926274633,1.0,4.0,1.0,1.206422362261979,True,True,True,True
CJP53,3,26.0,16816.0,16820.0,4.0,-0.0837415151626215,0.9208984375,3.68359375,1.0,1.8278905726908077,True,True,True,True
CJP53,3,27.0,16820.0,16824.0,4.0,-0.1048903514279821,0.0,0.0,0.0,1.3460130423135146,True,False,False,True
CJP53,3,28.0,16824.0,16828.0,4.0,-0.181687923317234,0.291015625,1.1640625,2.0,1.1139453869340197,True,False,False,True
CJP53,3,29.0,16828.0,16832.0,4.0,-0.0289721934743164,1.0,4.0,2.0,3.042930184720843,True,True,True,True
CJP53,3,30.0,16832.0,16836.0,4.0,-0.015913933316663152,1.0,4.0,1.0,2.1132071229757825,False,True,True,True
CJP53,3,31.0,16836.0,16840.0,4.0,-0.07271491594705096,0.0,0.0,0.0,1.1359037796834115,True,False,False,True
CJP53,3,32.0,16840.0,16844.0,4.0,-0.1295320017356628,0.91015625,3.640625,1.0,1.2306681163204272,True,True,True,True
CJP53,3,33.0,16844.0,16848.0,4.0,-0.1581610755371757,0.5634765625,2.25390625,1.0,0.9955519854305792,True,False,False,True
CJP53,3,34.0,16848.0,16852.0,4.0,-0.271303367902731,0.453125,1.8125,1.0,1.062607605833838,True,False,False,True
CJP53,3,35.0,16852.0,16856.0,4.0,-0.1276248632764754,1.0,4.0,2.0,3.79743422010799,False,True,True,True
CJP53,3,36.0,16856.0,16860.0,4.0,-0.0343494567705571,1.0,4.0,3.0,5.597244834232904,False,True,True,True
CJP53,3,37.0,16860.0,16864.0,4.0,-0.1301455770043633,1.0,4.0,2.0,2.0134195358210323,True,True,True,True
CJP53,3,38.0,16864.0,16868.0,4.0,0.1033050713010268,1.0,4.0,2.0,1.7640134751551844,True,True,True,True
CJP53,3,39.0,16868.0,16872.0,4.0,0.0022137138943624,1.0,4.0,2.0,1.5979703037477078,False,True,True,True
CJP53,3,40.0,16872.0,16876.0,4.0,0.000977298537253,1.0,4.0,1.0,1.4627968110955465,False,True,True,True
CJP53,3,41.0,16876.0,16880.0,4.0,0.065141564813571,1.0,4.0,1.0,1.1372976560186734,True,True,True,True
CJP53,3,42.0,16880.0,16884.0,4.0,-0.3872196093238313,1.0,4.0,1.0,1.738855852091925,False,True,True,True
CJP53,3,43.0,16884.0,16888.0,4.0,0.1381330606906535,1.0,4.0,2.0,5.568595156753728,False,True,True,True
CJP53,3,44.0,16888.0,16892.0,4.0,0.0853088835926873,1.0,4.0,2.0,1.3139085569389404,True,True,True,True
CJP53,3,45.0,16892.0,16896.0,4.0,-0.3184698361299897,0.4423828125,1.76953125,1.0,1.1059597007649347,True,False,False,True
CJP53,3,46.0,16896.0,16900.0,4.0,-0.0703114302158171,0.0,0.0,0.0,1.161893825605119,True,False,False,True
CJP53,3,47.0,16900.0,16904.0,4.0,-0.0808192111808299,1.0,4.0,1.0,1.350089329124316,True,True,True,True
CJP53,3,48.0,16904.0,16908.0,4.0,-0.0839944109786906,1.0,4.0,1.0,1.037519486751694,True,True,True,True
CJP53,3,49.0,16908.0,16912.0,4.0,0.21258700360154426,1.0,4.0,1.0,2.409046485882898,True,True,True,True
CJP53,3,50.0,16912.0,16916.0,4.0,-0.1843779682082534,1.0,4.0,2.0,4.221521961124577,True,True,True,True
CJP53,3,51.0,16916.0,16920.0,4.0,0.3462751517834188,1.0,4.0,2.0,1.914437824482508,False,True,True,True
CJP53,3,52.0,16920.0,16924.0,4.0,-0.3288758706450674,1.0,4.0,2.0,3.1095014795926814,True,True,True,True
CJP53,3,53.0,16924.0,16928.0,4.0,0.0558622621206255,1.0,4.0,2.0,1.597340981830467,True,True,True,True
CJP53,3,54.0,16928.0,16932.0,4.0,0.0087479137142919,1.0,4.0,1.0,1.9077626761179907,True,True,True,True
CJP53,3,55.0,16932.0,16936.0,4.0,0.230921572022667,1.0,4.0,1.0,1.1691857040090077,True,True,True,True
CJP53,3,56.0,16936.0,16940.0,4.0,0.0792167228681645,1.0,4.0,2.0,2.443697880372277,True,True,True,True
CJP53,3,57.0,16940.0,16944.0,4.0,-0.06833103694677023,1.0,4.0,1.0,5.717934545445922,False,True,True,True
CJP53,3,58.0,16944.0,16948.0,4.0,-0.0465343013169423,1.0,4.0,1.0,1.4915895437562314,False,True,True,True
CJP53,3,59.0,16948.0,16952.0,4.0,0.0334945198375505,1.0,4.0,2.0,1.2943231369179748,True,True,True,True
CJP53,3,60.0,16952.0,16956.0,4.0,-0.342744387739761,1.0,4.0,2.0,1.1970219236687534,True,True,True,True
CJP53,3,61.0,16956.0,16960.0,4.0,0.2065993334220744,1.0,4.0,2.0,3.3193169311136037,True,True,True,True
CJP53,3,62.0,16960.0,16964.0,4.0,-0.2342452667078371,1.0,4.0,2.0,1.2153806923038937,True,True,True,True
CJP53,3,63.0,16964.0,16968.0,4.0,0.0443514991420155,1.0,4.0,2.0,2.6568944000767747,True,True,True,True
CJP53,3,64.0,16968.0,16972.0,4.0,0.3461371641492073,1.0,4.0,2.0,1.3368588849055858,True,True,True,True
CJP53,3,65.0,16972.0,16976.0,4.0,-0.2548525254460708,1.0,4.0,2.0,2.9938454495252023,True,True,True,True
CJP53,3,66.0,16976.0,16980.0,4.0,-0.0125463652732833,0.0,0.0,0.0,2.541198394381201,False,False,False,True
CJP53,3,67.0,16980.0,16984.0,4.0,-0.006908416844317,0.0,0.0,0.0,1.056431177562206,True,False,False,True
CJP53,3,68.0,16984.0,16988.0,4.0,0.0346386144791387,0.220703125,0.8828125,1.0,1.7279465360782384,False,False,False,True
CJP53,3,69.0,16988.0,16992.0,4.0,0.3971076500386511,1.0,4.0,1.0,3.7617920035043904,False,True,True,True
CJP53,3,70.0,16992.0,16996.0,4.0,-0.3863363282164295,0.0927734375,0.37109375,2.0,1.1371704448953064,True,False,False,True
CJP53,3,71.0,16996.0,17000.0,4.0,-0.1793268404939341,1.0,4.0,1.0,1.0737497835125922,True,True,True,True
CJP53,3,72.0,17000.0,17004.0,4.0,0.2544084221734239,1.0,4.0,2.0,1.5891385572911756,False,True,True,True
CJP53,3,73.0,17004.0,17008.0,4.0,-0.1172432598682121,1.0,4.0,2.0,2.8357910199754386,False,True,True,True
CJP53,3,74.0,17008.0,17012.0,4.0,-0.0341906499121046,1.0,4.0,2.0,3.0477587002125137,False,True,True,True
CJP53,3,75.0,17012.0,17016.0,4.0,0.07943879348549454,1.0,4.0,1.0,2.460963814519297,False,True,True,True
CJP53,3,76.0,17016.0,17020.0,4.0,0.050932144964671,0.6767578125,2.70703125,3.0,1.133336468024046,True,False,False,True
CJP53,3,77.0,17020.0,17024.0,4.0,-0.6320428262555302,1.0,4.0,2.0,8.090270743029388,,True,True,True
CJP53,3,78.0,17024.0,17028.0,4.0,-0.1963691452073709,1.0,4.0,1.0,5.145644758625936,,True,True,True
CJP53,3,79.0,17028.0,17032.0,4.0,0.3467561937038559,1.0,4.0,3.0,5.041993486347414,False,True,True,True
CJP53,3,80.0,17032.0,17036.0,4.0,-0.0377799036330509,1.0,4.0,3.0,2.363971643994182,True,True,True,True
CJP53,3,81.0,17036.0,17040.0,4.0,-0.0992324954704141,1.0,4.0,2.0,1.7791392093250806,True,True,True,True
CJP53,3,82.0,17040.0,17044.0,4.0,0.06986964213521,1.0,4.0,2.0,1.928703358418818,True,True,True,True
CJP53,3,83.0,17044.0,17048.0,4.0,0.1944541999221224,1.0,4.0,3.0,3.120860587057591,False,True,True,True
CJP53,3,84.0,17048.0,17052.0,4.0,-0.2991796664282036,1.0,4.0,2.0,2.5202473156519645,False,True,True,True
CJP53,3,85.0,17052.0,17056.0,4.0,0.012175495770664194,1.0,4.0,1.0,4.332427614288415,False,True,True,True
CJP53,3,86.0,17056.0,17060.0,4.0,0.09582246619975976,1.0,4.0,2.0,1.93476576694008,False,True,True,True
CJP53,3,87.0,17060.0,17064.0,4.0,-0.0342049159483302,0.9169921875,3.66796875,1.0,1.2250516644908793,True,True,True,True
CJP53,3,88.0,17064.0,17068.0,4.0,-0.0044918301660414,0.537109375,2.1484375,1.0,1.3523600664343889,True,False,False,True
CJP53,3,89.0,17068.0,17072.0,4.0,0.13088531865277941,1.0,4.0,2.0,2.4665135944829806,False,True,True,True
CJP53,3,90.0,17072.0,17076.0,4.0,0.19957171494751333,1.0,4.0,3.0,2.519442228872256,False,True,True,True
CJP53,3,91.0,17076.0,17080.0,4.0,0.0148253426296864,1.0,4.0,3.0,2.5765943782893546,,True,True,True
CJP53,3,92.0,17080.0,17084.0,4.0,0.0962635943822258,1.0,4.0,1.0,2.6786130536250945,False,True,True,True
CJP53,3,93.0,17084.0,17088.0,4.0,0.06645474884483171,1.0,4.0,2.0,2.019098535685311,False,True,True,True
CJP53,3,94.0,17088.0,17092.0,4.0,-0.0630812140210343,1.0,4.0,2.0,2.94094347523392,False,True,True,True
CJP53,3,95.0,17092.0,17096.0,4.0,0.3167733850097566,1.0,4.0,2.0,2.436019052032796,False,True,True,True
CJP53,3,96.0,17096.0,17100.0,4.0,0.01543418677391805,1.0,4.0,1.0,1.7074844959815034,False,True,True,True
CJP53,3,97.0,17100.0,17104.0,4.0,-0.07427344653027095,0.2744140625,1.09765625,1.0,1.0680564990946,True,False,False,True
CJP53,3,98.0,17104.0,17108.0,4.0,0.3313327744264661,0.0,0.0,0.0,3.1769785580718417,False,False,False,True
CJP53,3,99.0,17108.0,17112.0,4.0,0.1565202251050925,0.63671875,2.546875,2.0,1.3384613400713246,True,False,False,True
CJP53,3,100.0,17112.0,17116.0,4.0,0.08444990982582651,0.0,0.0,0.0,1.4648089682623564,True,False,False,True
CJP53,3,101.0,17116.0,17120.0,4.0,0.4342933707574207,0.4794921875,1.91796875,2.0,1.324376933412469,True,False,False,True
CJP53,3,102.0,17120.0,17124.0,4.0,-0.028172557492244052,1.0,4.0,2.0,1.5115308286350835,False,True,True,True
CJP53,3,103.0,17124.0,17128.0,4.0,0.1846565208198184,0.6416015625,2.56640625,2.0,1.2353706590405822,True,False,False,True
CJP53,3,104.0,17128.0,17132.0,4.0,-0.0726146877998904,1.0,4.0,1.0,1.8983517157492809,True,True,True,True
CJP53,3,105.0,17132.0,17136.0,4.0,-0.0623459567932738,1.0,4.0,1.0,2.100129538269252,False,True,True,True
CJP53,3,106.0,17136.0,17140.0,4.0,0.4497056121817416,1.0,4.0,1.0,3.2666531558973735,False,True,True,True
CJP53,3,107.0,17140.0,17144.0,4.0,-0.5120020755427572,1.0,4.0,1.0,2.094441084295083,True,True,True,True
CJP53,3,108.0,17144.0,17148.0,4.0,-0.0287136679283799,1.0,4.0,2.0,3.1640406477928926,False,True,True,True
CJP53,3,109.0,17148.0,17152.0,4.0,0.2619665330884365,1.0,4.0,3.0,2.8381465832478057,False,True,True,True
CJP53,3,110.0,17152.0,17156.0,4.0,-0.0659570002180569,1.0,4.0,3.0,5.11232088823971,False,True,True,True
CJP53,3,111.0,17156.0,17160.0,4.0,-0.225630441473855,1.0,4.0,4.0,3.3529876694948344,True,True,True,True
CJP53,3,112.0,17160.0,17164.0,4.0,-0.0872271160174451,1.0,4.0,4.0,9.41363403566884,False,True,True,True
CJP53,3,113.0,17164.0,17168.0,4.0,-0.2063769868153859,1.0,4.0,4.0,1.622603145650377,True,True,True,True
CJP53,3,114.0,17168.0,17172.0,4.0,0.1419780710335038,1.0,4.0,1.0,1.232206757100741,True,True,True,True
CJP53,3,115.0,17172.0,17176.0,4.0,0.0709220697762006,1.0,4.0,1.0,1.565200828237204,True,True,True,True
CJP53,3,116.0,17176.0,17180.0,4.0,-0.1734306861902839,1.0,4.0,2.0,1.989065569987448,False,True,True,True
CJP53,3,117.0,17180.0,17184.0,4.0,0.07015602354053485,1.0,4.0,1.0,2.298146614234111,False,True,True,True
CJP53,3,118.0,17184.0,17188.0,4.0,0.015216780530011902,1.0,4.0,2.0,2.1405602280100675,False,True,True,True
CJP53,3,119.0,17188.0,17192.0,4.0,-0.0462718471879228,1.0,4.0,3.0,1.139446311756077,True,True,True,True
CJP53,3,120.0,17192.0,17196.0,4.0,-0.1468419411747296,1.0,4.0,2.0,4.070430413411082,False,True,True,True
CJP53,3,121.0,17196.0,17200.0,4.0,0.5027557638813693,1.0,4.0,4.0,10.085802372101185,False,True,True,True
CJP53,3,122.0,17200.0,17204.0,4.0,0.5395757946414045,1.0,4.0,5.0,6.6401334412705655,,True,True,True
CJP53,3,123.0,17204.0,17208.0,4.0,-0.2652343929703453,1.0,4.0,5.0,18.60331647150863,,True,True,True
CJP53,3,124.0,17208.0,17212.0,4.0,-0.5297437017004847,0.4462890625,1.78515625,2.0,2.1260865498379564,True,False,False,True
CJP53,3,125.0,17212.0,17216.0,4.0,-0.098068667702286,0.0,0.0,0.0,0.9047222636789294,True,False,False,True
CJP53,3,126.0,17216.0,17220.0,4.0,-0.0466285205959098,0.0,0.0,0.0,1.0219801768353802,True,False,False,True
CJP53,3,127.0,17220.0,17224.0,4.0,0.2645359093961645,0.0,0.0,0.0,1.0069661053555596,True,False,False,True
CJP53,3,128.0,17224.0,17228.0,4.0,0.1063479628141611,0.3173828125,1.26953125,1.0,1.1002331322142689,True,False,False,True
CJP53,3,129.0,17228.0,17232.0,4.0,0.1867576424857769,0.4775390625,1.91015625,2.0,1.2443257590315238,True,False,False,True
CJP53,3,130.0,17232.0,17236.0,4.0,0.03256640304843791,1.0,4.0,1.0,4.743079184790016,False,True,True,True
CJP53,3,131.0,17236.0,17240.0,4.0,-0.0893630636723804,0.767578125,3.0703125,2.0,1.3369890364248258,True,True,True,True
CJP53,3,132.0,17240.0,17244.0,4.0,-0.0829820891989326,0.6630859375,2.65234375,1.0,1.1118984089877733,True,False,False,True
CJP53,3,133.0,17244.0,17248.0,4.0,0.1700646261977958,1.0,4.0,2.0,1.0824663289775156,True,True,True,True
CJP53,3,134.0,17248.0,17252.0,4.0,-0.2908567888514372,0.4169921875,1.66796875,2.0,1.8415084714252736,True,False,False,True
CJP53,3,135.0,17252.0,17256.0,4.0,0.0969669010961103,0.8701171875,3.48046875,1.0,1.054192074633112,True,True,True,True
CJP53,3,136.0,17256.0,17260.0,4.0,0.1781069532968944,0.0,0.0,0.0,1.080914053173114,True,False,False,True
CJP53,3,137.0,17260.0,17264.0,4.0,0.0917637743941653,0.861328125,3.4453125,1.0,1.079530375453802,True,True,True,True
CJP53,3,138.0,17264.0,17268.0,4.0,0.4916149873091253,1.0,4.0,1.0,2.043518314202281,,True,True,True
CJP53,3,139.0,17268.0,17272.0,4.0,0.22552461131157656,1.0,4.0,1.0,4.293548080347125,False,True,True,True
CJP53,3,140.0,17272.0,17276.0,4.0,-0.11135621310523625,1.0,4.0,3.0,2.6235665136215873,False,True,True,True
CJP53,3,141.0,17276.0,17280.0,4.0,0.3417993859718279,0.0,0.0,0.0,1.096164515327016,True,False,False,True
CJP53,3,142.0,17280.0,17284.0,4.0,-0.1660660794942357,0.2783203125,1.11328125,1.0,1.0527196286998557,True,False,False,True
CJP53,3,143.0,17284.0,17288.0,4.0,-0.0375231222156569,1.0,4.0,1.0,1.137506905914164,True,True,True,True
CJP53,3,144.0,17288.0,17292.0,4.0,-0.3901017156583741,1.0,4.0,1.0,2.2602651334773523,False,True,True,True
CJP53,3,145.0,17292.0,17296.0,4.0,0.1885496703906085,1.0,4.0,1.0,3.7395561964810686,False,True,True,True
CJP53,3,146.0,17296.0,17300.0,4.0,-0.1535805475059742,1.0,4.0,1.0,3.376046551746264,False,True,True,True
CJP53,3,147.0,17300.0,17304.0,4.0,-0.288785902528893,0.509765625,2.0390625,4.0,1.473846320894024,False,False,False,True
CJP53,3,148.0,17304.0,17308.0,4.0,0.361823050855799,1.0,4.0,3.0,4.247216288000977,False,True,True,True
CJP53,3,149.0,17308.0,17312.0,4.0,0.4439052740971984,1.0,4.0,2.0,3.4746291512950616,False,True,True,True
CJP53,3,150.0,17312.0,17316.0,4.0,0.1839466379678236,1.0,4.0,2.0,1.8948945151475696,False,True,True,True
CJP53,3,151.0,17316.0,17320.0,4.0,-0.0090556193502331,1.0,4.0,1.0,1.4652734349544907,True,True,True,True
CJP53,3,152.0,17320.0,17324.0,4.0,0.006806141170289801,1.0,4.0,1.0,1.6124629367013823,False,True,True,True
CJP53,3,153.0,17324.0,17328.0,4.0,-0.2216242512522298,0.0732421875,0.29296875,1.0,1.6554602697007517,False,False,False,True
CJP53,3,154.0,17328.0,17332.0,4.0,0.1466987536190244,0.0,0.0,0.0,1.360363637902706,False,False,False,True
CJP53,3,155.0,17332.0,17336.0,4.0,0.18653053615222182,0.0,0.0,0.0,1.650467990405223,False,False,False,True
CJP53,3,156.0,17336.0,17340.0,4.0,-0.1110098831535103,0.0,0.0,0.0,1.2447413791607844,True,False,False,True
CJP53,3,157.0,17340.0,17344.0,4.0,0.18676495766522194,0.9150390625,3.66015625,1.0,2.139056463150417,False,True,True,True
CJP53,3,158.0,17344.0,17348.0,4.0,-0.0057562141862551874,0.0,0.0,0.0,1.7319784502993083,False,False,False,True
CJP53,3,159.0,17348.0,17352.0,4.0,-0.0831389863032162,0.0,0.0,0.0,1.2054052767597778,True,False,False,True
CJP53,3,160.0,17352.0,17356.0,4.0,0.2691077786817281,1.0,4.0,3.0,1.3459895243377642,True,True,True,True
CJP53,3,161.0,17356.0,17360.0,4.0,-0.1794798777621184,1.0,4.0,5.0,10.030315423276164,True,True,True,True
CJP53,3,162.0,17360.0,17364.0,4.0,-0.0005039886371449,1.0,4.0,4.0,8.301173285109744,True,True,True,True
CJP53,3,163.0,17364.0,17368.0,4.0,0.0069381903322488,1.0,4.0,3.0,3.5724576329390425,True,True,True,True
CJP53,4,0.0,17402.0,17406.0,4.0,-0.1592276271894157,1.0,4.0,2.0,2.950081997785599,True,True,True,True
CJP53,4,1.0,17406.0,17410.0,4.0,0.10945461097099425,1.0,4.0,2.0,2.4072713053794192,True,True,True,True
CJP53,4,2.0,17410.0,17414.0,4.0,0.45012149765486,1.0,4.0,3.0,2.746947642342813,True,True,True,True
CJP53,4,3.0,17414.0,17418.0,4.0,0.0487642812523596,1.0,4.0,3.0,7.811677306487864,False,True,True,True
CJP53,4,4.0,17418.0,17422.0,4.0,-0.0787830248767331,0.3193359375,1.27734375,1.0,2.8849696193558034,False,False,False,True
CJP53,4,5.0,17422.0,17426.0,4.0,-0.2046403864959956,0.0,0.0,0.0,1.0367714471101503,True,False,False,True
CJP53,4,6.0,17426.0,17430.0,4.0,0.0646489961130483,0.0,0.0,0.0,0.8720075697914962,True,False,False,True
CJP53,4,7.0,17430.0,17434.0,4.0,-0.2217469303175538,0.365234375,1.4609375,1.0,0.9238087166253072,True,False,False,True
CJP53,4,8.0,17434.0,17438.0,4.0,0.12478376190856019,1.0,4.0,1.0,0.9223528854192206,True,True,True,True
CJP53,4,9.0,17438.0,17442.0,4.0,-0.1600915944980318,1.0,4.0,2.0,1.665116426581321,True,True,True,True
CJP53,4,10.0,17442.0,17446.0,4.0,-0.3226249967289075,0.0,0.0,0.0,3.677516273635258,False,False,False,True
CJP53,4,11.0,17446.0,17450.0,4.0,0.0183969133179986,0.0,0.0,0.0,1.291092670687021,True,False,False,True
CJP53,4,12.0,17450.0,17454.0,4.0,0.2339146378598657,1.0,4.0,2.0,1.6041340521755096,True,True,True,True
CJP53,4,13.0,17454.0,17458.0,4.0,-0.1922835076255626,1.0,4.0,2.0,1.5306348729148669,True,True,True,True
CJP53,5,0.0,17492.0,17496.0,4.0,-0.0493661498292566,1.0,4.0,1.0,1.15949258888134,True,True,True,True
CJP53,5,1.0,17496.0,17500.0,4.0,-0.2040404335655455,1.0,4.0,1.0,1.1282279734724583,True,True,True,True
CJP53,5,2.0,17500.0,17504.0,4.0,0.0568358307871899,1.0,4.0,1.0,1.037710043323312,True,True,True,True
CJP53,5,3.0,17504.0,17508.0,4.0,-0.2491733584728566,0.349609375,1.3984375,1.0,0.942178958250569,True,False,False,True
CJP53,5,4.0,17508.0,17512.0,4.0,0.1381786624508525,0.0,0.0,0.0,1.0210347311682466,True,False,False,True
CJP53,5,5.0,17512.0,17516.0,4.0,0.0209350802467106,0.0,0.0,0.0,0.9168768982965092,True,False,False,True
CJP53,6,0.0,17552.0,17556.0,4.0,0.1366114536861622,0.0,0.0,0.0,1.2188616732151991,True,False,False,True
CJP53,6,1.0,17556.0,17560.0,4.0,-0.0875560832410365,0.0,0.0,0.0,0.9002670930679771,True,False,False,True
CJP53,6,2.0,17560.0,17564.0,4.0,0.0301866610666888,0.0,0.0,0.0,1.061920756418064,True,False,False,True
CJP53,6,3.0,17564.0,17568.0,4.0,-0.0221833001712493,0.0,0.0,0.0,0.988703461723748,True,False,False,True
CJP53,6,4.0,17568.0,17572.0,4.0,-0.0429511517664639,0.0,0.0,0.0,1.0495440266228744,True,False,False,True
CJP53,6,5.0,17572.0,17576.0,4.0,-0.2392483987326276,0.0,0.0,0.0,2.135972802339689,True,False,False,True
CJP53,6,6.0,17576.0,17580.0,4.0,-0.0766368102630711,0.0,0.0,0.0,1.058427779409524,True,False,False,True
CJP53,6,7.0,17580.0,17584.0,4.0,0.0363899741985523,0.0,0.0,0.0,0.9433467181138544,True,False,False,True
CJP53,6,8.0,17584.0,17588.0,4.0,-0.0120577184486569,0.0,0.0,0.0,1.1599987945262245,True,False,False,True
CJP53,6,9.0,17588.0,17592.0,4.0,0.1393471794093232,0.0,0.0,0.0,1.1775373137961598,True,False,False,True
CJP53,6,10.0,17592.0,17596.0,4.0,0.0883781856238426,0.0,0.0,0.0,1.1210876166755406,True,False,False,True
CJP53,6,11.0,17596.0,17600.0,4.0,-0.1622344557135158,0.0,0.0,0.0,1.116843006215895,True,False,False,True
CJP53,6,13.0,17604.0,17608.0,4.0,0.118139649205281,1.0,4.0,2.0,2.3118383797201623,True,True,True,True
CJP53,6,14.0,17608.0,17612.0,4.0,0.1156156305548773,1.0,4.0,1.0,2.6274439904729365,True,True,True,True
CJP53,6,15.0,17612.0,17616.0,4.0,0.2157188900352593,1.0,4.0,1.0,1.6004552728267645,True,True,True,True
CJP53,6,16.0,17616.0,17620.0,4.0,0.06013276956037755,0.0,0.0,0.0,1.519795882290584,True,False,False,True
CJP53,6,17.0,17620.0,17624.0,4.0,-0.0565887559071481,0.1376953125,0.55078125,1.0,1.1841103059981886,True,False,False,True
CJP53,6,18.0,17624.0,17628.0,4.0,0.0050247777589037,1.0,4.0,2.0,1.9889732398891105,False,True,True,True
CJP53,6,19.0,17628.0,17632.0,4.0,-0.003906240801238449,1.0,4.0,3.0,1.8963284901379676,True,True,True,True
CJP53,6,20.0,17632.0,17636.0,4.0,0.075624220012212,0.0,0.0,0.0,1.7366911897814472,False,False,False,True
CJP53,6,21.0,17636.0,17640.0,4.0,0.012616898515684701,0.0,0.0,0.0,1.2770685244817113,True,False,False,True
CJP53,6,22.0,17640.0,17644.0,4.0,-0.0194265440659732,0.0615234375,0.24609375,1.0,1.1602840506685104,True,False,False,True
CJP53,6,23.0,17644.0,17648.0,4.0,-0.28636198971132676,0.0,0.0,0.0,0.9169038225944546,True,False,False,True
CJP53,6,24.0,17648.0,17652.0,4.0,-0.1813510177521212,1.0,4.0,2.0,1.1141190000812846,True,True,True,True
CJP53,6,25.0,17652.0,17656.0,4.0,-0.0804246384227482,1.0,4.0,2.0,1.1707601429430754,True,True,True,True
CJP53,6,26.0,17656.0,17660.0,4.0,0.1354126425894963,1.0,4.0,2.0,1.1078932414182403,True,True,True,True
CJP53,6,27.0,17660.0,17664.0,4.0,-0.20120195640468802,0.1845703125,0.73828125,1.0,1.1338448540592725,True,False,False,True
CJP53,6,28.0,17664.0,17668.0,4.0,0.0666506186528445,1.0,4.0,1.0,1.1364343074100258,True,True,True,True
CJP53,6,29.0,17668.0,17672.0,4.0,-0.0878515248833798,1.0,4.0,1.0,2.1085652827714605,True,True,True,True
CJP53,6,30.0,17672.0,17676.0,4.0,-0.1992794093768072,1.0,4.0,1.0,1.0488471906222272,True,True,True,True
CJP53,6,31.0,17676.0,17680.0,4.0,0.1259753496762688,1.0,4.0,1.0,1.41086772507332,True,True,True,True
CJP53,6,32.0,17680.0,17684.0,4.0,-0.0514348459993234,1.0,4.0,1.0,1.4816971992149952,True,True,True,True
CJP53,6,33.0,17684.0,17688.0,4.0,-0.19144077001872617,0.07421875,0.296875,1.0,3.1151445629344288,False,False,False,True
CJP53,6,34.0,17688.0,17692.0,4.0,-0.38952042797733155,0.658203125,2.6328125,2.0,3.204133206310492,False,False,False,True
CJP53,6,35.0,17692.0,17696.0,4.0,-0.0657974477472383,0.0,0.0,0.0,3.410271752900743,False,False,False,True
CJP53,7,0.0,21572.0,21576.0,4.0,0.2728577904598626,0.0,0.0,0.0,1.4738446780945105,False,False,False,True
CJP53,7,2.0,21580.0,21584.0,4.0,-0.0137562150742593,0.0,0.0,0.0,1.0509098680770883,True,False,False,True
CJP53,7,3.0,21584.0,21588.0,4.0,0.1174733139232042,0.0,0.0,0.0,0.9656772840136444,True,False,False,True
CJP53,7,4.0,21588.0,21592.0,4.0,0.0707658130141887,0.0,0.0,0.0,0.996813473591208,True,False,False,True
CJP53,7,5.0,21592.0,21596.0,4.0,-0.0878802474897333,0.0,0.0,0.0,1.719384620954912,False,False,False,True
CJP53,7,6.0,21596.0,21600.0,4.0,-0.027415373093526,0.0,0.0,0.0,1.699022152829309,False,False,False,True
CJP53,7,7.0,21600.0,21604.0,4.0,0.0583558811188814,0.0,0.0,0.0,1.9257878493291545,False,False,False,True
CJP53,7,8.0,21604.0,21608.0,4.0,0.0372120947707731,0.0,0.0,0.0,0.9447359649319174,True,False,False,True
CJP53,7,9.0,21608.0,21612.0,4.0,0.147704627482645,0.0,0.0,0.0,0.9431086817276249,True,False,False,True
CJP53,7,10.0,21612.0,21616.0,4.0,-0.0832350312581215,0.0,0.0,0.0,1.0155612611944207,True,False,False,True
CJP53,7,11.0,21616.0,21620.0,4.0,0.0159199502451464,0.0,0.0,0.0,0.9972079786172564,True,False,False,True
CJP53,7,12.0,21620.0,21624.0,4.0,-0.2064045226906623,0.0,0.0,0.0,0.8972199248553521,True,False,False,True
CJP53,7,13.0,21624.0,21628.0,4.0,0.2302279467190453,0.0,0.0,0.0,0.8744075261507211,True,False,False,True
CJP53,7,15.0,21632.0,21636.0,4.0,-0.0406509167672458,0.0,0.0,0.0,0.9400380120309748,True,False,False,True
CJP53,7,17.0,21640.0,21644.0,4.0,-0.0270313814724757,0.0,0.0,0.0,1.0895271202338732,True,False,False,True
CJP53,7,18.0,21644.0,21648.0,4.0,0.1361267107969703,0.0,0.0,0.0,0.959717800930592,True,False,False,True
CJP53,7,19.0,21648.0,21652.0,4.0,-0.3562369150058667,0.0,0.0,0.0,0.9292676496632952,True,False,False,True
CJP53,7,20.0,21652.0,21656.0,4.0,-0.0206897378266488,0.0,0.0,0.0,1.019830726364649,True,False,False,True
CJP53,7,21.0,21656.0,21660.0,4.0,0.1516805144477183,0.0,0.0,0.0,1.148556266707865,True,False,False,True
CJP53,7,23.0,21664.0,21668.0,4.0,-0.1748186820319144,0.0,0.0,0.0,1.4695233078917036,False,False,False,True
CJP53,7,24.0,21668.0,21672.0,4.0,0.1779738174643904,0.0,0.0,0.0,1.947630286744328,False,False,False,True
CJP53,7,25.0,21672.0,21676.0,4.0,-0.1176220788041683,0.0,0.0,0.0,1.0812418664061645,True,False,False,True
CJP53,7,26.0,21676.0,21680.0,4.0,-0.1158642579423046,0.0,0.0,0.0,0.9840055078015768,True,False,False,True
CJP53,7,27.0,21680.0,21684.0,4.0,0.0054574946109601,0.0,0.0,0.0,0.9742241660768616,True,False,False,True
CJP53,7,28.0,21684.0,21688.0,4.0,-0.0356946482496626,0.0,0.0,0.0,0.9600230706568528,True,False,False,True
CJP53,8,0.0,21812.0,21816.0,4.0,-0.2022357818934829,0.0,0.0,0.0,0.9846834191967212,True,False,False,True
CJP53,8,1.0,21816.0,21820.0,4.0,-0.0810692760674984,0.0,0.0,0.0,1.013743189604656,True,False,False,True
CJP53,8,2.0,21820.0,21824.0,4.0,-0.0040636993638441,0.0,0.0,0.0,1.0177890127044122,True,False,False,True
CJP53,8,3.0,21824.0,21828.0,4.0,-0.0953125815451704,0.0,0.0,0.0,0.9678433561262448,True,False,False,True
CJP53,8,4.0,21828.0,21832.0,4.0,0.2684522735416461,0.0,0.0,0.0,1.0773821367519052,True,False,False,True
CJP53,8,5.0,21832.0,21836.0,4.0,-0.0817951981316032,0.0,0.0,0.0,0.9149664127070738,True,False,False,True
CJP53,8,6.0,21836.0,21840.0,4.0,-0.2181356386311101,0.0732421875,0.29296875,1.0,1.0081024758319024,True,False,False,True
CJP53,8,7.0,21840.0,21844.0,4.0,0.0348301137468222,0.0,0.0,0.0,0.9881088854565132,True,False,False,True
CJP53,8,8.0,21844.0,21848.0,4.0,-0.1977395847202654,0.0,0.0,0.0,1.0974083215588508,True,False,False,True
CJP53,8,9.0,21848.0,21852.0,4.0,-0.0917694220507956,0.0,0.0,0.0,1.085995659655668,True,False,False,True
CJP53,8,10.0,21852.0,21856.0,4.0,-0.2756141930286441,0.4716796875,1.88671875,1.0,1.040479318802482,True,False,False,True
CJP53,8,11.0,21856.0,21860.0,4.0,0.124229213412759,0.0,0.0,0.0,1.1006456387178924,True,False,False,True
CJP53,8,12.0,21860.0,21864.0,4.0,0.2801357953001204,0.451171875,1.8046875,1.0,1.4467406853830105,True,False,False,True
CJP53,8,13.0,21864.0,21868.0,4.0,-0.0955679661157923,1.0,4.0,1.0,1.0526834403542742,True,True,True,True
CJP53,8,14.0,21868.0,21872.0,4.0,-0.050250583237856,1.0,4.0,1.0,0.9667733995591172,True,True,True,True
CJP53,8,15.0,21872.0,21876.0,4.0,0.06222263985924315,1.0,4.0,2.0,3.045994435319721,False,True,True,True
CJP53,8,16.0,21876.0,21880.0,4.0,0.1098620554482743,1.0,4.0,2.0,6.2627552483237015,False,True,True,True
CJP53,8,17.0,21880.0,21884.0,4.0,0.0064645802224432,1.0,4.0,2.0,1.8968648510607784,True,True,True,True
CJP53,8,18.0,21884.0,21888.0,4.0,0.0602640430381813,0.9033203125,3.61328125,1.0,1.7405435414279762,True,True,True,True
CJP53,8,19.0,21888.0,21892.0,4.0,0.0644934136624508,0.0,0.0,0.0,1.261176956498621,True,False,False,True
CJP53,8,20.0,21892.0,21896.0,4.0,-0.0785827074402205,0.5712890625,2.28515625,1.0,0.9938716228046536,True,False,False,True
CJP53,8,21.0,21896.0,21900.0,4.0,-0.0696693646969098,0.5859375,2.34375,1.0,1.0957149641618449,True,False,False,True
CJP53,8,22.0,21900.0,21904.0,4.0,0.0425549264110743,0.0,0.0,0.0,2.0949996897489016,False,False,False,True
CJP53,8,23.0,21904.0,21908.0,4.0,0.0152238508016562,0.0,0.0,0.0,0.9672373543525878,True,False,False,True
CJP53,8,24.0,21908.0,21912.0,4.0,-0.1570145124794387,0.0,0.0,0.0,0.9308300165857036,True,False,False,True
CJP53,8,25.0,21912.0,21916.0,4.0,-0.4985229996261943,0.0,0.0,0.0,1.1673881955450758,True,False,False,True
CJP53,8,26.0,21916.0,21920.0,4.0,-0.237835514066651,0.0,0.0,0.0,1.0480109134785105,True,False,False,True
CJP53,8,27.0,21920.0,21924.0,4.0,0.1508917447155497,0.0,0.0,0.0,1.0591344849932869,True,False,False,True
CJP53,8,28.0,21924.0,21928.0,4.0,-0.3012853529963181,0.0,0.0,0.0,1.035111075443797,True,False,False,True
CJP53,9,0.0,21962.0,21966.0,4.0,0.0772974129446496,1.0,4.0,4.0,3.5574348678696377,False,True,True,True
CJP53,9,1.0,21966.0,21970.0,4.0,-0.0568178089442402,1.0,4.0,1.0,3.36023110633668,False,True,True,True
CJP53,9,2.0,21970.0,21974.0,4.0,-0.0130851190901638,1.0,4.0,1.0,1.0156530501971448,True,True,True,True
CJP53,9,3.0,21974.0,21978.0,4.0,-0.0982671648343937,1.0,4.0,1.0,1.0685552673644203,True,True,True,True
CJP53,9,4.0,21978.0,21982.0,4.0,0.074358047438175,1.0,4.0,1.0,1.9914445641430332,False,True,True,True
CJP53,9,5.0,21982.0,21986.0,4.0,0.0362081675562386,0.1396484375,0.55859375,1.0,1.0237996172917228,True,False,False,True
CJP53,9,6.0,21986.0,21990.0,4.0,-0.2503993933223615,0.0703125,0.28125,1.0,0.9709721506732756,True,False,False,True
CJP53,9,7.0,21990.0,21994.0,4.0,-0.0428370532311428,1.0,4.0,1.0,1.273618152571315,True,True,True,True
CJP53,9,8.0,21994.0,21998.0,4.0,0.1925175721563259,0.1455078125,0.58203125,1.0,1.2770120140385248,True,False,False,True
CJP53,9,9.0,21998.0,22002.0,4.0,0.0543834447211453,0.0,0.0,0.0,0.9204736017322994,True,False,False,True
CJP53,9,10.0,22002.0,22006.0,4.0,0.0635735756138177,0.0,0.0,0.0,0.9775768703954396,True,False,False,True
CJP53,9,11.0,22006.0,22010.0,4.0,-0.0612316824654325,0.0,0.0,0.0,1.2559335709336887,True,False,False,True
CJP53,9,12.0,22010.0,22014.0,4.0,0.1149674487115133,0.0,0.0,0.0,1.0333189519657469,True,False,False,True
CJP53,9,13.0,22014.0,22018.0,4.0,-0.0088212502310455,0.0,0.0,0.0,0.9503234232671895,True,False,False,True
CJP53,10,0.0,22202.0,22206.0,4.0,-0.0975712755036164,0.0,0.0,0.0,0.8403828939948942,True,False,False,True
CJP53,10,1.0,22206.0,22210.0,4.0,0.0387425577139459,0.0,0.0,0.0,1.0412088694301012,True,False,False,True
CJP53,10,2.0,22210.0,22214.0,4.0,0.1657056753878993,0.396484375,1.5859375,1.0,1.0401782183573445,True,False,False,True
CJP53,10,3.0,22214.0,22218.0,4.0,-0.061527846830591,1.0,4.0,1.0,1.0561722943792249,True,True,True,True
CJP53,10,4.0,22218.0,22222.0,4.0,0.098656494806373,0.5361328125,2.14453125,2.0,0.9353727081921936,True,False,False,True
CJP53,10,5.0,22222.0,22226.0,4.0,0.0417058795507651,0.0,0.0,0.0,0.9587617107207046,True,False,False,True
CJP53,10,6.0,22226.0,22230.0,4.0,0.0192915489142701,0.0,0.0,0.0,1.0435849081412956,True,False,False,True
CJP53,10,7.0,22230.0,22234.0,4.0,0.0138153861714625,0.2998046875,1.19921875,1.0,1.1244924878620937,True,False,False,True
CJP53,10,8.0,22234.0,22238.0,4.0,-0.1937297069963758,0.5224609375,2.08984375,1.0,1.0009245954488546,True,False,False,True
CJP53,10,9.0,22238.0,22242.0,4.0,-0.10779255308027795,0.0,0.0,0.0,0.8640892401080582,True,False,False,True
CJP53,10,10.0,22242.0,22246.0,4.0,-0.0688974404025767,0.0009765625,0.00390625,1.0,0.930137674978312,True,False,False,True
CJP53,10,12.0,22250.0,22254.0,4.0,-0.0146205220492478,0.60546875,2.421875,1.0,1.27454089376223,True,False,False,True
CJP53,10,13.0,22254.0,22258.0,4.0,-0.08123235947439031,0.19921875,0.796875,1.0,1.0485932434974239,True,False,False,True
CJP53,10,14.0,22258.0,22262.0,4.0,-0.0260502769483119,0.0,0.0,0.0,1.2522291458914288,True,False,False,True
CJP53,10,15.0,22262.0,22266.0,4.0,0.261371511146991,0.0,0.0,0.0,1.034793913345508,True,False,False,True
CJP53,10,16.0,22266.0,22270.0,4.0,-0.111561748632759,0.0,0.0,0.0,1.0280957974040623,True,False,False,True
CJP53,10,17.0,22270.0,22274.0,4.0,-0.2077691522391878,0.0,0.0,0.0,0.9810492098513508,True,False,False,True
CJP53,10,18.0,22274.0,22278.0,4.0,0.1894786006432055,0.0,0.0,0.0,0.9539497338744448,True,False,False,True
CJP53,10,19.0,22278.0,22282.0,4.0,0.0133811526544989,0.0,0.0,0.0,0.9946512299687154,True,False,False,True
CJP53,10,20.0,22282.0,22286.0,4.0,0.074480990504291,0.0,0.0,0.0,0.9859525770141484,True,False,False,True
CJP53,10,21.0,22286.0,22290.0,4.0,0.003694088249446,0.0615234375,0.24609375,1.0,1.005004697991848,True,False,False,True
CJP53,10,22.0,22290.0,22294.0,4.0,0.1105325501602463,1.0,4.0,1.0,1.152097424827917,True,True,True,True
CJP53,10,23.0,22294.0,22298.0,4.0,0.1103406130515181,1.0,4.0,1.0,0.976093781499524,True,True,True,True
CJP53,10,24.0,22298.0,22302.0,4.0,-0.0650966041830418,1.0,4.0,1.0,1.028847203426445,True,True,True,True
CJP53,10,25.0,22302.0,22306.0,4.0,-0.1505492524736969,1.0,4.0,1.0,1.0761024646263748,True,True,True,True
CJP53,10,26.0,22306.0,22310.0,4.0,0.09473364241839,1.0,4.0,1.0,1.189402375082112,True,True,True,True
CJP53,10,27.0,22310.0,22314.0,4.0,0.0976134924522739,1.0,4.0,1.0,1.0691797098050595,True,True,True,True
CJP53,10,28.0,22314.0,22318.0,4.0,-0.1009024809786502,0.2373046875,0.94921875,1.0,0.8672731927260707,True,False,False,True
CJP53,10,29.0,22318.0,22322.0,4.0,0.0391872522645309,0.0,0.0,0.0,1.017180566943851,True,False,False,True
CJP53,10,30.0,22322.0,22326.0,4.0,0.1027965131183457,0.0,0.0,0.0,0.9895329093205996,True,False,False,True
CJP53,10,31.0,22326.0,22330.0,4.0,0.1662889081758171,0.0,0.0,0.0,1.0354667787110954,True,False,False,True
CJP53,10,32.0,22330.0,22334.0,4.0,0.11713702237399096,0.0,0.0,0.0,0.9082859015530214,True,False,False,True
CJP53,10,33.0,22334.0,22338.0,4.0,0.03302188058293285,0.0,0.0,0.0,0.9817396341061575,True,False,False,True
CJP53,10,34.0,22338.0,22342.0,4.0,0.15698013167070696,0.0,0.0,0.0,1.0250563505811146,True,False,False,True
CJP53,10,35.0,22342.0,22346.0,4.0,0.0780919052957582,1.0,4.0,1.0,1.0264550838858435,True,True,True,True
CJP53,10,36.0,22346.0,22350.0,4.0,0.0036781621728008,1.0,4.0,1.0,0.9477112099392058,True,True,True,True
CJP53,10,37.0,22350.0,22354.0,4.0,-0.001636808520572599,0.0,0.0,0.0,0.9075557137000796,True,False,False,True
CJP53,10,38.0,22354.0,22358.0,4.0,0.0389681998825674,0.0,0.0,0.0,0.9721532447872524,True,False,False,True
CJP53,10,39.0,22358.0,22362.0,4.0,0.0117640901280373,0.0,0.0,0.0,0.980692579847126,True,False,False,True
CJP53,10,40.0,22362.0,22366.0,4.0,-0.0748519339767201,0.080078125,0.3203125,1.0,0.9911458733370636,True,False,False,True
CJP53,10,41.0,22366.0,22370.0,4.0,-0.085775178107743,0.962890625,3.8515625,2.0,1.1053670938084454,True,True,True,True
CJP53,10,42.0,22370.0,22374.0,4.0,0.05266145775953931,0.0,0.0,0.0,2.12722388993483,False,False,False,True
CJP53,10,44.0,22378.0,22382.0,4.0,0.1652897601306196,0.0,0.0,0.0,1.014957675708281,True,False,False,True
CJP53,10,45.0,22382.0,22386.0,4.0,-0.2491725888055185,0.0,0.0,0.0,1.046713383158654,True,False,False,True
CJP53,10,46.0,22386.0,22390.0,4.0,0.1241935815856682,0.34765625,1.390625,1.0,0.9756538848404378,True,False,False,True
CJP53,10,47.0,22390.0,22394.0,4.0,-0.1640703334138895,1.0,4.0,1.0,0.8585042049673056,True,True,True,True
CJP53,10,48.0,22394.0,22398.0,4.0,-0.1677242273551736,0.1884765625,0.75390625,1.0,1.1767249335435936,True,False,False,True
CJP53,10,49.0,22398.0,22402.0,4.0,0.2460642210807791,0.0,0.0,0.0,0.8091131066516437,True,False,False,True
CJP53,10,50.0,22402.0,22406.0,4.0,-0.0504806196971895,0.0859375,0.34375,1.0,0.9206794682107418,True,False,False,True
CJP53,10,51.0,22406.0,22410.0,4.0,-0.23890969768048692,0.0,0.0,0.0,0.8668114585191885,True,False,False,True
CJP53,10,52.0,22410.0,22414.0,4.0,0.0545512790214895,0.09375,0.375,1.0,0.9920659262457322,True,False,False,True
CJP53,10,53.0,22414.0,22418.0,4.0,0.0052393858617863,1.0,4.0,1.0,0.953834471692602,True,True,True,True
CJP53,10,54.0,22418.0,22422.0,4.0,-0.0543107017222514,0.0185546875,0.07421875,1.0,0.9005354532086273,True,False,False,True
CJP53,10,55.0,22422.0,22426.0,4.0,0.031515473254147996,0.0,0.0,0.0,0.913485324435298,True,False,False,True
CJP53,10,56.0,22426.0,22430.0,4.0,0.14855543133242455,1.0,4.0,1.0,1.2110065648499926,True,True,True,True
CJP53,10,57.0,22430.0,22434.0,4.0,0.0712681862110099,1.0,4.0,3.0,0.8844043285783736,True,True,True,True
CJP53,10,58.0,22434.0,22438.0,4.0,-0.171819155223596,0.4931640625,1.97265625,2.0,0.8829732226615484,True,False,False,True
CJP53,10,59.0,22438.0,22442.0,4.0,-0.1884576559469165,0.0,0.0,0.0,0.9794875907759948,True,False,False,True
CJP53,10,60.0,22442.0,22446.0,4.0,0.013441523096444,0.0,0.0,0.0,0.9763595584895276,True,False,False,True
CJP53,10,61.0,22446.0,22450.0,4.0,0.3205187918171831,0.2958984375,1.18359375,1.0,1.045294030770865,True,False,False,True
CJP53,10,62.0,22450.0,22454.0,4.0,0.027498939607805452,0.0,0.0,0.0,1.1379681073280667,True,False,False,True
CJP53,10,63.0,22454.0,22458.0,4.0,0.1560509418525432,0.0,0.0,0.0,1.4085275533826087,True,False,False,True
CJP53,10,64.0,22458.0,22462.0,4.0,0.0855447300994051,0.0,0.0,0.0,1.674143467612945,False,False,False,True
CJP53,10,65.0,22462.0,22466.0,4.0,-0.1400051323311568,1.0,4.0,3.0,1.6731478672519982,True,True,True,True
CJP53,10,66.0,22466.0,22470.0,4.0,-0.0339467867115062,1.0,4.0,2.0,1.899061068821822,True,True,True,True
CJP53,10,67.0,22470.0,22474.0,4.0,0.0513192529053982,1.0,4.0,2.0,1.0708084553289197,True,True,True,True
CJP53,10,68.0,22474.0,22478.0,4.0,0.036628354133083,1.0,4.0,1.0,1.0666491874761364,True,True,True,True
CJP53,10,69.0,22478.0,22482.0,4.0,0.0006819205279421,0.1591796875,0.63671875,1.0,1.0311191596399036,True,False,False,True
CJP53,10,70.0,22482.0,22486.0,4.0,-0.0424812071868065,0.0,0.0,0.0,1.0610045573823024,True,False,False,True
CJP53,10,71.0,22486.0,22490.0,4.0,-0.0158026904466974,0.0,0.0,0.0,0.9143718331968386,True,False,False,True
CJP53,10,72.0,22490.0,22494.0,4.0,-0.0220565106253942,0.0,0.0,0.0,1.003631115880096,True,False,False,True
CJP53,10,73.0,22494.0,22498.0,4.0,0.015228720163068,0.0,0.0,0.0,1.0157351480385726,True,False,False,True
CJP53,10,74.0,22498.0,22502.0,4.0,-0.092720297509415,0.0,0.0,0.0,1.0046000387510283,True,False,False,True
CJP53,10,75.0,22502.0,22506.0,4.0,0.0219635173551026,0.0,0.0,0.0,0.8278734437036761,True,False,False,True
CJP53,10,76.0,22506.0,22510.0,4.0,0.21547697522876058,0.189453125,0.7578125,1.0,0.9346704978636863,True,False,False,True
CJP53,10,77.0,22510.0,22514.0,4.0,0.03386381526984195,1.0,4.0,1.0,1.4304892066131847,True,True,True,True
CJP53,10,78.0,22514.0,22518.0,4.0,0.0082113583841983,1.0,4.0,1.0,1.1900609314416866,True,True,True,True
CJP53,10,79.0,22518.0,22522.0,4.0,-0.0218073038250421,1.0,4.0,2.0,0.8499973762655342,True,True,True,True
CJP53,10,80.0,22522.0,22526.0,4.0,-0.3681072659995823,1.0,4.0,2.0,1.386999927293629,True,True,True,True
CJP53,10,81.0,22526.0,22530.0,4.0,0.1093924243887082,1.0,4.0,3.0,1.090195109549705,True,True,True,True
CJP53,10,82.0,22530.0,22534.0,4.0,0.0248305466938942,1.0,4.0,2.0,1.7619667827406287,True,True,True,True
CJP53,10,83.0,22534.0,22538.0,4.0,-0.0472963825697861,1.0,4.0,4.0,1.074521406697076,True,True,True,True
CJP53,10,84.0,22538.0,22542.0,4.0,0.20505498628056865,1.0,4.0,3.0,3.715845271669304,True,True,True,True
CJP53,10,85.0,22542.0,22546.0,4.0,0.0769363462599759,1.0,4.0,5.0,3.243820081901481,True,True,True,True
CJP53,10,86.0,22546.0,22550.0,4.0,-0.0547762509312783,0.833984375,3.3359375,3.0,3.9617266993867495,True,True,True,True
CJP53,10,87.0,22550.0,22554.0,4.0,0.0117650513969992,0.0,0.0,0.0,1.0035889892684804,True,False,False,True
CJP53,10,88.0,22554.0,22558.0,4.0,0.0358920430698211,0.0,0.0,0.0,0.9369232566137664,True,False,False,True
CJP53,10,89.0,22558.0,22562.0,4.0,0.2733477305166956,0.0,0.0,0.0,0.9551278351662342,True,False,False,True
CJP53,10,90.0,22562.0,22566.0,4.0,0.0797142075764855,0.0,0.0,0.0,0.998843579541855,True,False,False,True
CJP53,10,91.0,22566.0,22570.0,4.0,0.4870033222879577,0.0,0.0,0.0,1.102471911090597,True,False,False,True
CJP53,10,92.0,22570.0,22574.0,4.0,-0.0822193530550305,0.0,0.0,0.0,0.9524656148442006,True,False,False,True
CJP53,10,93.0,22574.0,22578.0,4.0,0.0386347004220102,0.0,0.0,0.0,0.8326860186715783,True,False,False,True
CJP53,10,94.0,22578.0,22582.0,4.0,-0.2375112504377182,0.0,0.0,0.0,1.8939515142259944,False,False,False,True
CJP53,10,95.0,22582.0,22586.0,4.0,0.046248245159292545,0.0,0.0,0.0,0.9976243654102126,True,False,False,True
CJP53,10,96.0,22586.0,22590.0,4.0,0.2362230566066605,0.2763671875,1.10546875,2.0,1.0459235587228324,True,False,False,True
CJP53,10,97.0,22590.0,22594.0,4.0,-0.0211979282575419,1.0,4.0,1.0,1.19518883174085,True,True,True,True
CJP53,10,98.0,22594.0,22598.0,4.0,-0.1033279263992892,0.1494140625,0.59765625,1.0,1.066234756899905,True,False,False,True
CJP53,10,99.0,22598.0,22602.0,4.0,0.1392542450790426,0.0,0.0,0.0,1.0521611981528232,True,False,False,True
CJP53,10,100.0,22602.0,22606.0,4.0,-0.5031420509109658,0.474609375,1.8984375,1.0,1.9342339023736352,True,False,False,True
CJP53,10,101.0,22606.0,22610.0,4.0,0.39698166696045234,0.3544921875,1.41796875,1.0,4.244878813262199,False,False,False,True
CJP53,10,102.0,22610.0,22614.0,4.0,0.105741354220921,0.525390625,2.1015625,1.0,2.104878702264135,True,False,False,True
CJP53,10,103.0,22614.0,22618.0,4.0,0.2029759933820422,0.45703125,1.828125,2.0,1.0578093049029675,True,False,False,True
CJP53,10,104.0,22618.0,22622.0,4.0,0.2037889291055192,0.810546875,3.2421875,1.0,1.190424456056176,True,True,True,True
CJP53,10,105.0,22622.0,22626.0,4.0,0.2455944070229818,0.771484375,3.0859375,2.0,1.0176293813910982,True,True,True,True
CJP53,10,106.0,22626.0,22630.0,4.0,0.2496712662824897,0.9140625,3.65625,2.0,2.606696410504332,False,True,True,True
CJP53,10,107.0,22630.0,22634.0,4.0,-0.1310915677340046,0.5810546875,2.32421875,1.0,1.0062795133909446,True,False,False,True
CJP53,10,108.0,22634.0,22638.0,4.0,-0.0213962930825752,1.0,4.0,1.0,7.569285485077814,,True,True,True
CJP53,10,109.0,22638.0,22642.0,4.0,0.0934353608776675,0.3330078125,1.33203125,1.0,0.8597743168936184,True,False,False,True
CJP53,10,110.0,22642.0,22646.0,4.0,-0.0034877193107713,0.0,0.0,0.0,0.9859112649674872,True,False,False,True
CJP53,10,111.0,22646.0,22650.0,4.0,-0.0337235252319036,0.0,0.0,0.0,1.010053243360845,True,False,False,True
CJP53,10,112.0,22650.0,22654.0,4.0,-0.0658094618861188,0.0,0.0,0.0,1.0465170973765408,True,False,False,True
CJP53,10,113.0,22654.0,22658.0,4.0,0.3507648636071298,0.0,0.0,0.0,1.5353116449158717,False,False,False,True
CJP53,10,115.0,22662.0,22666.0,4.0,0.0050500535969277,0.0,0.0,0.0,0.8194367861914381,True,False,False,True
CJP53,10,116.0,22666.0,22670.0,4.0,0.0603540784201299,0.0,0.0,0.0,0.9196318961260528,True,False,False,True
CJP53,10,117.0,22670.0,22674.0,4.0,0.1635805945878318,0.0,0.0,0.0,0.9993350370572428,True,False,False,True
CJP53,10,118.0,22674.0,22678.0,4.0,-0.1233787520134162,0.0,0.0,0.0,3.766747047243478,False,False,False,True
CJP53,10,119.0,22678.0,22682.0,4.0,-0.34317340691821896,0.0,0.0,0.0,3.4511415690863947,False,False,False,True
CJP53,10,120.0,22682.0,22686.0,4.0,0.4990981337671893,1.0,4.0,2.0,2.7408815870641345,False,True,True,True
CJP53,10,121.0,22686.0,22690.0,4.0,-0.2797901606259405,0.4873046875,1.94921875,2.0,0.8689533538914721,True,False,False,True
CJP53,10,122.0,22690.0,22694.0,4.0,-0.122499275736245,0.0,0.0,0.0,0.6926757239088464,True,False,False,True
CJP53,10,123.0,22694.0,22698.0,4.0,0.1372770211967552,0.0,0.0,0.0,1.479685995151398,False,False,False,True
CJP53,10,124.0,22698.0,22702.0,4.0,0.1935963668064816,0.3994140625,1.59765625,1.0,0.9782319626136864,True,False,False,True
CJP53,10,125.0,22702.0,22706.0,4.0,0.0958015257946541,0.0,0.0,0.0,0.8078874583104534,True,False,False,True
CJP53,10,126.0,22706.0,22710.0,4.0,-0.3235568498892022,0.396484375,1.5859375,1.0,1.3293696322809672,True,False,False,True
CJP53,10,127.0,22710.0,22714.0,4.0,0.1835793018634628,1.0,4.0,1.0,1.7473676298928418,False,True,True,True
CJP53,10,128.0,22714.0,22718.0,4.0,0.0093358926635463,1.0,4.0,1.0,4.869496697643577,False,True,True,True
CJP53,10,129.0,22718.0,22722.0,4.0,0.0440628898480398,1.0,4.0,2.0,2.971571668420589,True,True,True,True
CJP53,10,130.0,22722.0,22726.0,4.0,-0.37524242433051114,1.0,4.0,1.0,1.2545089812581813,True,True,True,True
CJP53,10,131.0,22726.0,22730.0,4.0,0.1181874863785473,1.0,4.0,1.0,1.0142737151700294,True,True,True,True
CJP53,10,132.0,22730.0,22734.0,4.0,-0.0756898314790145,1.0,4.0,1.0,3.3708398303997797,False,True,True,True
CJP53,10,133.0,22734.0,22738.0,4.0,-0.1510015594833363,1.0,4.0,1.0,2.7364388248505227,,True,True,True
CJP53,10,134.0,22738.0,22742.0,4.0,-0.0917092348256221,1.0,4.0,1.0,1.759626441934152,True,True,True,True
CJP53,10,135.0,22742.0,22746.0,4.0,0.6493279650572856,1.0,4.0,1.0,1.6582894420502718,,True,True,True
CJP53,10,136.0,22746.0,22750.0,4.0,0.1457813662779549,1.0,4.0,1.0,3.7505849171314622,False,True,True,True
CJP53,10,137.0,22750.0,22754.0,4.0,0.1292994723525912,1.0,4.0,1.0,1.4160591549813792,True,True,True,True
CJP53,10,138.0,22754.0,22758.0,4.0,0.26886347397746185,0.1904296875,0.76171875,1.0,1.0157183553390374,True,False,False,True
CJP53,10,139.0,22758.0,22762.0,4.0,0.3804121602290759,1.0,4.0,1.0,1.478166183605222,True,True,True,True
CJP53,10,140.0,22762.0,22766.0,4.0,0.0643183805989447,1.0,4.0,4.0,1.5330363683594548,True,True,True,True
CJP53,10,141.0,22766.0,22770.0,4.0,-0.12073691792386869,1.0,4.0,4.0,5.609502135392591,,True,True,True
CJP53,10,142.0,22770.0,22774.0,4.0,0.1801589944221172,1.0,4.0,2.0,2.448987138762029,True,True,True,True
CJP53,10,143.0,22774.0,22778.0,4.0,-0.1450217804882214,1.0,4.0,2.0,0.985079475020072,True,True,True,True
CJP53,10,144.0,22778.0,22782.0,4.0,0.0922352278978007,1.0,4.0,1.0,1.2812457514722735,True,True,True,True
CJP53,10,145.0,22782.0,22786.0,4.0,0.1865510196957555,0.642578125,2.5703125,2.0,1.042957752285108,True,False,False,True
CJP53,10,146.0,22786.0,22790.0,4.0,-0.1269406371436127,1.0,4.0,1.0,0.7866231827542283,True,True,True,True
CJP53,10,147.0,22790.0,22794.0,4.0,0.0242006262770799,1.0,4.0,1.0,0.863820210958518,True,True,True,True
CJP53,10,148.0,22794.0,22798.0,4.0,0.0845703496050081,0.0,0.0,0.0,0.8131015582949717,True,False,False,True
CJP53,10,149.0,22798.0,22802.0,4.0,0.2423355854612587,0.0,0.0,0.0,1.0236770129108048,True,False,False,True
CJP53,10,150.0,22802.0,22806.0,4.0,-0.1953116212567991,0.0,0.0,0.0,0.9850316003097012,True,False,False,True
CJP53,10,151.0,22806.0,22810.0,4.0,-0.2048391967539749,1.0,4.0,2.0,1.0805529494945594,True,True,True,True
CJP53,10,152.0,22810.0,22814.0,4.0,-0.056099637043437595,1.0,4.0,2.0,1.2627607823569535,True,True,True,True
CJP53,10,153.0,22814.0,22818.0,4.0,0.07280002530705786,0.3125,1.25,1.0,0.8107087058442034,True,False,False,True
CJP53,10,154.0,22818.0,22822.0,4.0,-0.0659288864602687,0.7587890625,3.03515625,1.0,1.1188334951192611,True,True,True,True
CJP53,10,155.0,22822.0,22826.0,4.0,0.4755535466536485,0.2109375,0.84375,1.0,0.9080070202639532,True,False,False,True
CJP53,10,156.0,22826.0,22830.0,4.0,-0.1235002161583073,1.0,4.0,2.0,1.3989428156735708,True,True,True,True
CJP53,10,157.0,22830.0,22834.0,4.0,-0.021033910368342353,1.0,4.0,2.0,6.908389781651566,True,True,True,True
CJP53,10,158.0,22834.0,22838.0,4.0,0.2118475931263919,1.0,4.0,3.0,3.6734919367591625,True,True,True,True
CJP53,10,159.0,22838.0,22842.0,4.0,-0.0293464366747747,1.0,4.0,2.0,1.1967000876332583,True,True,True,True
CJP53,10,160.0,22842.0,22846.0,4.0,0.0272253609523385,1.0,4.0,2.0,2.0903829325960848,True,True,True,True
CJP53,10,161.0,22846.0,22850.0,4.0,-0.0868110297884914,1.0,4.0,1.0,5.724135773730423,False,True,True,True
CJP53,10,162.0,22850.0,22854.0,4.0,-0.0966582677051862,1.0,4.0,1.0,1.8859979609232609,False,True,True,True
CJP53,10,163.0,22854.0,22858.0,4.0,-0.012599264610398203,0.02734375,0.109375,1.0,2.0141150588846544,True,False,False,True
CJP53,10,164.0,22858.0,22862.0,4.0,0.1857145882210815,0.443359375,1.7734375,3.0,1.0957824407288723,True,False,False,True
CJP53,10,165.0,22862.0,22866.0,4.0,-0.0063525778355906,1.0,4.0,2.0,14.52891227375416,False,True,True,True
CJP53,10,166.0,22866.0,22870.0,4.0,0.4642925627075639,1.0,4.0,1.0,5.095946635539445,,True,True,True
CJP53,10,167.0,22870.0,22874.0,4.0,0.1082446046605,1.0,4.0,2.0,1.267319336931234,True,True,True,True
CJP53,10,168.0,22874.0,22878.0,4.0,-0.0191896785620648,1.0,4.0,1.0,0.9412928061334396,True,True,True,True
CJP53,10,169.0,22878.0,22882.0,4.0,0.335628369874743,1.0,4.0,3.0,2.3704570699048197,False,True,True,True
CJP53,10,170.0,22882.0,22886.0,4.0,-0.1028768320606403,1.0,4.0,3.0,13.218900601285068,,True,True,True
CJP53,11,0.0,22952.0,22956.0,4.0,-0.0169611929327434,1.0,4.0,2.0,3.178927373252676,False,True,True,True
CJP53,11,1.0,22956.0,22960.0,4.0,0.112146623777638,1.0,4.0,3.0,2.79551903260956,False,True,True,True
CJP53,11,2.0,22960.0,22964.0,4.0,-0.0797706439651769,1.0,4.0,4.0,7.419605105195727,False,True,True,True
CJP53,11,3.0,22964.0,22968.0,4.0,-0.082111014214863,1.0,4.0,4.0,4.805031807003934,False,True,True,True
CJP53,11,4.0,22968.0,22972.0,4.0,-0.062024159002091,1.0,4.0,4.0,2.4141215036208084,False,True,True,True
CJP53,11,5.0,22972.0,22976.0,4.0,-0.0152260063971284,1.0,4.0,3.0,3.3309006473855387,,True,True,True
CJP53,11,6.0,22976.0,22980.0,4.0,0.0805891951019184,1.0,4.0,3.0,1.5082626234409655,True,True,True,True
CJP53,11,7.0,22980.0,22984.0,4.0,0.047193557292118,0.4560546875,1.82421875,1.0,0.7847346702909058,True,False,False,True
CJP53,11,8.0,22984.0,22988.0,4.0,-0.1178844067343797,0.0,0.0,0.0,0.8837684087422009,True,False,False,True
CJP53,11,9.0,22988.0,22992.0,4.0,-0.0088911566015103,0.0,0.0,0.0,1.1352164053294374,True,False,False,True
CJP53,11,10.0,22992.0,22996.0,4.0,0.0065542671282208,0.298828125,1.1953125,1.0,0.9282470229996934,True,False,False,True
CJP53,11,11.0,22996.0,23000.0,4.0,0.0048319881810294,1.0,4.0,1.0,1.3058332644922537,True,True,True,True
CJP53,11,12.0,23000.0,23004.0,4.0,0.0472858960036675,1.0,4.0,2.0,0.8464187487224966,True,True,True,True
CJP53,11,13.0,23004.0,23008.0,4.0,0.084870743007661,1.0,4.0,2.0,0.9861900283321412,True,True,True,True
CJP53,11,14.0,23008.0,23012.0,4.0,-0.0134087990083605,1.0,4.0,2.0,2.615338176896129,True,True,True,True
CJP53,11,15.0,23012.0,23016.0,4.0,0.1185820633855217,1.0,4.0,2.0,1.1124792577330147,True,True,True,True
CJP53,11,16.0,23016.0,23020.0,4.0,-0.3476110329470979,1.0,4.0,2.0,0.8129300270376172,True,True,True,True
CJP53,11,17.0,23020.0,23024.0,4.0,-0.1337232191979349,1.0,4.0,2.0,0.8912580039475672,True,True,True,True
CJP53,11,18.0,23024.0,23028.0,4.0,-0.3522800615529687,1.0,4.0,1.0,1.0810095400331112,True,True,True,True
CJP53,11,19.0,23028.0,23032.0,4.0,-0.2775334726897678,1.0,4.0,2.0,1.1308468027221656,True,True,True,True
CJP53,11,20.0,23032.0,23036.0,4.0,-0.0737805707117681,1.0,4.0,1.0,0.9502861056632166,True,True,True,True
CJP53,11,21.0,23036.0,23040.0,4.0,-0.1368277299175856,1.0,4.0,2.0,1.004031485352724,True,True,True,True
CJP53,11,22.0,23040.0,23044.0,4.0,-0.4569134008909791,1.0,4.0,2.0,1.5228740350194048,True,True,True,True
CJP53,11,23.0,23044.0,23048.0,4.0,0.6969442917198205,1.0,4.0,2.0,4.21638516459354,,True,True,True
CJP53,11,24.0,23048.0,23052.0,4.0,-0.344231526863547,1.0,4.0,1.0,2.6658374747824705,False,True,True,True
CJP53,11,25.0,23052.0,23056.0,4.0,-0.05141693781969914,1.0,4.0,1.0,2.4366794399596206,False,True,True,True
CJP53,11,26.0,23056.0,23060.0,4.0,-0.0623180637488849,0.3583984375,1.43359375,1.0,0.9532581016898356,True,False,False,True
CJP53,11,27.0,23060.0,23064.0,4.0,0.0704922202148164,0.0,0.0,0.0,0.9456179243954592,True,False,False,True
CJP53,11,28.0,23064.0,23068.0,4.0,0.1162573604294499,0.0,0.0,0.0,0.9952731606164336,True,False,False,True
CJP53,11,29.0,23068.0,23072.0,4.0,0.0808120393031307,0.0,0.0,0.0,1.0365475072936845,True,False,False,True
CJP53,11,30.0,23072.0,23076.0,4.0,0.0242687841963533,0.0,0.0,0.0,1.2827429136670652,True,False,False,True
CJP53,11,31.0,23076.0,23080.0,4.0,0.1437851538352853,1.0,4.0,2.0,2.0652407661463403,True,True,True,True
CJP53,11,32.0,23080.0,23084.0,4.0,0.2489634553789885,1.0,4.0,1.0,1.2950903193337866,True,True,True,True
CJP53,11,33.0,23084.0,23088.0,4.0,0.0578328881126003,1.0,4.0,1.0,0.9442302173070088,True,True,True,True
CJP53,11,34.0,23088.0,23092.0,4.0,0.0186635590494887,1.0,4.0,1.0,0.9293850023908384,True,True,True,True
CJP53,11,35.0,23092.0,23096.0,4.0,-0.2900762247770051,1.0,4.0,1.0,0.8910951250964293,True,True,True,True
CJP53,11,36.0,23096.0,23100.0,4.0,0.22423815859368376,1.0,4.0,1.0,10.099224456483032,False,True,True,True
CJP53,11,37.0,23100.0,23104.0,4.0,-0.017825709710436,1.0,4.0,1.0,0.9749876370278536,True,True,True,True
CJP53,11,38.0,23104.0,23108.0,4.0,-0.1694987042373134,1.0,4.0,1.0,0.9154817593520224,True,True,True,True
CJP53,11,39.0,23108.0,23112.0,4.0,0.028356263044417906,1.0,4.0,1.0,3.9315933496664552,False,True,True,True
CJP53,11,40.0,23112.0,23116.0,4.0,-0.2506863448895649,1.0,4.0,1.0,1.3872533132351985,True,True,True,True
CJP53,11,41.0,23116.0,23120.0,4.0,-0.5245025279270733,1.0,4.0,2.0,1.2403212638480914,True,True,True,True
CJP53,11,42.0,23120.0,23124.0,4.0,0.194560248226083,1.0,4.0,2.0,1.092775033559414,True,True,True,True
CJP53,11,43.0,23124.0,23128.0,4.0,0.0010016843923795,1.0,4.0,2.0,2.507580835013838,True,True,True,True
CJP53,11,44.0,23128.0,23132.0,4.0,-0.118572005260865,1.0,4.0,2.0,6.437921850084311,False,True,True,True
CJP53,11,45.0,23132.0,23136.0,4.0,0.041859286834352846,1.0,4.0,1.0,0.8454660917566843,True,True,True,True
CJP53,11,46.0,23136.0,23140.0,4.0,0.22507379854248172,1.0,4.0,2.0,6.274611984071623,,True,True,True
CJP53,11,47.0,23140.0,23144.0,4.0,-0.3687858721896295,1.0,4.0,2.0,1.6926177496197945,False,True,True,True
CJP53,11,48.0,23144.0,23148.0,4.0,0.0891419634692165,1.0,4.0,1.0,1.36013849722709,True,True,True,True
CJP53,11,49.0,23148.0,23152.0,4.0,-0.0435274250283414,1.0,4.0,1.0,1.394984677667948,True,True,True,True
CJP53,11,50.0,23152.0,23156.0,4.0,0.1614498625998387,1.0,4.0,1.0,1.0251563460163762,True,True,True,True
CJP53,11,51.0,23156.0,23160.0,4.0,-0.0895845166831174,0.5361328125,2.14453125,2.0,0.9018356394306418,True,False,False,True
CJP53,11,52.0,23160.0,23164.0,4.0,-0.11495043757861313,1.0,4.0,2.0,1.8910494462744247,,True,True,True
CJP53,11,53.0,23164.0,23168.0,4.0,-0.1975174199172428,1.0,4.0,3.0,1.9179599350869485,True,True,True,True
CJP53,11,54.0,23168.0,23172.0,4.0,-0.1527929404058413,1.0,4.0,4.0,3.0357295217523914,True,True,True,True
CJP53,11,55.0,23172.0,23176.0,4.0,-0.026598342808595,1.0,4.0,4.0,4.153721492361605,True,True,True,True
CJP53,11,56.0,23176.0,23180.0,4.0,0.14344708882904755,1.0,4.0,3.0,2.799305383062479,False,True,True,True
CJP53,11,57.0,23180.0,23184.0,4.0,0.0646567331159041,1.0,4.0,1.0,4.413805238675943,False,True,True,True
CJP53,11,58.0,23184.0,23188.0,4.0,-0.0797956336154248,1.0,4.0,1.0,1.3090953990039145,True,True,True,True
CJP53,11,59.0,23188.0,23192.0,4.0,0.1730940940328272,0.0,0.0,0.0,2.1594655690730944,True,False,False,True
CJP53,11,60.0,23192.0,23196.0,4.0,-0.1878950149674683,1.0,4.0,1.0,1.0874469147497183,True,True,True,True
CJP53,11,61.0,23196.0,23200.0,4.0,-0.1336105454025718,0.2958984375,1.18359375,1.0,0.995306336791219,True,False,False,True
CJP53,11,62.0,23200.0,23204.0,4.0,0.2110378628677532,0.0,0.0,0.0,1.0184307626200346,True,False,False,True
CJP53,11,63.0,23204.0,23208.0,4.0,0.044772678885476,0.0,0.0,0.0,0.9648023940766944,True,False,False,True
CJP53,11,64.0,23208.0,23212.0,4.0,-0.1824343073359619,0.0,0.0,0.0,1.10079732896877,True,False,False,True
CJP53,11,66.0,23216.0,23220.0,4.0,-0.2914170477186708,0.0,0.0,0.0,1.2113424136165236,True,False,False,True
CJP53,11,68.0,23224.0,23228.0,4.0,0.1245924912494024,0.0,0.0,0.0,0.9434392222639886,True,False,False,True
CJP53,11,69.0,23228.0,23232.0,4.0,0.0764984549797672,0.0,0.0,0.0,0.8319800555062289,True,False,False,True
CJP53,11,70.0,23232.0,23236.0,4.0,-0.46070754334513797,0.0,0.0,0.0,1.5263343903683781,False,False,False,True
CJP53,11,71.0,23236.0,23240.0,4.0,-0.1286227884353941,1.0,4.0,2.0,0.9861294231562407,True,True,True,True
CJP53,11,72.0,23240.0,23244.0,4.0,0.1386368788703701,1.0,4.0,3.0,1.2241136566277857,True,True,True,True
CJP53,11,73.0,23244.0,23248.0,4.0,0.0663340507051651,1.0,4.0,2.0,2.014698776421214,True,True,True,True
CJP53,11,74.0,23248.0,23252.0,4.0,0.1259804041245992,1.0,4.0,2.0,1.6928373726261192,False,True,True,True
CJP53,11,75.0,23252.0,23256.0,4.0,0.2022875753667701,1.0,4.0,2.0,2.112293819813161,False,True,True,True
CJP53,11,76.0,23256.0,23260.0,4.0,-0.366912642013051,1.0,4.0,2.0,1.0366621217642251,True,True,True,True
CJP53,11,77.0,23260.0,23264.0,4.0,0.3670813622231817,1.0,4.0,1.0,2.0272146779637525,,True,True,True
CJP53,11,78.0,23264.0,23268.0,4.0,-0.015404829473600501,1.0,4.0,1.0,0.8781323986504977,True,True,True,True
CJP53,11,79.0,23268.0,23272.0,4.0,0.0266610455882243,1.0,4.0,1.0,1.078989701815419,True,True,True,True
CJP53,11,80.0,23272.0,23276.0,4.0,-0.0775296413925202,1.0,4.0,1.0,1.1144445331946924,True,True,True,True
CJP53,11,81.0,23276.0,23280.0,4.0,0.7352622401704121,1.0,4.0,2.0,1.0633632998537503,True,True,True,True
CJP53,11,82.0,23280.0,23284.0,4.0,0.039647353116896,1.0,4.0,2.0,3.507964382827736,False,True,True,True
CJP53,11,83.0,23284.0,23288.0,4.0,-0.15509772845180775,1.0,4.0,2.0,4.373990428175524,,True,True,True
CJP53,11,84.0,23288.0,23292.0,4.0,-0.1093649938369724,1.0,4.0,2.0,2.423899871048578,False,True,True,True
CJP53,11,85.0,23292.0,23296.0,4.0,0.49280416497029134,1.0,4.0,2.0,3.497080636792699,False,True,True,True
CJP53,11,86.0,23296.0,23300.0,4.0,0.2873134338707036,1.0,4.0,2.0,1.5692172119099923,True,True,True,True
CJP53,11,87.0,23300.0,23304.0,4.0,0.15130152448673462,1.0,4.0,2.0,1.8632354458132347,,True,True,True
CJP53,11,88.0,23304.0,23308.0,4.0,0.1582913180077036,1.0,4.0,2.0,1.9080870388625286,False,True,True,True
CJP53,11,89.0,23308.0,23312.0,4.0,-0.0496035350884669,0.1904296875,0.76171875,2.0,1.1072419496771262,True,False,False,True
CJP53,11,90.0,23312.0,23316.0,4.0,0.012101146437597,0.0,0.0,0.0,0.9231796738815709,True,False,False,True
CJP53,11,92.0,23320.0,23324.0,4.0,0.04279043203107375,0.6083984375,2.43359375,1.0,1.0518663896563927,True,False,False,True
CJP53,11,94.0,23328.0,23332.0,4.0,0.5480433762861768,0.0,0.0,0.0,1.0157725612813822,True,False,False,True
CJP53,11,95.0,23332.0,23336.0,4.0,0.15877791764932056,0.0,0.0,0.0,2.13934897923334,False,False,False,True
CJP53,12,0.0,26522.0,26526.0,4.0,-0.0008117144827074,0.0,0.0,0.0,1.0227994185618186,True,False,False,True
CJP53,12,1.0,26526.0,26530.0,4.0,-0.1167225110357489,0.0,0.0,0.0,0.9253585922278492,True,False,False,True
CJP53,12,2.0,26530.0,26534.0,4.0,0.0194297730404799,0.0,0.0,0.0,0.909937434503133,True,False,False,True
CJP53,12,3.0,26534.0,26538.0,4.0,0.150359412228838,0.0,0.0,0.0,0.9650382366235014,True,False,False,True
CJP53,12,4.0,26538.0,26542.0,4.0,0.3286816865565949,0.0,0.0,0.0,1.4081518357340033,False,False,False,True
CJP53,12,5.0,26542.0,26546.0,4.0,0.0607115834532412,0.107421875,0.4296875,1.0,1.1004958374860374,True,False,False,True
CJP53,12,6.0,26546.0,26550.0,4.0,0.2049884119573469,1.0,4.0,1.0,1.8619003473648763,False,True,True,True
CJP53,12,7.0,26550.0,26554.0,4.0,0.005699882362332154,0.11328125,0.453125,1.0,3.1004059508456994,False,False,False,True
CJP53,12,8.0,26554.0,26558.0,4.0,-0.5710407380119322,0.0,0.0,0.0,0.9349845808925854,True,False,False,True
CJP53,12,9.0,26558.0,26562.0,4.0,0.0825694741585881,0.0,0.0,0.0,0.9167932598241486,True,False,False,True
CJP53,12,10.0,26562.0,26566.0,4.0,-0.0653401144008449,0.0,0.0,0.0,1.0425615484871635,True,False,False,True
CJP53,12,11.0,26566.0,26570.0,4.0,-0.0705003281033453,0.0,0.0,0.0,0.9088501830956816,True,False,False,True
CJP53,12,12.0,26570.0,26574.0,4.0,0.3106824981200281,0.0,0.0,0.0,0.8526968190374524,True,False,False,True
CJP53,12,13.0,26574.0,26578.0,4.0,-0.1365117279560075,0.0,0.0,0.0,0.9231665095247312,True,False,False,True
CJP53,12,14.0,26578.0,26582.0,4.0,0.0534159985337261,0.0,0.0,0.0,0.9174460390860338,True,False,False,True
CJP53,12,15.0,26582.0,26586.0,4.0,-0.1222483258042021,0.0,0.0,0.0,1.002783930035022,True,False,False,True
CJP53,12,16.0,26586.0,26590.0,4.0,-0.0791935982946201,0.0,0.0,0.0,0.9170701420651944,True,False,False,True
CJP53,12,17.0,26590.0,26594.0,4.0,-0.0438876668171478,0.0,0.0,0.0,1.068530649323952,True,False,False,True
CJP53,12,18.0,26594.0,26598.0,4.0,-0.0402335982916667,0.0,0.0,0.0,0.9813960959224484,True,False,False,True
CJP53,12,19.0,26598.0,26602.0,4.0,0.0081941433978037,0.0,0.0,0.0,1.3337527726933482,True,False,False,True
CJP53,12,20.0,26602.0,26606.0,4.0,0.0611592890994519,0.0,0.0,0.0,0.9713682240010324,True,False,False,True
CJP53,12,21.0,26606.0,26610.0,4.0,0.0129727739360861,0.0,0.0,0.0,0.9165964983583076,True,False,False,True
CJP53,12,22.0,26610.0,26614.0,4.0,0.0181314916851445,0.0,0.0,0.0,0.9610777468875872,True,False,False,True
CJP53,12,23.0,26614.0,26618.0,4.0,-0.207863167370206,0.0,0.0,0.0,0.9583125393867504,True,False,False,True
CJP53,12,24.0,26618.0,26622.0,4.0,0.2760511049287461,0.0,0.0,0.0,1.3159719685581477,True,False,False,True
CJP53,12,25.0,26622.0,26626.0,4.0,0.5086237498213899,0.0,0.0,0.0,0.9930841119579824,True,False,False,True
CJP53,12,26.0,26626.0,26630.0,4.0,0.0325065164956906,0.0,0.0,0.0,0.985372718181977,True,False,False,True
CJP53,12,27.0,26630.0,26634.0,4.0,0.0233216485615675,0.0,0.0,0.0,0.9406266826978852,True,False,False,True
CJP53,12,28.0,26634.0,26638.0,4.0,-0.1251260619264473,0.0,0.0,0.0,0.9285568728661404,True,False,False,True
CJP53,12,29.0,26638.0,26642.0,4.0,0.1957036235253286,0.0,0.0,0.0,0.919396465755816,True,False,False,True
CJP53,12,30.0,26642.0,26646.0,4.0,-0.0405903624107741,0.0,0.0,0.0,0.9634574131814292,True,False,False,True
CJP53,12,31.0,26646.0,26650.0,4.0,-0.2027767163687179,0.0,0.0,0.0,0.9865945095292892,True,False,False,True
CJP53,12,32.0,26650.0,26654.0,4.0,0.2667540255890133,0.0,0.0,0.0,1.1019002857772018,True,False,False,True
CJP53,12,33.0,26654.0,26658.0,4.0,-0.1604401340249033,0.0,0.0,0.0,1.197343617622539,True,False,False,True
CJP53,12,34.0,26658.0,26662.0,4.0,-0.1586842341765465,0.0,0.0,0.0,1.010119304351076,True,False,False,True
CJP53,12,35.0,26662.0,26666.0,4.0,-0.0461755343634182,0.0,0.0,0.0,0.8985512515381601,True,False,False,True
CJP53,13,0.0,27722.0,27726.0,4.0,-0.0654918176500576,0.0,0.0,0.0,1.0343345021100396,True,False,False,True
CJP53,13,1.0,27726.0,27730.0,4.0,0.1081478502821207,0.0,0.0,0.0,0.9677416686659293,True,False,False,True
CJP53,13,2.0,27730.0,27734.0,4.0,0.048210860555116,0.0,0.0,0.0,1.0018135293821122,True,False,False,True
CJP53,13,3.0,27734.0,27738.0,4.0,0.076147482961872,0.0,0.0,0.0,1.0557143115473846,True,False,False,True
CJP53,13,4.0,27738.0,27742.0,4.0,0.213039541762242,0.0,0.0,0.0,0.9369728570858492,True,False,False,True
CJP53,13,5.0,27742.0,27746.0,4.0,0.0615726704034867,0.0,0.0,0.0,1.1319273486850434,True,False,False,True
CJP53,13,6.0,27746.0,27750.0,4.0,-0.0073842142468359,0.0,0.0,0.0,0.8347580397185299,True,False,False,True
CJP53,13,7.0,27750.0,27754.0,4.0,0.3335840892043912,0.0,0.0,0.0,1.0185702469404505,True,False,False,True
CJP53,13,8.0,27754.0,27758.0,4.0,0.176155443950867,0.0,0.0,0.0,0.9623144789867512,True,False,False,True
CJP53,13,9.0,27758.0,27762.0,4.0,0.1593617400998968,0.0,0.0,0.0,1.6318916621097643,False,False,False,True
CJP53,13,11.0,27766.0,27770.0,4.0,0.5098825679217995,0.0,0.0,0.0,1.1855376947171814,True,False,False,True
CJP53,13,12.0,27770.0,27774.0,4.0,0.2288044937756995,0.0,0.0,0.0,0.9510370081643272,True,False,False,True
CJP53,13,13.0,27774.0,27778.0,4.0,0.2676338218112492,0.0,0.0,0.0,1.0390525903976628,True,False,False,True
CJP53,13,14.0,27778.0,27782.0,4.0,-0.0917075691222226,0.0,0.0,0.0,0.8352316722940687,True,False,False,True
CJP53,13,15.0,27782.0,27786.0,4.0,0.1087675780352752,0.0,0.0,0.0,0.9573934663195436,True,False,False,True
CJP53,13,16.0,27786.0,27790.0,4.0,-0.1526337194705739,0.0,0.0,0.0,1.0724737281865522,True,False,False,True
CJP53,13,17.0,27790.0,27794.0,4.0,0.1682618833811618,0.0,0.0,0.0,1.2997027006753603,True,False,False,True
CJP53,13,18.0,27794.0,27798.0,4.0,0.0197413569030898,0.0,0.0,0.0,0.918016112999372,True,False,False,True
CJP53,13,19.0,27798.0,27802.0,4.0,-0.0002519764784049,0.0,0.0,0.0,1.001962308830176,True,False,False,True
CJP53,13,20.0,27802.0,27806.0,4.0,-0.0551163783837147,0.0,0.0,0.0,0.9904570617930416,True,False,False,True
CJP53,13,21.0,27806.0,27810.0,4.0,-0.115353659985649,0.0,0.0,0.0,0.9964496317959924,True,False,False,True
CJP53,13,22.0,27810.0,27814.0,4.0,-0.001668058938285151,0.0,0.0,0.0,0.9902343451549755,True,False,False,True
CJP53,13,24.0,27818.0,27822.0,4.0,0.0366861043438681,0.0,0.0,0.0,1.0347411510303457,True,False,False,True
CJP53,13,25.0,27822.0,27826.0,4.0,-0.090509591935166,0.0,0.0,0.0,0.9592810598711472,True,False,False,True
CJP53,13,26.0,27826.0,27830.0,4.0,0.11369901980696,0.0,0.0,0.0,1.013479024739334,True,False,False,True
CJP53,13,27.0,27830.0,27834.0,4.0,0.0718200293243032,0.0,0.0,0.0,1.0022082867799758,True,False,False,True
CJP53,13,28.0,27834.0,27838.0,4.0,0.0356321010747568,0.0,0.0,0.0,1.1129008887699945,True,False,False,True
CJP53,13,29.0,27838.0,27842.0,4.0,0.2144636208055504,0.0,0.0,0.0,1.1937540357584293,True,False,False,True
CJP53,13,30.0,27842.0,27846.0,4.0,0.0223566294096915,1.0,4.0,3.0,2.26070196065136,False,True,True,True
CJP53,13,31.0,27846.0,27850.0,4.0,0.24275058254675258,1.0,4.0,4.0,5.3842813595317205,,True,True,True
CJP53,13,32.0,27850.0,27854.0,4.0,-0.3700744169277127,0.4482421875,1.79296875,3.0,1.7828524879645735,True,False,False,True
CJP53,13,33.0,27854.0,27858.0,4.0,-0.049271134779441,0.0,0.0,0.0,1.0999902602096732,True,False,False,True
CJP53,13,34.0,27858.0,27862.0,4.0,-0.0592810715453958,0.0,0.0,0.0,0.9569010503588496,True,False,False,True
CJP53,13,35.0,27862.0,27866.0,4.0,-0.0832337345342482,0.0,0.0,0.0,0.9770509677053816,True,False,False,True
CJP53,13,36.0,27866.0,27870.0,4.0,0.1667347539388617,0.0,0.0,0.0,0.932670280794263,True,False,False,True
CJP53,13,37.0,27870.0,27874.0,4.0,-0.0647198425303168,0.0,0.0,0.0,0.978413237957098,True,False,False,True
CJP53,13,38.0,27874.0,27878.0,4.0,0.0418200264472451,0.0,0.0,0.0,0.9886661481478656,True,False,False,True
CJP53,13,39.0,27878.0,27882.0,4.0,-0.013488944946052,0.0,0.0,0.0,1.0549841430677127,True,False,False,True
CJP53,13,40.0,27882.0,27886.0,4.0,0.0829698265671287,0.0,0.0,0.0,1.0262705925994278,True,False,False,True
CJP53,13,41.0,27886.0,27890.0,4.0,-0.0538276922547105,0.0,0.0,0.0,1.0460956911695007,True,False,False,True
CJP53,13,42.0,27890.0,27894.0,4.0,-0.1594124307309499,0.0,0.0,0.0,0.9439134311975564,True,False,False,True
CJP53,13,43.0,27894.0,27898.0,4.0,-0.0621441024005943,0.0,0.0,0.0,1.0379340468408589,True,False,False,True
CJP53,13,44.0,27898.0,27902.0,4.0,0.0260533712401035,0.0,0.0,0.0,1.0176813669515627,True,False,False,True
CJP53,13,45.0,27902.0,27906.0,4.0,-0.0586829968660385,0.0,0.0,0.0,1.045604262294821,True,False,False,True
CJP53,13,46.0,27906.0,27910.0,4.0,0.1737824419568715,0.1796875,0.71875,1.0,0.8537659528847371,True,False,False,True
CJP53,13,47.0,27910.0,27914.0,4.0,0.1626508109890894,0.0,0.0,0.0,1.3906747780823046,False,False,False,True
CJP53,13,48.0,27914.0,27918.0,4.0,0.381705384456607,0.90234375,3.609375,3.0,1.6112256986696665,True,True,True,True
CJP53,13,49.0,27918.0,27922.0,4.0,0.1218025433641906,1.0,4.0,2.0,2.072297463450928,False,True,True,True
CJP53,13,50.0,27922.0,27926.0,4.0,0.6764468077739237,0.4326171875,1.73046875,2.0,1.7408810096973606,True,False,False,True
CJP53,13,51.0,27926.0,27930.0,4.0,0.3554009878513778,1.0,4.0,1.0,3.196488757883724,False,True,True,True
CJP53,13,52.0,27930.0,27934.0,4.0,0.060429237614236,1.0,4.0,1.0,2.778242316388643,False,True,True,True
CJP53,13,53.0,27934.0,27938.0,4.0,0.49515631621061496,0.0,0.0,0.0,1.4369499142977307,True,False,False,True
CJP53,13,54.0,27938.0,27942.0,4.0,0.0500749986157937,0.0,0.0,0.0,1.0372085108403883,True,False,False,True
CJP53,13,55.0,27942.0,27946.0,4.0,0.0379003721290977,0.0,0.0,0.0,0.9212587222468244,True,False,False,True
CJP53,13,56.0,27946.0,27950.0,4.0,0.0226657491156368,0.0,0.0,0.0,1.105799690320549,True,False,False,True
CJP53,13,57.0,27950.0,27954.0,4.0,0.1590199378266104,0.0439453125,0.17578125,1.0,1.2434798526572084,True,False,False,True
CJP53,13,58.0,27954.0,27958.0,4.0,-0.05079946725370906,1.0,4.0,1.0,1.0220991768186685,True,True,True,True
CJP53,13,59.0,27958.0,27962.0,4.0,-0.0227514032845189,1.0,4.0,2.0,1.2198192535496888,True,True,True,True
CJP53,13,60.0,27962.0,27966.0,4.0,-0.1994751468991202,0.18359375,0.734375,2.0,1.0905683000647064,True,False,False,True
CJP53,13,61.0,27966.0,27970.0,4.0,0.0286059946398857,0.0,0.0,0.0,1.3402550202378676,False,False,False,True
CJP53,13,62.0,27970.0,27974.0,4.0,0.09437763899104173,1.0,4.0,1.0,2.10921428381123,False,True,True,True
CJP53,13,64.0,27978.0,27982.0,4.0,0.2435161959853792,0.376953125,1.5078125,2.0,1.0382187204954532,True,False,False,True
CJP53,13,65.0,27982.0,27986.0,4.0,0.008746345558090549,1.0,4.0,1.0,1.1794890136596674,True,True,True,True
CJP53,13,66.0,27986.0,27990.0,4.0,0.1696045476667067,0.4267578125,1.70703125,1.0,1.1328978394079137,True,False,False,True
CJP53,13,67.0,27990.0,27994.0,4.0,0.0561123931988758,0.0,0.0,0.0,1.7315779317845823,False,False,False,True
CJP53,13,68.0,27994.0,27998.0,4.0,-0.0510708850594025,0.8134765625,3.25390625,1.0,2.170266435702736,False,True,True,True
CJP53,13,69.0,27998.0,28002.0,4.0,-0.0218911162743654,1.0,4.0,1.0,3.096471730132618,False,True,True,True
CJP53,13,70.0,28002.0,28006.0,4.0,0.03668325241712109,1.0,4.0,1.0,15.071545402362176,False,True,True,True
CJP53,13,71.0,28006.0,28010.0,4.0,-0.0424334341111975,1.0,4.0,2.0,2.25750138869558,True,True,True,True
CJP53,13,72.0,28010.0,28014.0,4.0,0.0393447770736565,1.0,4.0,2.0,1.5566510841418038,True,True,True,True
CJP53,13,73.0,28014.0,28018.0,4.0,0.0906070437227728,1.0,4.0,2.0,1.9740301545897496,True,True,True,True
CJP53,13,74.0,28018.0,28022.0,4.0,-0.0967985123268152,1.0,4.0,2.0,1.2879620611887062,True,True,True,True
CJP53,13,75.0,28022.0,28026.0,4.0,-0.1643500546692623,1.0,4.0,2.0,0.9997106856460146,True,True,True,True
CJP53,13,76.0,28026.0,28030.0,4.0,0.1231933583549042,1.0,4.0,2.0,1.5915088792101124,True,True,True,True
CJP53,13,77.0,28030.0,28034.0,4.0,0.1830064526025287,1.0,4.0,2.0,1.625551911977216,True,True,True,True
CJP53,13,78.0,28034.0,28038.0,4.0,-0.0810748630960179,0.4736328125,1.89453125,1.0,1.1740015143178175,True,False,False,True
CJP53,13,79.0,28038.0,28042.0,4.0,-0.0927616908937927,0.0,0.0,0.0,0.9821958897682916,True,False,False,True
CJP53,13,80.0,28042.0,28046.0,4.0,0.0194509565423341,0.0,0.0,0.0,0.9519594596129995,True,False,False,True
CJP53,13,81.0,28046.0,28050.0,4.0,0.16940251048104113,0.513671875,2.0546875,1.0,1.6375018016725509,False,False,False,True
CJP53,13,82.0,28050.0,28054.0,4.0,-0.5721165981539245,1.0,4.0,3.0,1.328077178908122,True,True,True,True
CJP53,13,83.0,28054.0,28058.0,4.0,-0.0547174035688756,1.0,4.0,3.0,1.3041454120110598,True,True,True,True
CJP53,13,84.0,28058.0,28062.0,4.0,0.0059528082141062,1.0,4.0,2.0,1.5761580204218162,True,True,True,True
CJP53,13,85.0,28062.0,28066.0,4.0,0.0309025417606152,1.0,4.0,3.0,2.322884372133545,,True,True,True
CJP53,13,86.0,28066.0,28070.0,4.0,-0.4682945772807513,1.0,4.0,4.0,6.649866802812381,,True,True,True
CJP53,13,87.0,28070.0,28074.0,4.0,-0.1336689937763183,1.0,4.0,4.0,1.8352190845032748,True,True,True,True
CJP53,13,88.0,28074.0,28078.0,4.0,-0.2573803937753668,0.2353515625,0.94140625,1.0,1.2184248516189615,True,False,False,True
CJP53,13,89.0,28078.0,28082.0,4.0,-0.0651400359238476,0.0,0.0,0.0,1.048724981304792,True,False,False,True
CJP53,13,90.0,28082.0,28086.0,4.0,0.0494115522824809,0.0,0.0,0.0,1.0188494097718923,True,False,False,True
CJP53,13,91.0,28086.0,28090.0,4.0,0.0123127109338398,0.0,0.0,0.0,0.9467251431608776,True,False,False,True
CJP53,13,92.0,28090.0,28094.0,4.0,-0.0045161594293334,0.0,0.0,0.0,1.183997202569726,True,False,False,True
CJP53,13,93.0,28094.0,28098.0,4.0,-0.0032390225273756,0.0,0.0,0.0,0.8329011992844106,True,False,False,True
CJP53,13,94.0,28098.0,28102.0,4.0,0.01921759741322,0.0,0.0,0.0,0.9535534743572388,True,False,False,True
CJP53,13,95.0,28102.0,28106.0,4.0,0.0483836809014054,0.0,0.0,0.0,1.0825907350330797,True,False,False,True
CJP53,14,0.0,28142.0,28146.0,4.0,-0.2410732927920574,0.0,0.0,0.0,1.6292425799618484,False,False,False,True
CJP53,14,1.0,28146.0,28150.0,4.0,-0.4662742355466805,0.0,0.0,0.0,1.0830769023413096,True,False,False,True
CJP53,14,2.0,28150.0,28154.0,4.0,0.0447677107572321,0.462890625,1.8515625,4.0,1.9073795439677608,True,False,False,True
CJP53,14,3.0,28154.0,28158.0,4.0,0.08789106029648819,1.0,4.0,4.0,9.730043748936614,,True,True,True
CJP53,14,4.0,28158.0,28162.0,4.0,0.01278203554617965,1.0,4.0,3.0,8.625877978073932,False,True,True,True
CJP53,14,5.0,28162.0,28166.0,4.0,0.2310340698354771,0.4150390625,1.66015625,1.0,1.4553184047493055,True,False,False,True
CJP53,14,6.0,28166.0,28170.0,4.0,-0.0629891826025514,0.0,0.0,0.0,1.1649399730199157,True,False,False,True
CJP53,14,7.0,28170.0,28174.0,4.0,-0.1812158908600402,0.0,0.0,0.0,1.0043192922507287,True,False,False,True
CJP53,14,8.0,28174.0,28178.0,4.0,0.0244866870729236,0.0,0.0,0.0,1.030097733585332,True,False,False,True
CJP53,14,9.0,28178.0,28182.0,4.0,-0.0062813134890554,0.0,0.0,0.0,1.00370055085157,True,False,False,True
CJP53,14,10.0,28182.0,28186.0,4.0,-0.0086936957302824,0.0,0.0,0.0,1.04689794531794,True,False,False,True
CJP53,14,11.0,28186.0,28190.0,4.0,0.2354230628394363,0.0,0.0,0.0,1.1447453250371258,True,False,False,True
CJP53,14,12.0,28190.0,28194.0,4.0,0.15536836817536331,0.0,0.0,0.0,1.1350950431196698,True,False,False,True
CJP53,14,13.0,28194.0,28198.0,4.0,0.0887229972218042,0.484375,1.9375,1.0,1.07743208208187,True,False,False,True
CJP53,14,14.0,28198.0,28202.0,4.0,-0.0577702650260065,0.0,0.0,0.0,1.043314714174847,True,False,False,True
CJP53,14,15.0,28202.0,28206.0,4.0,0.34177488837070774,0.0,0.0,0.0,2.334284565006964,False,False,False,True
CJP53,14,16.0,28206.0,28210.0,4.0,0.1368265276395228,0.1318359375,0.52734375,1.0,1.04820386357451,True,False,False,True
CJP53,14,17.0,28210.0,28214.0,4.0,-0.0365763440842848,1.0,4.0,1.0,0.9783260563218826,True,True,True,True
CJP53,14,18.0,28214.0,28218.0,4.0,0.2846386657037471,0.0,0.0,0.0,3.464771594763325,False,False,False,True
CJP53,14,19.0,28218.0,28222.0,4.0,0.0412634008730173,0.0,0.0,0.0,1.0239169056125972,True,False,False,True
CJP53,14,20.0,28222.0,28226.0,4.0,0.1724670709542811,0.0,0.0,0.0,0.8965130269791951,True,False,False,True
CJP53,14,21.0,28226.0,28230.0,4.0,0.1961724891147575,0.0380859375,0.15234375,1.0,1.028629882707726,True,False,False,True
CJP53,14,22.0,28230.0,28234.0,4.0,-0.1881938442944666,1.0,4.0,1.0,1.0318826978084683,True,True,True,True
CJP53,14,23.0,28234.0,28238.0,4.0,0.114312709642654,0.3369140625,1.34765625,1.0,1.0734398173971167,True,False,False,True
CJP53,14,24.0,28238.0,28242.0,4.0,0.23794950173533805,0.0,0.0,0.0,1.4029935034015235,False,False,False,True
CJP53,14,25.0,28242.0,28246.0,4.0,0.0927296530849147,0.0,0.0,0.0,0.99394971992907,True,False,False,True
CJP53,14,26.0,28246.0,28250.0,4.0,-0.1043095250909961,0.0,0.0,0.0,0.874833489859492,True,False,False,True
CJP53,14,27.0,28250.0,28254.0,4.0,0.1315957433008414,0.0,0.0,0.0,1.0221315285614945,True,False,False,True
CJP53,14,28.0,28254.0,28258.0,4.0,0.1856059846393812,0.0,0.0,0.0,0.8688031070016218,True,False,False,True
CJP53,14,29.0,28258.0,28262.0,4.0,-0.1727466535283822,0.0,0.0,0.0,1.0987809276359384,True,False,False,True
CJP53,14,30.0,28262.0,28266.0,4.0,0.3983839005011378,0.0,0.0,0.0,1.6365500355665537,False,False,False,True
CJP53,14,31.0,28266.0,28270.0,4.0,-0.1154344321474825,0.0,0.0,0.0,1.6914064348737727,False,False,False,True
CJP53,14,32.0,28270.0,28274.0,4.0,0.31477994197122344,0.478515625,1.9140625,1.0,1.5948638796906562,False,False,False,True
CJP53,14,33.0,28274.0,28278.0,4.0,-0.2520270532043374,1.0,4.0,1.0,1.0320305356616917,True,True,True,True
CJP53,14,34.0,28278.0,28282.0,4.0,0.0608579930866024,0.927734375,3.7109375,2.0,1.1995902484928365,True,True,True,True
CJP53,14,35.0,28282.0,28286.0,4.0,0.3185223666907618,0.0,0.0,0.0,1.1743807570434668,True,False,False,True
CJP53,14,36.0,28286.0,28290.0,4.0,0.2309785676454229,0.9423828125,3.76953125,1.0,2.006260991702652,False,True,True,True
CJP53,14,37.0,28290.0,28294.0,4.0,0.4977259868850699,0.947265625,3.7890625,2.0,2.110911956521736,False,True,True,True
CJP53,14,38.0,28294.0,28298.0,4.0,0.2107083673332967,0.0,0.0,0.0,1.0411956323094895,True,False,False,True
CJP53,14,39.0,28298.0,28302.0,4.0,-0.175243483189178,0.0,0.0,0.0,1.0584520210224384,True,False,False,True
CJP53,14,40.0,28302.0,28306.0,4.0,0.2054714071942748,0.0,0.0,0.0,0.8585236417924631,True,False,False,True
CJP53,14,42.0,28310.0,28314.0,4.0,0.029966842424805254,1.0,4.0,1.0,5.111914381149854,False,True,True,True
CJP53,14,43.0,28314.0,28318.0,4.0,0.1882465505807795,0.7685546875,3.07421875,1.0,1.5880864411356526,True,True,True,True
CJP53,14,44.0,28318.0,28322.0,4.0,0.038912294104493,0.0,0.0,0.0,1.1013799036233871,True,False,False,True
CJP53,14,45.0,28322.0,28326.0,4.0,0.2433882294057478,0.0,0.0,0.0,1.1190942863308633,True,False,False,True
CJP53,14,46.0,28326.0,28330.0,4.0,-0.1355429428251373,0.2353515625,0.94140625,1.0,1.0551388515829725,True,False,False,True
CJP53,14,47.0,28330.0,28334.0,4.0,-0.363162537773298,1.0,4.0,1.0,2.697573764208318,,True,True,True
CJP53,14,48.0,28334.0,28338.0,4.0,0.1953823230139076,0.2744140625,1.09765625,2.0,1.2007742922352589,True,False,False,True
CJP53,14,49.0,28338.0,28342.0,4.0,-0.1948321702859211,1.0,4.0,1.0,1.177557177662817,True,True,True,True
CJP53,14,50.0,28342.0,28346.0,4.0,0.0008873116334374,1.0,4.0,2.0,1.4716130421450149,True,True,True,True
CJP53,14,51.0,28346.0,28350.0,4.0,0.1857036498133875,1.0,4.0,3.0,1.335004145065141,True,True,True,True
CJP53,14,52.0,28350.0,28354.0,4.0,0.2445741097482162,1.0,4.0,2.0,1.6204630155272628,False,True,True,True
CJP53,14,53.0,28354.0,28358.0,4.0,-0.16662695904617414,0.6396484375,2.55859375,1.0,1.6340713646583678,True,False,False,True
CJP53,14,54.0,28358.0,28362.0,4.0,0.32038170469706756,1.0,4.0,1.0,1.764324478154128,False,True,True,True
CJP53,14,55.0,28362.0,28366.0,4.0,0.13342058422983466,1.0,4.0,2.0,2.9445001970981286,False,True,True,True
CJP53,14,56.0,28366.0,28370.0,4.0,0.2542431441804797,0.0,0.0,0.0,1.4254445680913825,False,False,False,True
CJP53,14,57.0,28370.0,28374.0,4.0,-0.1963693044380142,0.4521484375,1.80859375,1.0,1.03473213220648,True,False,False,True
CJP53,14,58.0,28374.0,28378.0,4.0,-0.0101294204469233,1.0,4.0,1.0,0.9757204602098472,True,True,True,True
CJP53,14,59.0,28378.0,28382.0,4.0,-0.0792217594381645,0.8427734375,3.37109375,1.0,1.0001128165258677,True,True,True,True
CJP53,14,60.0,28382.0,28386.0,4.0,0.0198927670882412,0.0,0.0,0.0,1.1510507187013463,True,False,False,True
CJP53,14,61.0,28386.0,28390.0,4.0,0.2145760375293416,0.0,0.0,0.0,1.0475553542983305,True,False,False,True
CJP53,14,63.0,28394.0,28398.0,4.0,0.1506398155423003,0.0,0.0,0.0,1.3932958712173205,False,False,False,True
CJP53,14,64.0,28398.0,28402.0,4.0,0.2651293913686828,0.0,0.0,0.0,1.1233018387305191,True,False,False,True
CJP53,14,65.0,28402.0,28406.0,4.0,0.3343337227148806,0.0,0.0,0.0,1.0045770833213952,True,False,False,True
CJP53,14,66.0,28406.0,28410.0,4.0,-0.0306649771511425,0.0,0.0,0.0,1.017198247575777,True,False,False,True
CJP53,14,67.0,28410.0,28414.0,4.0,0.0310709542010329,0.0,0.0,0.0,1.0059469084664656,True,False,False,True
CJP53,14,68.0,28414.0,28418.0,4.0,-0.0548449296353272,0.0,0.0,0.0,1.0388421876459817,True,False,False,True
CJP53,14,69.0,28418.0,28422.0,4.0,-0.2777241951659053,0.015625,0.0625,1.0,1.0002718735801923,True,False,False,True
CJP53,14,70.0,28422.0,28426.0,4.0,0.023703167405986103,0.0,0.0,0.0,1.0959443826881903,True,False,False,True
CJP53,14,71.0,28426.0,28430.0,4.0,-0.1430883481135643,0.0,0.0,0.0,1.0723056430382636,True,False,False,True
CJP53,14,72.0,28430.0,28434.0,4.0,-0.0860950984779602,0.0,0.0,0.0,1.1565459971780871,True,False,False,True
CJP53,14,73.0,28434.0,28438.0,4.0,-0.248149082846364,0.0,0.0,0.0,1.0481896249019511,True,False,False,True
CJP53,14,74.0,28438.0,28442.0,4.0,0.0146369480440248,0.0,0.0,0.0,1.0539630839894851,True,False,False,True
CJP53,14,75.0,28442.0,28446.0,4.0,-0.1663787168494493,0.0,0.0,0.0,1.6991099426857277,False,False,False,True
CJP53,14,76.0,28446.0,28450.0,4.0,-0.4411940502750651,0.0,0.0,0.0,1.5427299808566008,False,False,False,True
CJP53,14,77.0,28450.0,28454.0,4.0,0.0429764432831951,0.18359375,0.734375,1.0,1.047210380450765,True,False,False,True
CJP53,14,78.0,28454.0,28458.0,4.0,-0.0226644185012052,1.0,4.0,1.0,1.010113528449773,True,True,True,True
CJP53,14,79.0,28458.0,28462.0,4.0,-0.1211953091044533,0.2490234375,0.99609375,1.0,1.0658423967325348,True,False,False,True
CJP53,14,80.0,28462.0,28466.0,4.0,0.1406462407425006,0.0,0.0,0.0,1.0442769340231526,True,False,False,True
CJP53,14,81.0,28466.0,28470.0,4.0,-0.0065046481115356,0.0,0.0,0.0,1.0352775227555198,True,False,False,True
CJP53,14,82.0,28470.0,28474.0,4.0,-0.1093343387256306,0.0,0.0,0.0,1.0731680451633416,True,False,False,True
CJP53,14,83.0,28474.0,28478.0,4.0,-0.2159302413014755,0.0,0.0,0.0,1.0713376455307335,True,False,False,True
CJP53,14,84.0,28478.0,28482.0,4.0,-0.1514855949796839,0.0,0.0,0.0,1.305562211843809,True,False,False,True
CJP53,14,85.0,28482.0,28486.0,4.0,0.2856681992478508,0.0,0.0,0.0,1.3215073327381968,True,False,False,True
CJP53,14,86.0,28486.0,28490.0,4.0,0.610533485316065,0.0,0.0,0.0,1.700821011096612,False,False,False,True
CJP53,14,87.0,28490.0,28494.0,4.0,-0.0171607213286548,0.0,0.0,0.0,1.0402444913418534,True,False,False,True
CJP53,14,88.0,28494.0,28498.0,4.0,-0.1520043433166355,0.0,0.0,0.0,1.0064764342676975,True,False,False,True
CJP53,14,89.0,28498.0,28502.0,4.0,-0.0156554664948868,0.0,0.0,0.0,0.991215894227004,True,False,False,True
CJP53,14,90.0,28502.0,28506.0,4.0,-0.0732195940047085,0.0,0.0,0.0,0.9967912414914925,True,False,False,True
CJP53,14,91.0,28506.0,28510.0,4.0,0.0451920035960044,0.0,0.0,0.0,1.0848791121036934,True,False,False,True
CJP53,14,92.0,28510.0,28514.0,4.0,0.0576422836016082,0.0,0.0,0.0,1.1826692084591128,True,False,False,True
CJP53,14,93.0,28514.0,28518.0,4.0,0.2207506311755368,0.3916015625,1.56640625,1.0,1.0664142886507582,True,False,False,True
CJP53,14,94.0,28518.0,28522.0,4.0,0.2974501215194109,0.3623046875,1.44921875,1.0,0.950896770235892,True,False,False,True
CJP53,14,95.0,28522.0,28526.0,4.0,-0.0788615509364735,0.0,0.0,0.0,1.064975189716733,True,False,False,True
CJP53,14,96.0,28526.0,28530.0,4.0,-0.3044008619527913,0.0,0.0,0.0,1.0605141422420843,True,False,False,True
CJP53,14,97.0,28530.0,28534.0,4.0,-0.054549436615986,0.0,0.0,0.0,1.1139197880080394,True,False,False,True
CJP53,14,98.0,28534.0,28538.0,4.0,0.2190084299850982,0.0,0.0,0.0,1.3188315710506195,False,False,False,True
CJP53,14,99.0,28538.0,28542.0,4.0,-0.2216685471849173,0.4736328125,1.89453125,1.0,1.5229222383730567,True,False,False,True
CJP53,14,100.0,28542.0,28546.0,4.0,0.1564952017994909,0.0,0.0,0.0,1.138127202969285,True,False,False,True
CJP53,14,101.0,28546.0,28550.0,4.0,-0.0792955023972117,0.0,0.0,0.0,1.118572369736756,True,False,False,True
CJP53,14,102.0,28550.0,28554.0,4.0,-0.0063409700409386,0.0,0.0,0.0,1.1423535298846714,True,False,False,True
CJP53,14,103.0,28554.0,28558.0,4.0,0.122372039195297,0.0,0.0,0.0,1.1021966422846543,True,False,False,True
CJP53,14,104.0,28558.0,28562.0,4.0,0.0038601115787399,0.0,0.0,0.0,1.0478944056569544,True,False,False,True
CJP53,14,105.0,28562.0,28566.0,4.0,-0.05754469813723785,0.447265625,1.7890625,1.0,1.0149518394427621,True,False,False,True
CJP53,14,106.0,28566.0,28570.0,4.0,0.126529530179511,0.0,0.0,0.0,1.369693945969514,True,False,False,True
CJP53,14,107.0,28570.0,28574.0,4.0,0.028438901378491,0.0,0.0,0.0,0.9974838236067888,True,False,False,True
CJP53,14,108.0,28574.0,28578.0,4.0,-0.028241235073815,0.0,0.0,0.0,1.0118491226739612,True,False,False,True
CJP53,14,109.0,28578.0,28582.0,4.0,0.0375104034978203,0.0,0.0,0.0,1.05208041287589,True,False,False,True
CJP53,14,110.0,28582.0,28586.0,4.0,0.0299892707588795,0.0,0.0,0.0,1.1101327463063402,True,False,False,True
CP155,0,0.0,9272.0,9276.0,4.0,0.1199247168668984,0.0,0.0,0.0,1.8383413051692896,False,False,False,True
CP155,0,1.0,9276.0,9280.0,4.0,-0.138461264416441,0.0,0.0,0.0,1.3065263821812103,False,False,False,True
CP155,0,4.0,9288.0,9292.0,4.0,0.1207921833164474,0.0,0.0,0.0,4.793255179634637,False,False,False,True
CP155,0,5.0,9292.0,9296.0,4.0,0.2230884625759561,0.0,0.0,0.0,4.093717359073076,False,False,False,True
CP155,1,2.0,9340.0,9344.0,4.0,-0.0396214264835908,1.0,4.0,1.0,5.343979425739704,,True,True,True
CP155,1,3.0,9344.0,9348.0,4.0,0.0821891121540542,1.0,4.0,1.0,9.625483802764895,,True,True,True
CP155,1,4.0,9348.0,9352.0,4.0,0.164568105976605,1.0,4.0,1.0,1.4782918564858096,False,True,True,True
CP155,1,5.0,9352.0,9356.0,4.0,-0.0864439923643898,1.0,4.0,1.0,1.113197220926765,True,True,True,True
CP155,1,6.0,9356.0,9360.0,4.0,0.1672478065126357,1.0,4.0,1.0,13.07568222833219,,True,True,True
CP155,1,7.0,9360.0,9364.0,4.0,-0.2229685006197004,1.0,4.0,1.0,10.970767019310497,,True,True,True
CP155,1,8.0,9364.0,9368.0,4.0,0.0320914911701779,1.0,4.0,1.0,13.101447999596491,,True,True,True
CP155,1,9.0,9368.0,9372.0,4.0,0.143958637468868,1.0,4.0,3.0,4.839342741170089,False,True,True,True
CP155,1,10.0,9372.0,9376.0,4.0,0.0355249902472014,1.0,4.0,1.0,8.841637433843534,,True,True,True
CP155,1,11.0,9376.0,9380.0,4.0,0.1267547590350695,1.0,4.0,1.0,1.0012422578448736,True,True,True,True
CP155,1,12.0,9380.0,9384.0,4.0,-0.0819281074038122,1.0,4.0,1.0,7.390670927460959,,True,True,True
CP155,1,13.0,9384.0,9388.0,4.0,0.0245762115267195,1.0,4.0,1.0,3.0124395558315125,,True,True,True
CP155,1,14.0,9388.0,9392.0,4.0,-0.1093210227880251,1.0,4.0,1.0,2.83447845553243,,True,True,True
CP155,1,15.0,9392.0,9396.0,4.0,-0.1533431355664118,1.0,4.0,3.0,1.0604403828236604,True,True,True,True
CP155,1,16.0,9396.0,9400.0,4.0,-0.0828748545749439,1.0,4.0,3.0,6.95340480874399,False,True,True,True
CP155,1,17.0,9400.0,9404.0,4.0,-0.07394865004172171,1.0,4.0,2.0,5.8314520463234505,False,True,True,True
CP155,1,18.0,9404.0,9408.0,4.0,-0.1239899318374688,1.0,4.0,1.0,3.2917781988185544,,True,True,True
CP155,1,19.0,9408.0,9412.0,4.0,0.0846954095990873,1.0,4.0,1.0,1.7641881725160369,False,True,True,True
CP155,1,20.0,9412.0,9416.0,4.0,0.3899170945382201,1.0,4.0,1.0,9.880792309623642,,True,True,True
CP155,1,21.0,9416.0,9420.0,4.0,-0.1523916342259239,1.0,4.0,1.0,1.4345801498704789,False,True,True,True
CP155,1,22.0,9420.0,9424.0,4.0,0.06723639557723399,1.0,4.0,1.0,2.4600331213993822,False,True,True,True
CP155,1,23.0,9424.0,9428.0,4.0,0.1200310208961045,0.0,0.0,0.0,0.9767655360163454,True,False,False,True
CP155,1,24.0,9428.0,9432.0,4.0,-0.0450608538646164,0.0,0.0,0.0,1.1082844734102475,True,False,False,True
CP155,1,25.0,9432.0,9436.0,4.0,-0.029568850056262,0.0,0.0,0.0,1.1938719277000485,True,False,False,True
CP155,1,26.0,9436.0,9440.0,4.0,0.3320905390422959,0.0,0.0,0.0,1.4064504792756212,False,False,False,True
CP155,1,27.0,9440.0,9444.0,4.0,-0.0069667348245073,0.0,0.0,0.0,0.961050057309541,True,False,False,True
CP155,1,28.0,9444.0,9448.0,4.0,0.17470261159914385,0.0,0.0,0.0,0.9473144096083066,True,False,False,True
CP155,1,31.0,9456.0,9460.0,4.0,-0.0386876128895184,0.0,0.0,0.0,1.0075502448941125,True,False,False,True
CP155,1,33.0,9464.0,9468.0,4.0,0.0485431480969326,0.859375,3.4375,3.0,1.3968389511769057,False,True,True,True
CP155,1,34.0,9468.0,9472.0,4.0,0.30145806741062864,1.0,4.0,4.0,4.38891761588698,,True,True,True
CP155,1,35.0,9472.0,9476.0,4.0,0.136332084683604,1.0,4.0,3.0,1.6739750612883206,True,True,True,True
CP155,2,0.0,9512.0,9516.0,4.0,-0.028092096897836948,0.0,0.0,0.0,5.434946443703898,False,False,False,True
CP155,2,1.0,9516.0,9520.0,4.0,-0.166935974433132,0.0,0.0,0.0,3.0141970305485044,False,False,False,True
CP155,2,2.0,9520.0,9524.0,4.0,-0.034886133829441,0.0,0.0,0.0,7.234353205993069,False,False,False,True
CP155,2,3.0,9524.0,9528.0,4.0,0.2874981836168361,0.0,0.0,0.0,1.6326856909672818,False,False,False,True
CP155,2,4.0,9528.0,9532.0,4.0,-0.2459988900323768,0.0,0.0,0.0,8.809142945829867,False,False,False,True
CP155,2,5.0,9532.0,9536.0,4.0,0.067150907768355,0.0,0.0,0.0,6.079361706994988,False,False,False,True
CP155,2,6.0,9536.0,9540.0,4.0,-0.196485904699015,0.0,0.0,0.0,2.352344320151152,False,False,False,True
CP155,2,10.0,9552.0,9556.0,4.0,0.029398737387042254,0.0,0.0,0.0,1.5690778948589101,False,False,False,True
CP155,2,11.0,9556.0,9560.0,4.0,-0.0972427045090554,0.0,0.0,0.0,2.169420545813173,True,False,False,True
CP155,2,12.0,9560.0,9564.0,4.0,0.1446634955546528,0.0,0.0,0.0,2.554609284823837,False,False,False,True
CP155,2,13.0,9564.0,9568.0,4.0,0.4587953020633983,0.0,0.0,0.0,1.8453805540952604,False,False,False,True
CP155,2,15.0,9572.0,9576.0,4.0,0.42862501688239785,0.0,0.0,0.0,1.4430981519454618,False,False,False,True
CP155,2,18.0,9584.0,9588.0,4.0,0.2178773946559352,0.0,0.0,0.0,1.6212309829864546,False,False,False,True
CP155,2,19.0,9588.0,9592.0,4.0,-0.7787309218923582,0.0,0.0,0.0,4.497287455578201,False,False,False,True
CP155,2,20.0,9592.0,9596.0,4.0,0.4095828654195826,0.0,0.0,0.0,3.3428713088660826,False,False,False,True
CP155,2,21.0,9596.0,9600.0,4.0,-0.0610672616039232,0.0,0.0,0.0,1.56382077615589,False,False,False,True
CP155,2,23.0,9604.0,9608.0,4.0,0.4152021457599752,0.0,0.0,0.0,6.026659256139588,False,False,False,True
CP155,2,24.0,9608.0,9612.0,4.0,-0.5493898035284852,0.0,0.0,0.0,2.3923851428562464,False,False,False,True
CP155,2,26.0,9616.0,9620.0,4.0,-0.1763893659585771,0.0,0.0,0.0,0.5975895925526246,True,False,False,True
CP155,2,27.0,9620.0,9624.0,4.0,-0.2916776644789854,0.0,0.0,0.0,0.7823683349001371,True,False,False,True
CP155,2,28.0,9624.0,9628.0,4.0,0.0556092648121696,0.0,0.0,0.0,1.0042494455458473,True,False,False,True
CP155,2,30.0,9632.0,9636.0,4.0,-0.1235216769598354,0.0,0.0,0.0,0.8079483114523105,True,False,False,True
CP155,2,31.0,9636.0,9640.0,4.0,0.1286275918427452,0.0,0.0,0.0,2.2892846951808714,False,False,False,True
CP155,2,32.0,9640.0,9644.0,4.0,-0.173618721203936,0.0,0.0,0.0,0.8711545687140883,True,False,False,True
CP155,2,33.0,9644.0,9648.0,4.0,-0.0929147134391288,0.0,0.0,0.0,7.178402982552094,False,False,False,True
CP155,2,34.0,9648.0,9652.0,4.0,0.1327103219438324,0.0,0.0,0.0,1.9903241308049853,False,False,False,True
CP155,2,35.0,9652.0,9656.0,4.0,0.5411127421503106,0.0,0.0,0.0,2.087335549655664,False,False,False,True
CP155,3,0.0,9692.0,9696.0,4.0,0.0424199068984241,0.0,0.0,0.0,0.9335747424015592,True,False,False,True
CP155,3,1.0,9696.0,9700.0,4.0,-0.0072914026713768,0.0,0.0,0.0,1.148448012699815,True,False,False,True
CP155,3,2.0,9700.0,9704.0,4.0,0.3041599513465882,0.0,0.0,0.0,3.305953602941072,False,False,False,True
CP155,3,3.0,9704.0,9708.0,4.0,0.0409758713257683,0.0,0.0,0.0,1.8824910782559323,False,False,False,True
CP155,3,4.0,9708.0,9712.0,4.0,-0.0078993583395654,0.0,0.0,0.0,4.056114402137705,False,False,False,True
CP155,3,5.0,9712.0,9716.0,4.0,-0.0115728022302297,0.845703125,3.3828125,1.0,0.9929813162301316,True,True,True,True
CP155,3,6.0,9716.0,9720.0,4.0,-0.0007791247214227054,0.37890625,1.515625,1.0,3.1981065444027412,False,False,False,True
CP155,3,7.0,9720.0,9724.0,4.0,-0.1455826559980545,0.0,0.0,0.0,3.7656501586876954,False,False,False,True
CP155,3,8.0,9724.0,9728.0,4.0,-0.1484319969050678,0.0,0.0,0.0,2.0256098377583407,False,False,False,True
CP155,3,9.0,9728.0,9732.0,4.0,0.1000366233845715,1.0,4.0,2.0,2.921991373686416,False,True,True,True
CP155,3,10.0,9732.0,9736.0,4.0,0.2219620551956569,0.2509765625,1.00390625,2.0,0.8608456230074084,True,False,False,True
CP155,3,12.0,9740.0,9744.0,4.0,-0.21232555833288486,1.0,4.0,1.0,5.5797946620935885,False,True,True,True
CP155,3,13.0,9744.0,9748.0,4.0,0.1271649727033221,0.0537109375,0.21484375,1.0,1.1633697270269217,True,False,False,True
CP155,3,14.0,9748.0,9752.0,4.0,0.0155926479325472,0.0,0.0,0.0,0.9803186190935536,True,False,False,True
CP155,3,15.0,9752.0,9756.0,4.0,0.0650460574369449,0.0,0.0,0.0,0.8486673583192565,True,False,False,True
CP155,3,16.0,9756.0,9760.0,4.0,-0.0160717001165019,0.0,0.0,0.0,0.8399437797597975,True,False,False,True
CP155,3,17.0,9760.0,9764.0,4.0,0.4864747637092645,0.0,0.0,0.0,2.667099840066869,False,False,False,True
CP155,3,20.0,9772.0,9776.0,4.0,0.0613197012094515,0.0,0.0,0.0,0.8118493926116669,True,False,False,True
CP155,3,21.0,9776.0,9780.0,4.0,-0.0348254939927208,0.0,0.0,0.0,1.0061666579828803,True,False,False,True
CP155,3,23.0,9784.0,9788.0,4.0,0.21951475171331278,0.3212890625,1.28515625,2.0,4.597318175654241,False,False,False,True
CP155,3,24.0,9788.0,9792.0,4.0,0.1517518826628973,0.0,0.0,0.0,2.045272507358074,False,False,False,True
CP155,3,25.0,9792.0,9796.0,4.0,0.5445902944508069,0.0,0.0,0.0,3.895464508952092,False,False,False,True
CP155,3,26.0,9796.0,9800.0,4.0,0.42711760271022564,0.0,0.0,0.0,3.4022001660709593,False,False,False,True
CP155,3,27.0,9800.0,9804.0,4.0,-0.0698313833268036,0.0,0.0,0.0,1.990266468056957,False,False,False,True
CP155,3,28.0,9804.0,9808.0,4.0,0.1421145637849274,0.0,0.0,0.0,1.5003921185634577,True,False,False,True
CP155,3,29.0,9808.0,9812.0,4.0,0.0802352317426281,0.0,0.0,0.0,1.6278287099158384,False,False,False,True
CP155,3,30.0,9812.0,9816.0,4.0,0.1409281142267813,0.0,0.0,0.0,1.9614860634894675,False,False,False,True
CP155,3,31.0,9816.0,9820.0,4.0,0.2253630124652321,0.0,0.0,0.0,0.9403648873609473,True,False,False,True
CP155,4,0.0,9872.0,9876.0,4.0,0.1403782429189982,1.0,4.0,5.0,27.542627071266537,,True,True,True
CP155,4,1.0,9876.0,9880.0,4.0,-0.0241750820061194,1.0,4.0,5.0,28.190513708880104,,True,True,True
CP155,4,2.0,9880.0,9884.0,4.0,0.14348643178665504,1.0,4.0,4.0,29.13348950621196,,True,True,True
CP155,4,3.0,9884.0,9888.0,4.0,0.07338451437854455,1.0,4.0,4.0,2.605423709232515,False,True,True,True
CP155,4,4.0,9888.0,9892.0,4.0,-0.2371863371251505,1.0,4.0,2.0,1.9788956834162374,False,True,True,True
CP155,4,5.0,9892.0,9896.0,4.0,0.1005893857454196,1.0,4.0,2.0,1.566946892018546,True,True,True,True
CP155,5,0.0,10232.0,10236.0,4.0,0.016166777980833352,0.0,0.0,0.0,1.7562944610439788,False,False,False,True
CP155,5,1.0,10236.0,10240.0,4.0,0.1194102153381684,0.0,0.0,0.0,1.625484424876304,False,False,False,True
CP155,5,2.0,10240.0,10244.0,4.0,-0.08333734682151275,0.0,0.0,0.0,1.8708539478113657,False,False,False,True
CP155,5,3.0,10244.0,10248.0,4.0,0.0850001553173578,0.0,0.0,0.0,1.6716022018341596,False,False,False,True
CP155,5,4.0,10248.0,10252.0,4.0,0.077468989308804,0.0,0.0,0.0,1.7377454395616216,False,False,False,True
CP155,6,0.0,10322.0,10326.0,4.0,-0.1624137844627896,0.0,0.0,0.0,1.4391610116250169,False,False,False,True
CP155,6,1.0,10326.0,10330.0,4.0,-0.15360658682044845,0.0,0.0,0.0,1.491216966112739,False,False,False,True
CP155,6,2.0,10330.0,10334.0,4.0,-0.0094141075005607,0.0,0.0,0.0,1.8034996367798288,False,False,False,True
CP155,6,3.0,10334.0,10338.0,4.0,-0.1845459335678178,0.0,0.0,0.0,1.649196025475354,False,False,False,True
CP155,6,4.0,10338.0,10342.0,4.0,-0.2021420634642442,0.0,0.0,0.0,0.8745005747436605,True,False,False,True
CP155,6,5.0,10342.0,10346.0,4.0,0.1506778259463561,0.0,0.0,0.0,1.3673192424099203,False,False,False,True
CP155,7,4.0,21858.0,21862.0,4.0,-0.0320376454215205,0.0,0.0,0.0,1.623585280369879,False,False,False,True
CP155,8,1.0,21936.0,21940.0,4.0,0.1213306601992735,0.0,0.0,0.0,0.678393385815625,True,False,False,True
CP155,8,3.0,21944.0,21948.0,4.0,0.0131919924101746,0.0,0.0,0.0,2.01119953296941,False,False,False,True
CP155,8,6.0,21956.0,21960.0,4.0,-0.1505097066637019,0.0,0.0,0.0,1.3624784128444452,False,False,False,True
CP155,8,7.0,21960.0,21964.0,4.0,0.129975174045716,0.0,0.0,0.0,2.7181412241323666,False,False,False,True
CP155,8,8.0,21964.0,21968.0,4.0,0.1645256444418144,0.0,0.0,0.0,1.4300269728232555,False,False,False,True
CP155,8,12.0,21980.0,21984.0,4.0,-0.0636284231845575,0.0,0.0,0.0,0.2744485608275372,True,False,False,True
CP155,9,0.0,22022.0,22026.0,4.0,0.1601795978377744,0.0,0.0,0.0,0.8291984366394081,True,False,False,True
CP155,9,2.0,22030.0,22034.0,4.0,0.0618203914917551,0.0,0.0,0.0,0.4140567143202301,True,False,False,True
CP155,9,3.0,22034.0,22038.0,4.0,-0.0678789596655179,0.0,0.0,0.0,0.3947385615039002,True,False,False,True
CP155,9,4.0,22038.0,22042.0,4.0,0.1202021153330759,0.0,0.0,0.0,0.4078385683108495,True,False,False,True
CP155,9,9.0,22058.0,22062.0,4.0,-0.0742053855892864,0.0,0.0,0.0,0.4393167700734192,True,False,False,True
CP155,9,10.0,22062.0,22066.0,4.0,-0.0900112019761498,0.0,0.0,0.0,0.7361756271597902,True,False,False,True
CP155,9,11.0,22066.0,22070.0,4.0,0.0095076358884578,0.0,0.0,0.0,0.4472212667171749,True,False,False,True
CP155,9,12.0,22070.0,22074.0,4.0,-0.055308963315983,0.0,0.0,0.0,0.3046746335394256,True,False,False,True
CP155,9,13.0,22074.0,22078.0,4.0,0.1251291232076792,0.0,0.0,0.0,0.3809766366236062,True,False,False,True
CP155,10,0.0,22112.0,22116.0,4.0,0.0841600087533477,0.0,0.0,0.0,2.2593857216545765,False,False,False,True
CP155,10,1.0,22116.0,22120.0,4.0,-0.1895834820619801,0.0,0.0,0.0,4.125872754164902,False,False,False,True
CP155,10,2.0,22120.0,22124.0,4.0,0.3299835239148947,0.0,0.0,0.0,0.9528832364061248,True,False,False,True
CP155,10,3.0,22124.0,22128.0,4.0,-0.2318743986753231,0.0,0.0,0.0,1.548970549901178,False,False,False,True
CP155,10,4.0,22128.0,22132.0,4.0,0.0681718443579701,0.0,0.0,0.0,0.9028679898151182,True,False,False,True
CP155,11,0.0,22172.0,22176.0,4.0,0.0073220834834101,0.0,0.0,0.0,3.7754784764542815,True,False,False,True
CP155,11,1.0,22176.0,22180.0,4.0,0.3004872102650854,0.0,0.0,0.0,2.6996799132041867,True,False,False,True
CP155,11,2.0,22180.0,22184.0,4.0,0.0699836454205818,0.365234375,1.4609375,1.0,3.1546887041027847,False,False,False,True
CP155,11,3.0,22184.0,22188.0,4.0,0.3237420144115268,1.0,4.0,1.0,2.695496984363331,False,True,True,True
CP155,11,4.0,22188.0,22192.0,4.0,0.0305239406974074,1.0,4.0,1.0,2.340217283896878,False,True,True,True
CP155,11,5.0,22192.0,22196.0,4.0,-0.127193338418508,1.0,4.0,1.0,2.1373610231880917,False,True,True,True
CP155,11,6.0,22196.0,22200.0,4.0,-0.1986319134916422,0.349609375,1.3984375,1.0,2.1096194067673464,True,False,False,True
CP155,11,7.0,22200.0,22204.0,4.0,0.4113894751357199,0.0,0.0,0.0,1.5760999081049962,False,False,False,True
CP155,11,8.0,22204.0,22208.0,4.0,0.0547580985215035,0.0,0.0,0.0,4.307459879915053,False,False,False,True
CP155,11,9.0,22208.0,22212.0,4.0,0.031854766980249555,0.0,0.0,0.0,2.894993527612793,False,False,False,True
CP155,11,10.0,22212.0,22216.0,4.0,0.0905393791144303,0.0,0.0,0.0,0.9894611772837484,True,False,False,True
CP155,11,11.0,22216.0,22220.0,4.0,0.0577647301747245,0.0,0.0,0.0,0.9151688107752816,True,False,False,True
CP155,11,12.0,22220.0,22224.0,4.0,-0.2146024428178042,0.0,0.0,0.0,1.4647676810310717,False,False,False,True
CP155,11,13.0,22224.0,22228.0,4.0,0.5254177992231194,0.0,0.0,0.0,2.9833917124230087,False,False,False,True
CP155,12,0.0,22262.0,22266.0,4.0,0.19368504761255975,0.0,0.0,0.0,3.2739027390617093,False,False,False,True
CP155,12,1.0,22266.0,22270.0,4.0,0.19552524826498352,0.0,0.0,0.0,3.2253315725889307,False,False,False,True
CP155,12,2.0,22270.0,22274.0,4.0,0.196302931479255,0.0,0.0,0.0,4.767849160040134,False,False,False,True
CP155,12,3.0,22274.0,22278.0,4.0,0.1530810469319108,0.0,0.0,0.0,2.6986587049373445,False,False,False,True
CP155,12,4.0,22278.0,22282.0,4.0,0.0226532520766974,0.0,0.0,0.0,3.9482025788255006,False,False,False,True
CP155,12,5.0,22282.0,22286.0,4.0,-0.1030452454032824,0.0,0.0,0.0,2.2148786917370846,False,False,False,True
CP155,12,7.0,22290.0,22294.0,4.0,-0.0808885098350926,0.3017578125,1.20703125,4.0,1.1092391981168137,True,False,False,True
CP155,12,8.0,22294.0,22298.0,4.0,0.011601777866036202,1.0,4.0,4.0,6.817585968426712,,True,True,True
CP155,12,9.0,22298.0,22302.0,4.0,-0.0357080909553903,0.0,0.0,0.0,2.4049514229175744,False,False,False,True
CP155,12,13.0,22314.0,22318.0,4.0,0.32578689899833047,0.0,0.0,0.0,1.5270115304771044,False,False,False,True
CP155,13,0.0,22352.0,22356.0,4.0,0.1087084348928597,0.0,0.0,0.0,1.6580991855810296,True,False,False,True
CP155,13,1.0,22356.0,22360.0,4.0,0.3521166543137768,0.0,0.0,0.0,2.622647795857274,False,False,False,True
CP155,13,2.0,22360.0,22364.0,4.0,-0.10568662875854785,0.0,0.0,0.0,4.503669502772955,False,False,False,True
CP155,13,3.0,22364.0,22368.0,4.0,0.0660396181928328,0.0,0.0,0.0,1.0406284658164418,True,False,False,True
CP155,13,4.0,22368.0,22372.0,4.0,-0.1438732842664817,0.0,0.0,0.0,1.9894374310095009,False,False,False,True
CP155,13,5.0,22372.0,22376.0,4.0,-0.0296158047658294,0.0,0.0,0.0,0.9791796542040848,True,False,False,True
CP155,14,1.0,22446.0,22450.0,4.0,-0.1411743736910327,0.0,0.0,0.0,1.7437347421328029,False,False,False,True
CP155,14,4.0,22458.0,22462.0,4.0,0.0696710018292535,0.0,0.0,0.0,0.9964980566422644,True,False,False,True
CP155,14,5.0,22462.0,22466.0,4.0,-0.2626882061575964,0.0,0.0,0.0,0.8758258803865114,True,False,False,True
CP155,15,0.0,22502.0,22506.0,4.0,-0.0406049450985107,1.0,4.0,3.0,3.0105804541902,False,True,True,True
CP155,15,1.0,22506.0,22510.0,4.0,-0.08291688808766749,1.0,4.0,4.0,22.50844214380745,,True,True,True
CP155,15,2.0,22510.0,22514.0,4.0,0.270031994302076,1.0,4.0,4.0,24.36031295815881,False,True,True,True
CP155,15,3.0,22514.0,22518.0,4.0,-0.0427326159423056,1.0,4.0,4.0,19.41841524365831,,True,True,True
CP155,15,4.0,22518.0,22522.0,4.0,0.0336248374327845,1.0,4.0,3.0,3.1677111973288268,,True,True,True
CP155,15,5.0,22522.0,22526.0,4.0,-0.13547840047192317,0.0,0.0,0.0,2.1433606938582668,False,False,False,True
CP155,15,6.0,22526.0,22530.0,4.0,-0.06567395946646554,0.0,0.0,0.0,2.5405734151600092,False,False,False,True
CP155,15,7.0,22530.0,22534.0,4.0,0.051581468950925705,0.0,0.0,0.0,2.006836708230143,False,False,False,True
CP155,15,8.0,22534.0,22538.0,4.0,0.3531393836130231,0.0,0.0,0.0,1.3652673907862367,True,False,False,True
CP155,15,9.0,22538.0,22542.0,4.0,-0.0395477277207011,0.0,0.0,0.0,0.9222696849665116,True,False,False,True
CP155,15,13.0,22554.0,22558.0,4.0,0.1166394514649084,1.0,4.0,4.0,5.417198319902817,False,True,True,True
CP155,15,14.0,22558.0,22562.0,4.0,0.09150443382968215,1.0,4.0,4.0,9.666278587824113,False,True,True,True
CP155,15,15.0,22562.0,22566.0,4.0,0.03716424178376545,1.0,4.0,4.0,7.479563303792964,False,True,True,True
CP155,15,16.0,22566.0,22570.0,4.0,0.1503029652130757,0.33984375,1.359375,3.0,3.0609945726027514,False,False,False,True
CP155,15,17.0,22570.0,22574.0,4.0,0.08719945012706859,1.0,4.0,2.0,2.5834909793920025,False,True,True,True
CP155,15,18.0,22574.0,22578.0,4.0,0.1769327577197172,1.0,4.0,2.0,2.816288364814638,True,True,True,True
CP155,15,19.0,22578.0,22582.0,4.0,0.2335036161298201,1.0,4.0,2.0,3.044854661229735,False,True,True,True
CP155,15,20.0,22582.0,22586.0,4.0,0.2389269810353037,1.0,4.0,4.0,3.876573723530567,True,True,True,True
CP155,15,21.0,22586.0,22590.0,4.0,0.0983536550380578,1.0,4.0,4.0,3.649020983107066,True,True,True,True
CP155,15,22.0,22590.0,22594.0,4.0,0.4528788753759574,1.0,4.0,1.0,3.103898059625312,False,True,True,True
CP155,15,23.0,22594.0,22598.0,4.0,-0.3152337648628492,0.01171875,0.046875,1.0,1.4709329144096612,True,False,False,True
CP155,15,24.0,22598.0,22602.0,4.0,0.4022307166803737,0.0,0.0,0.0,7.495560678400212,False,False,False,True
CP155,15,25.0,22602.0,22606.0,4.0,0.1655647513125936,0.0,0.0,0.0,4.836163733375104,False,False,False,True
CP155,15,26.0,22606.0,22610.0,4.0,-0.15516494065773326,0.0,0.0,0.0,2.1890064208872646,False,False,False,True
CP155,15,27.0,22610.0,22614.0,4.0,0.0908128028655163,0.0283203125,0.11328125,2.0,1.052624014915618,True,False,False,True
CP155,15,28.0,22614.0,22618.0,4.0,-0.12821448981755001,1.0,4.0,2.0,7.347300342479652,,True,True,True
CP155,15,29.0,22618.0,22622.0,4.0,-0.03824551768851311,0.1435546875,0.57421875,1.0,2.7444508938699554,True,False,False,True
CP155,15,30.0,22622.0,22626.0,4.0,0.408285149449934,0.19921875,0.796875,1.0,1.3361970343803775,False,False,False,True
CP155,15,31.0,22626.0,22630.0,4.0,0.032944738440743,1.0,4.0,4.0,13.575200311134482,,True,True,True
CP155,15,32.0,22630.0,22634.0,4.0,-0.0648241937608091,1.0,4.0,4.0,7.2326132770443685,False,True,True,True
CP155,15,33.0,22634.0,22638.0,4.0,0.0594133182640114,1.0,4.0,3.0,2.81294994183447,True,True,True,True
CP155,15,34.0,22638.0,22642.0,4.0,0.2864238019951035,1.0,4.0,4.0,5.683709618224968,False,True,True,True
CP155,15,35.0,22642.0,22646.0,4.0,-0.3310890387298255,1.0,4.0,5.0,4.693916351815952,True,True,True,True
CP155,15,36.0,22646.0,22650.0,4.0,0.2217742943069389,1.0,4.0,3.0,2.224940040765508,,True,True,True
CP155,15,37.0,22650.0,22654.0,4.0,-0.0180214711734597,1.0,4.0,3.0,2.679862366703803,,True,True,True
CP155,15,38.0,22654.0,22658.0,4.0,0.21993797195761372,0.970703125,3.8828125,3.0,1.488529450920689,False,True,True,True
CP155,15,39.0,22658.0,22662.0,4.0,-0.12474434735116026,0.533203125,2.1328125,1.0,1.492174840818835,True,False,False,True
CP155,15,40.0,22662.0,22666.0,4.0,-0.0406294278431649,1.0,4.0,2.0,4.301550338204146,False,True,True,True
CP155,15,41.0,22666.0,22670.0,4.0,0.015165039539466345,1.0,4.0,2.0,5.876314851570006,,True,True,True
CP155,15,42.0,22670.0,22674.0,4.0,0.2132080738510827,1.0,4.0,4.0,15.872044525889011,False,True,True,True
CP155,15,43.0,22674.0,22678.0,4.0,-0.0823385947663282,1.0,4.0,4.0,13.11242938794578,False,True,True,True
CP155,15,44.0,22678.0,22682.0,4.0,0.14157915695117396,1.0,4.0,4.0,21.49354155971406,,True,True,True
CP155,15,45.0,22682.0,22686.0,4.0,-0.3674423048126728,1.0,4.0,4.0,7.024188195321176,,True,True,True
CP155,15,46.0,22686.0,22690.0,4.0,-0.423868133082416,0.0283203125,0.11328125,1.0,1.7619629645845452,False,False,False,True
CP155,15,47.0,22690.0,22694.0,4.0,0.016926993556386598,0.0,0.0,0.0,1.9249619437286354,False,False,False,True
CP155,15,48.0,22694.0,22698.0,4.0,0.3317467576658773,0.0,0.0,0.0,1.814133825147712,False,False,False,True
CP155,15,49.0,22698.0,22702.0,4.0,0.2406849858504794,1.0,4.0,2.0,3.974552480210999,False,True,True,True
CP155,15,50.0,22702.0,22706.0,4.0,-0.3163140139958399,1.0,4.0,3.0,3.620871626281627,False,True,True,True
CP155,16,1.0,22746.0,22750.0,4.0,0.0797077981821654,0.0,0.0,0.0,1.1332971998701524,True,False,False,True
CP155,16,2.0,22750.0,22754.0,4.0,-0.1446180799594221,0.0,0.0,0.0,3.0296080128222025,True,False,False,True
CP155,16,3.0,22754.0,22758.0,4.0,0.10144784921097945,0.0,0.0,0.0,2.037205918641356,False,False,False,True
CP155,16,4.0,22758.0,22762.0,4.0,0.1256738261048489,0.0,0.0,0.0,1.3725146586904426,True,False,False,True
CP155,16,5.0,22762.0,22766.0,4.0,-0.0647255727344523,0.0,0.0,0.0,1.1837481712577038,True,False,False,True
CP155,17,0.0,22802.0,22806.0,4.0,-0.2537529513659786,0.0,0.0,0.0,2.737431668524441,False,False,False,True
CP155,17,1.0,22806.0,22810.0,4.0,-0.1059118557505779,0.0,0.0,0.0,2.848547492185624,False,False,False,True
CP155,17,3.0,22814.0,22818.0,4.0,-0.0298036422023318,0.0,0.0,0.0,1.1178808080222975,True,False,False,True
CP155,17,5.0,22822.0,22826.0,4.0,0.0506005889914357,0.0,0.0,0.0,1.3055601522368268,False,False,False,True
CP155,18,0.0,22862.0,22866.0,4.0,-0.2791372146313867,0.4228515625,1.69140625,1.0,3.3131921701018925,True,False,False,True
CP155,18,1.0,22866.0,22870.0,4.0,0.2853675742355141,1.0,4.0,1.0,4.144284716350966,False,True,True,True
CP155,18,2.0,22870.0,22874.0,4.0,0.3190442006608372,1.0,4.0,1.0,6.522478427032953,False,True,True,True
CP155,18,3.0,22874.0,22878.0,4.0,0.2447903878074943,1.0,4.0,2.0,11.08020257973594,False,True,True,True
CP155,18,4.0,22878.0,22882.0,4.0,0.28015023970322334,1.0,4.0,2.0,4.325996372149959,True,True,True,True
CP155,18,5.0,22882.0,22886.0,4.0,-0.002526585905561,1.0,4.0,1.0,1.492738643628112,True,True,True,True
CP155,19,1.0,22926.0,22930.0,4.0,0.1307934484809564,0.0,0.0,0.0,2.335010418137701,False,False,False,True
CP155,19,2.0,22930.0,22934.0,4.0,-0.059626416843624096,1.0,4.0,3.0,1.6698884429544678,False,True,True,True
CP155,19,3.0,22934.0,22938.0,4.0,0.0008886221287519,1.0,4.0,4.0,34.76429217456642,False,True,True,True
CP155,19,4.0,22938.0,22942.0,4.0,-0.01940260612569525,0.3515625,1.40625,2.0,2.377748387317466,False,False,False,True
CP155,19,5.0,22942.0,22946.0,4.0,-0.14456583924669014,0.0,0.0,0.0,2.646351460706529,False,False,False,True
CP155,19,7.0,22950.0,22954.0,4.0,-0.061680540609563,0.0,0.0,0.0,0.83959876634171,True,False,False,True
CP155,19,8.0,22954.0,22958.0,4.0,-0.085244890423931,0.0,0.0,0.0,0.8806214110245826,True,False,False,True
CP155,19,9.0,22958.0,22962.0,4.0,0.19523404632317326,0.0,0.0,0.0,2.4829117876442166,False,False,False,True
CP155,19,11.0,22966.0,22970.0,4.0,-0.0807191404388772,0.0,0.0,0.0,0.8774322726509676,True,False,False,True
CP155,19,13.0,22974.0,22978.0,4.0,0.025786038872035,0.0,0.0,0.0,0.9060969350469676,True,False,False,True
CP155,19,16.0,22986.0,22990.0,4.0,0.20282814380610986,0.0,0.0,0.0,1.7557551821768609,False,False,False,True
CP155,19,18.0,22994.0,22998.0,4.0,0.03302661675632,0.1337890625,0.53515625,3.0,1.0130371689428137,True,False,False,True
CP155,19,19.0,22998.0,23002.0,4.0,-0.2153732353999775,1.0,4.0,3.0,15.542014717537604,,True,True,True
CP155,19,20.0,23002.0,23006.0,4.0,-0.0559434426699516,1.0,4.0,4.0,18.277979793620545,False,True,True,True
CP155,19,21.0,23006.0,23010.0,4.0,-0.1562317456681811,0.205078125,0.8203125,1.0,2.974840830786568,False,False,False,True
CP155,19,22.0,23010.0,23014.0,4.0,0.0915859653003074,0.0,0.0,0.0,0.9412219371675444,True,False,False,True
CP155,19,23.0,23014.0,23018.0,4.0,-0.1791364553027131,0.0,0.0,0.0,1.5669556941264493,False,False,False,True
CP155,19,24.0,23018.0,23022.0,4.0,-0.2671569736963243,0.0,0.0,0.0,1.6106272830421964,False,False,False,True
CP155,19,25.0,23022.0,23026.0,4.0,-0.1337237206032215,0.0,0.0,0.0,0.8083988809120561,True,False,False,True
CP155,19,27.0,23030.0,23034.0,4.0,0.0200918123646604,0.0,0.0,0.0,0.8151005453998481,True,False,False,True
CP155,19,28.0,23034.0,23038.0,4.0,-0.0694102827836932,0.0,0.0,0.0,0.7025968967707917,True,False,False,True
CP155,20,0.0,23072.0,23076.0,4.0,-0.0338800180064583,1.0,4.0,1.0,0.935719932014342,True,True,True,True
CP155,20,1.0,23076.0,23080.0,4.0,0.2528824104868939,1.0,4.0,1.0,2.858131714397173,False,True,True,True
CP155,20,2.0,23080.0,23084.0,4.0,-0.0248336394049666,1.0,4.0,1.0,7.963986473695351,False,True,True,True
CP155,20,3.0,23084.0,23088.0,4.0,0.3966366948702192,1.0,4.0,3.0,4.849773355399212,False,True,True,True
CP155,20,4.0,23088.0,23092.0,4.0,0.0212550138038355,1.0,4.0,5.0,26.24988272587468,,True,True,True
CP155,20,5.0,23092.0,23096.0,4.0,0.021087042730656,1.0,4.0,5.0,13.403565407690715,False,True,True,True
CP155,20,6.0,23096.0,23100.0,4.0,-0.1590381207793775,1.0,4.0,3.0,1.606458039691407,True,True,True,True
CP155,20,7.0,23100.0,23104.0,4.0,-0.0321580553750527,1.0,4.0,1.0,1.7983600978206138,False,True,True,True
CP155,20,8.0,23104.0,23108.0,4.0,-0.045513819153047,1.0,4.0,1.0,2.173999623088291,False,True,True,True
CP155,20,9.0,23108.0,23112.0,4.0,-0.0593433434289027,1.0,4.0,1.0,3.9743793019830105,False,True,True,True
CP155,20,10.0,23112.0,23116.0,4.0,-0.0421317322024747,1.0,4.0,1.0,1.034517278890143,True,True,True,True
CP155,20,11.0,23116.0,23120.0,4.0,0.09374338161897015,1.0,4.0,1.0,4.790028935342704,False,True,True,True
CP155,20,12.0,23120.0,23124.0,4.0,-0.1392459323800743,1.0,4.0,1.0,1.00213110841833,True,True,True,True
CP155,20,13.0,23124.0,23128.0,4.0,0.0365618260828803,0.0751953125,0.30078125,1.0,1.6226593015682236,False,False,False,True
CP155,21,1.0,23196.0,23200.0,4.0,-0.2386339987489422,0.0,0.0,0.0,0.5257652336408084,True,False,False,True
CP155,21,2.0,23200.0,23204.0,4.0,-0.0037736504903888,0.0,0.0,0.0,0.4981956764999654,True,False,False,True
CP155,22,0.0,23252.0,23256.0,4.0,0.1681178051686404,0.0,0.0,0.0,2.413928051164965,False,False,False,True
CP155,22,1.0,23256.0,23260.0,4.0,-0.21113070081723165,0.0,0.0,0.0,8.040258887061599,False,False,False,True
CP155,22,3.0,23264.0,23268.0,4.0,-0.15305276140009566,0.0,0.0,0.0,9.00931660288154,False,False,False,True
CP155,22,4.0,23268.0,23272.0,4.0,-0.0902051924495635,0.6669921875,2.66796875,1.0,1.4656984277187102,False,False,False,True
CP155,22,6.0,23276.0,23280.0,4.0,-0.0035462185044483,0.0,0.0,0.0,0.3000553716209987,True,False,False,True
CP155,22,10.0,23292.0,23296.0,4.0,-0.208026477461824,0.0,0.0,0.0,0.2116658337058403,True,False,False,True
CP155,22,11.0,23296.0,23300.0,4.0,-0.0635474567357233,0.0,0.0,0.0,0.1688702171442258,True,False,False,True
CP155,22,13.0,23304.0,23308.0,4.0,-0.1551771574236184,0.0,0.0,0.0,0.1517971452702007,True,False,False,True
CP155,23,2.0,23440.0,23444.0,4.0,-0.1434052538808789,0.0,0.0,0.0,0.9477450607191938,True,False,False,True
CP155,23,5.0,23452.0,23456.0,4.0,-0.0024773561790296,0.0,0.0,0.0,0.6213560440521664,True,False,False,True
CP155,24,0.0,23492.0,23496.0,4.0,-0.011204903080499144,0.0,0.0,0.0,2.069865385406815,False,False,False,True
CP155,24,1.0,23496.0,23500.0,4.0,0.2477269211842208,0.39453125,1.578125,1.0,1.1926556736737806,True,False,False,True
CP155,24,3.0,23504.0,23508.0,4.0,0.1804491079547847,0.0,0.0,0.0,1.3435103791181469,False,False,False,True
CP155,24,4.0,23508.0,23512.0,4.0,0.1781050389302698,0.0,0.0,0.0,1.9915562720223088,False,False,False,True
CP155,24,5.0,23512.0,23516.0,4.0,0.005779306524074,0.0,0.0,0.0,1.0180862608991788,True,False,False,True
CP155,24,6.0,23516.0,23520.0,4.0,-0.1324213677401626,0.0,0.0,0.0,0.7223406251757123,True,False,False,True
CP155,24,8.0,23524.0,23528.0,4.0,-0.1107844358228879,0.0,0.0,0.0,0.473754647275202,True,False,False,True
CP155,24,9.0,23528.0,23532.0,4.0,0.0247099132166622,0.0,0.0,0.0,0.4330639245426874,True,False,False,True
CP155,24,11.0,23536.0,23540.0,4.0,-0.0744838882642761,0.0,0.0,0.0,1.3602026787384858,False,False,False,True
CP155,24,12.0,23540.0,23544.0,4.0,0.0708777963178371,0.0,0.0,0.0,1.7936288737098631,False,False,False,True
CP155,24,13.0,23544.0,23548.0,4.0,0.4269552152168475,0.0,0.0,0.0,1.966300898154845,False,False,False,True
CP155,25,0.0,23582.0,23586.0,4.0,-0.060999672020381,0.0,0.0,0.0,1.063432700132709,True,False,False,True
CP155,25,1.0,23586.0,23590.0,4.0,0.0334449506718353,0.0,0.0,0.0,0.7996997242868569,True,False,False,True
CP155,25,2.0,23590.0,23594.0,4.0,-0.1728258024091996,0.0,0.0,0.0,3.900660710222378,False,False,False,True
CP155,25,3.0,23594.0,23598.0,4.0,-0.1849403770612573,0.0,0.0,0.0,0.8376091422626635,True,False,False,True
CP155,25,4.0,23598.0,23602.0,4.0,-0.0057860363984556,0.0,0.0,0.0,0.8324353906379961,True,False,False,True
CP155,25,5.0,23602.0,23606.0,4.0,0.0554854574238341,0.0,0.0,0.0,0.7147721497580627,True,False,False,True
CP155,26,0.0,23642.0,23646.0,4.0,-0.1873706671967032,0.0,0.0,0.0,1.3526430005223915,False,False,False,True
CP155,26,1.0,23646.0,23650.0,4.0,0.1151416527175526,0.0,0.0,0.0,1.512878042325285,False,False,False,True
CP155,26,2.0,23650.0,23654.0,4.0,-0.140389589128565,0.0,0.0,0.0,1.036451008666091,True,False,False,True
CP155,26,3.0,23654.0,23658.0,4.0,0.0751004150095412,0.0,0.0,0.0,2.284207082554272,False,False,False,True
CP155,26,4.0,23658.0,23662.0,4.0,-0.2320668939652649,0.0,0.0,0.0,0.9409219674904322,True,False,False,True
CP155,26,5.0,23662.0,23666.0,4.0,0.0100177081094551,0.0,0.0,0.0,0.9220119281697048,True,False,False,True
CP155,27,0.0,23702.0,23706.0,4.0,-0.197002293858124,0.0,0.0,0.0,1.024555187513042,True,False,False,True
CP155,27,1.0,23706.0,23710.0,4.0,-0.3475532689111922,0.0,0.0,0.0,2.5235586251502813,False,False,False,True
CP155,27,2.0,23710.0,23714.0,4.0,0.032005071584914,0.0,0.0,0.0,2.959386647404725,False,False,False,True
CP155,27,3.0,23714.0,23718.0,4.0,-0.1416366910260496,0.0,0.0,0.0,1.467812602531449,True,False,False,True
CP155,27,4.0,23718.0,23722.0,4.0,0.1237494740097316,0.0,0.0,0.0,2.788028862047576,True,False,False,True
CP155,27,5.0,23722.0,23726.0,4.0,0.2018712267478407,0.0,0.0,0.0,3.0335046503228984,False,False,False,True
MFJ160,0,1.0,5946.0,5950.0,4.0,0.22544204927602685,0.0,0.0,0.0,1.0846495879112374,True,False,False,True
MFJ160,0,3.0,5954.0,5958.0,4.0,-0.12822935180388215,0.0,0.0,0.0,1.0539072699276661,True,False,False,True
MFJ160,0,5.0,5962.0,5966.0,4.0,0.11428604412774912,0.0,0.0,0.0,1.4672370618474053,True,False,False,True
MFJ160,1,0.0,6062.0,6066.0,4.0,0.10458777309493064,0.794921875,3.1796875,1.0,1.222519254361592,True,True,True,True
MFJ160,1,1.0,6066.0,6070.0,4.0,-0.01566841571868275,0.0,0.0,0.0,1.4060216048451144,True,False,False,True
MFJ160,1,2.0,6070.0,6074.0,4.0,0.1002694093413278,0.0,0.0,0.0,0.8296561640689437,True,False,False,True
MFJ160,1,4.0,6078.0,6082.0,4.0,-0.22974572733905124,0.0,0.0,0.0,0.6925013645551468,True,False,False,True
MFJ160,1,5.0,6082.0,6086.0,4.0,-0.0007497879877602989,0.0,0.0,0.0,0.7486875747340659,True,False,False,True
MFJ160,1,6.0,6086.0,6090.0,4.0,0.01042367704326655,0.0,0.0,0.0,0.719229213134511,True,False,False,True
MFJ160,1,9.0,6098.0,6102.0,4.0,-0.090555742570747,0.0,0.0,0.0,0.6987685929730407,True,False,False,True
MFJ160,1,10.0,6102.0,6106.0,4.0,0.0908505231316912,0.0,0.0,0.0,0.7519608439529986,True,False,False,True
MFJ160,1,11.0,6106.0,6110.0,4.0,0.15115126773863147,0.0,0.0,0.0,0.754671836944625,True,False,False,True
MFJ160,1,12.0,6110.0,6114.0,4.0,0.04200361130548055,0.0,0.0,0.0,0.764291604735512,True,False,False,True
MFJ160,1,13.0,6114.0,6118.0,4.0,0.11552227210727639,0.0,0.0,0.0,0.7189070034893791,True,False,False,True
MFJ160,2,0.0,6152.0,6156.0,4.0,0.0499871558082068,0.0,0.0,0.0,0.7354417070065529,True,False,False,True
MFJ160,2,2.0,6160.0,6164.0,4.0,-0.1666216401042217,0.6474609375,2.58984375,1.0,1.386049543256256,,False,False,True
MFJ160,2,3.0,6164.0,6168.0,4.0,0.11049464737164286,1.0,4.0,2.0,13.75257409185719,,True,True,True
MFJ160,2,4.0,6168.0,6172.0,4.0,-0.0769316582542972,1.0,4.0,2.0,6.972774028978065,,True,True,True
MFJ160,2,5.0,6172.0,6176.0,4.0,0.04403769035882665,1.0,4.0,2.0,5.743122291858642,,True,True,True
MFJ160,2,6.0,6176.0,6180.0,4.0,0.2157099292614054,1.0,4.0,1.0,8.091321807867194,,True,True,True
MFJ160,2,7.0,6180.0,6184.0,4.0,-0.06121125108627955,1.0,4.0,1.0,2.5715511202951644,True,True,True,True
MFJ160,2,8.0,6184.0,6188.0,4.0,0.050814567398298705,0.28125,1.125,1.0,0.8405431145921977,True,False,False,True
MFJ160,2,9.0,6188.0,6192.0,4.0,0.05859504731203785,0.0,0.0,0.0,0.7797450093000721,True,False,False,True
MFJ160,2,10.0,6192.0,6196.0,4.0,0.08980293591876055,0.0,0.0,0.0,0.8724007042487547,True,False,False,True
MFJ160,2,11.0,6196.0,6200.0,4.0,-0.0053538393495826675,0.0,0.0,0.0,0.8014622362780196,True,False,False,True
MFJ160,2,12.0,6200.0,6204.0,4.0,-0.07306123957261489,0.0,0.0,0.0,0.8193044849086745,True,False,False,True
MFJ160,2,13.0,6204.0,6208.0,4.0,0.05175854157769425,0.0,0.0,0.0,1.0217940342560974,True,False,False,True
MFJ160,2,14.0,6208.0,6212.0,4.0,0.16001303468670508,0.0,0.0,0.0,0.907306878342715,True,False,False,True
MFJ160,2,15.0,6212.0,6216.0,4.0,-0.1015150690890739,0.0,0.0,0.0,0.8422044040001838,True,False,False,True
MFJ160,2,16.0,6216.0,6220.0,4.0,-0.1532048277885395,0.0,0.0,0.0,0.8335941588483263,True,False,False,True
MFJ160,2,17.0,6220.0,6224.0,4.0,-0.19953409141770326,0.0,0.0,0.0,0.7533776311403817,True,False,False,True
MFJ160,2,18.0,6224.0,6228.0,4.0,-0.0592122445095196,0.0,0.0,0.0,0.8955169892366236,True,False,False,True
MFJ160,2,19.0,6228.0,6232.0,4.0,-0.0082657853014843,0.0,0.0,0.0,0.7169244890491029,True,False,False,True
MFJ160,2,20.0,6232.0,6236.0,4.0,0.222241590263067,0.0,0.0,0.0,0.7684044262356879,True,False,False,True
MFJ160,2,24.0,6248.0,6252.0,4.0,0.006196212480823851,0.0,0.0,0.0,0.8115447491195978,True,False,False,True
MFJ160,2,25.0,6252.0,6256.0,4.0,0.11073951688577921,0.0,0.0,0.0,0.8073447532964184,True,False,False,True
MFJ160,2,26.0,6256.0,6260.0,4.0,0.2835420912425911,0.0,0.0,0.0,0.6482132590103055,True,False,False,True
MFJ160,2,27.0,6260.0,6264.0,4.0,0.12726401875773416,0.0,0.0,0.0,0.7085228467798732,True,False,False,True
MFJ160,2,28.0,6264.0,6268.0,4.0,0.008631165825666948,0.0,0.0,0.0,0.7189231010483208,True,False,False,True
MFJ160,2,29.0,6268.0,6272.0,4.0,-0.13564544890257973,0.0,0.0,0.0,0.647897443380659,True,False,False,True
MFJ160,2,30.0,6272.0,6276.0,4.0,-0.05942878166867805,0.0,0.0,0.0,0.7004577061580456,True,False,False,True
MFJ160,2,31.0,6276.0,6280.0,4.0,-0.00803308988123625,0.0,0.0,0.0,0.7255439754017612,True,False,False,True
MFJ160,2,32.0,6280.0,6284.0,4.0,-0.20639162259683244,0.0,0.0,0.0,0.7538358000460144,True,False,False,True
MFJ160,2,34.0,6288.0,6292.0,4.0,0.13881759036203095,0.0,0.0,0.0,0.8075269567569551,True,False,False,True
MFJ160,2,35.0,6292.0,6296.0,4.0,0.0797889800466821,0.0,0.0,0.0,0.7195700795948898,True,False,False,True
MFJ160,2,36.0,6296.0,6300.0,4.0,0.12611873963488254,0.0,0.0,0.0,0.7528896755054615,True,False,False,True
MFJ160,2,37.0,6300.0,6304.0,4.0,-0.06397331941200514,0.0,0.0,0.0,0.7057934212987717,True,False,False,True
MFJ160,2,39.0,6308.0,6312.0,4.0,0.2823412169624608,0.0,0.0,0.0,0.7613293969816775,True,False,False,True
MFJ160,2,40.0,6312.0,6316.0,4.0,-0.103851344316931,0.0,0.0,0.0,0.7090013701447644,True,False,False,True
MFJ160,2,41.0,6316.0,6320.0,4.0,-0.09558261130988861,0.0,0.0,0.0,0.720203879126215,True,False,False,True
MFJ160,2,42.0,6320.0,6324.0,4.0,-0.03457551819328985,0.0,0.0,0.0,0.7050836936514515,True,False,False,True
MFJ160,2,45.0,6332.0,6336.0,4.0,-0.37995080487749966,0.0,0.0,0.0,0.7547232815007197,True,False,False,True
MFJ160,2,46.0,6336.0,6340.0,4.0,-0.0391223942072034,0.0,0.0,0.0,0.7948819094815436,True,False,False,True
MFJ160,2,48.0,6344.0,6348.0,4.0,0.07552115872362655,0.0,0.0,0.0,0.6878089434848909,True,False,False,True
MFJ160,2,49.0,6348.0,6352.0,4.0,-0.30520366756757134,0.0,0.0,0.0,0.7371498791495918,True,False,False,True
MFJ160,2,50.0,6352.0,6356.0,4.0,0.2815806606581829,0.0,0.0,0.0,0.7568795571876912,True,False,False,True
MFJ160,2,51.0,6356.0,6360.0,4.0,-0.04762040301495796,0.0,0.0,0.0,0.7612850534146782,True,False,False,True
MFJ160,2,54.0,6368.0,6372.0,4.0,0.1538006638545345,0.0,0.0,0.0,0.9111340702925421,True,False,False,True
MFJ160,2,55.0,6372.0,6376.0,4.0,0.1382579609047829,0.0,0.0,0.0,0.7419109895322114,True,False,False,True
MFJ160,2,56.0,6376.0,6380.0,4.0,-0.04003590598914126,0.0,0.0,0.0,0.7424844587261547,True,False,False,True
MFJ160,2,57.0,6380.0,6384.0,4.0,-0.06626801629950589,0.0,0.0,0.0,0.8566645247000324,True,False,False,True
MFJ160,2,58.0,6384.0,6388.0,4.0,0.058405577924160595,0.0,0.0,0.0,0.7147005802138855,True,False,False,True
MFJ160,2,60.0,6392.0,6396.0,4.0,0.0332791766528015,0.0,0.0,0.0,0.7838045639505339,True,False,False,True
MFJ160,2,62.0,6400.0,6404.0,4.0,0.04914932155678675,0.0,0.0,0.0,0.7488768544209652,True,False,False,True
MFJ160,2,63.0,6404.0,6408.0,4.0,-0.009384146368942595,0.0,0.0,0.0,0.8413876210216888,True,False,False,True
MFJ160,2,64.0,6408.0,6412.0,4.0,-0.3065358973680383,0.0,0.0,0.0,0.7162768024603583,True,False,False,True
MFJ160,2,65.0,6412.0,6416.0,4.0,-0.17287617478267808,0.0,0.0,0.0,0.7713534586667555,True,False,False,True
MFJ160,2,66.0,6416.0,6420.0,4.0,0.1805161778349047,0.0,0.0,0.0,0.7008409274325076,True,False,False,True
MFJ160,2,67.0,6420.0,6424.0,4.0,-0.2510117660710479,0.0,0.0,0.0,0.7246705449831733,True,False,False,True
MFJ160,2,68.0,6424.0,6428.0,4.0,0.004602565476269849,0.0,0.0,0.0,0.7322752183315941,True,False,False,True
MFJ160,2,70.0,6432.0,6436.0,4.0,0.14087259828827198,0.0,0.0,0.0,0.7167562124119786,True,False,False,True
MFJ160,2,71.0,6436.0,6440.0,4.0,0.3111572760762261,0.0,0.0,0.0,0.7929225705575131,True,False,False,True
MFJ160,2,72.0,6440.0,6444.0,4.0,-0.04251139295971135,0.16015625,0.640625,2.0,0.9131430468814827,True,False,False,True
MFJ160,2,73.0,6444.0,6448.0,4.0,-0.060791409618957896,1.0,4.0,2.0,12.199775259451897,,True,True,True
MFJ160,2,74.0,6448.0,6452.0,4.0,0.0551722689429404,1.0,4.0,2.0,4.384201756157315,True,True,True,True
MFJ160,2,75.0,6452.0,6456.0,4.0,0.000469447626047,1.0,4.0,1.0,9.130906148384533,,True,True,True
MFJ160,2,76.0,6456.0,6460.0,4.0,0.1194591848791816,0.40625,1.625,1.0,0.9663108004921216,True,False,False,True
MFJ160,2,77.0,6460.0,6464.0,4.0,-0.11864055308921455,0.0,0.0,0.0,1.1637522741195827,True,False,False,True
MFJ160,2,78.0,6464.0,6468.0,4.0,0.03005028004096095,0.0,0.0,0.0,0.7469166286290141,True,False,False,True
MFJ160,2,79.0,6468.0,6472.0,4.0,0.08670079228596744,0.0,0.0,0.0,0.834811857928635,True,False,False,True
MFJ160,2,81.0,6476.0,6480.0,4.0,-0.1286057547525872,0.0,0.0,0.0,0.8749373623128149,True,False,False,True
MFJ160,2,82.0,6480.0,6484.0,4.0,-0.02581987820229085,0.0,0.0,0.0,0.8410128973857118,True,False,False,True
MFJ160,2,83.0,6484.0,6488.0,4.0,0.060123263282617245,0.0,0.0,0.0,0.7106347235790815,True,False,False,True
MFJ160,2,85.0,6492.0,6496.0,4.0,-0.1739374074283941,0.0,0.0,0.0,0.7315620268597252,True,False,False,True
MFJ160,2,86.0,6496.0,6500.0,4.0,0.24493114032228383,0.0,0.0,0.0,0.7555233758560913,True,False,False,True
MFJ160,2,87.0,6500.0,6504.0,4.0,-0.032744906020031744,0.0,0.0,0.0,0.7359305425126136,True,False,False,True
MFJ160,2,88.0,6504.0,6508.0,4.0,0.08633581133994254,0.0,0.0,0.0,0.7403976995886945,True,False,False,True
MFJ160,2,89.0,6508.0,6512.0,4.0,0.021310112295345948,0.0,0.0,0.0,0.7420136125546953,True,False,False,True
MFJ160,2,90.0,6512.0,6516.0,4.0,-0.01898686497088095,0.0,0.0,0.0,0.7108442453006432,True,False,False,True
MFJ160,2,91.0,6516.0,6520.0,4.0,-0.023222892883014896,0.0,0.0,0.0,0.720305292505681,True,False,False,True
MFJ160,2,92.0,6520.0,6524.0,4.0,-0.12432761901719395,0.0,0.0,0.0,0.8801650067327484,True,False,False,True
MFJ160,2,93.0,6524.0,6528.0,4.0,0.275849967544065,0.0,0.0,0.0,0.8255208634999636,True,False,False,True
MFJ160,2,94.0,6528.0,6532.0,4.0,0.015411607584350354,0.0,0.0,0.0,0.7689446860601177,True,False,False,True
MFJ160,2,95.0,6532.0,6536.0,4.0,0.2184623939315743,0.0,0.0,0.0,0.7008323855021653,True,False,False,True
MFJ160,2,96.0,6536.0,6540.0,4.0,0.0017130496578544492,0.0,0.0,0.0,0.7458935227606951,True,False,False,True
MFJ160,2,97.0,6540.0,6544.0,4.0,-0.012463348417653048,0.0,0.0,0.0,0.7258916793570468,True,False,False,True
MFJ160,2,98.0,6544.0,6548.0,4.0,-0.1200397788935107,0.0,0.0,0.0,0.7001823395778892,True,False,False,True
MFJ160,2,99.0,6548.0,6552.0,4.0,0.027164305368889603,0.0,0.0,0.0,0.9013741960871254,True,False,False,True
MFJ160,2,100.0,6552.0,6556.0,4.0,-0.0500645629365534,0.0,0.0,0.0,0.8913899334789206,True,False,False,True
MFJ160,2,101.0,6556.0,6560.0,4.0,-0.07091028184306579,0.0,0.0,0.0,1.0080608943625027,True,False,False,True
MFJ160,2,102.0,6560.0,6564.0,4.0,-0.13958818344687915,0.0,0.0,0.0,1.554428868456995,True,False,False,True
MFJ160,2,103.0,6564.0,6568.0,4.0,0.21423078993952485,0.0,0.0,0.0,0.8666889986065276,True,False,False,True
MFJ160,2,104.0,6568.0,6572.0,4.0,0.06323490751877739,0.0,0.0,0.0,0.7874476476339931,True,False,False,True
MFJ160,2,105.0,6572.0,6576.0,4.0,-0.009402799974442797,0.0,0.0,0.0,0.7296655089844419,True,False,False,True
MFJ160,2,106.0,6576.0,6580.0,4.0,0.03774242194275266,0.0,0.0,0.0,0.9440474958962481,True,False,False,True
MFJ160,2,107.0,6580.0,6584.0,4.0,-0.20251078667012318,0.0,0.0,0.0,0.8104916121885986,True,False,False,True
MFJ160,2,108.0,6584.0,6588.0,4.0,-0.11940624375043904,0.0,0.0,0.0,0.7532135432646873,True,False,False,True
MFJ160,2,109.0,6588.0,6592.0,4.0,-0.07191321772087855,0.0,0.0,0.0,0.7853182863578896,True,False,False,True
MFJ160,2,110.0,6592.0,6596.0,4.0,0.1784365043583446,0.0,0.0,0.0,0.7442871625894445,True,False,False,True
MFJ160,2,111.0,6596.0,6600.0,4.0,0.062472592495794656,0.0,0.0,0.0,0.7168395105515216,True,False,False,True
MFJ160,2,113.0,6604.0,6608.0,4.0,0.05769397648743829,0.0,0.0,0.0,0.8595043943988849,True,False,False,True
MFJ160,2,114.0,6608.0,6612.0,4.0,-0.1131221106183154,0.0,0.0,0.0,1.2339289355252316,True,False,False,True
MFJ160,2,115.0,6612.0,6616.0,4.0,0.0516396467996987,0.0,0.0,0.0,0.8967774341516961,True,False,False,True
MFJ160,2,116.0,6616.0,6620.0,4.0,0.0379807005823316,0.0,0.0,0.0,0.878797978768129,True,False,False,True
MFJ160,2,117.0,6620.0,6624.0,4.0,0.09952877437517364,0.0,0.0,0.0,0.821939328044159,True,False,False,True
MFJ160,2,118.0,6624.0,6628.0,4.0,0.01259698909812685,0.0,0.0,0.0,0.8198508473395065,True,False,False,True
MFJ160,2,120.0,6632.0,6636.0,4.0,0.12236792897884699,0.0,0.0,0.0,0.7879402386565211,True,False,False,True
MFJ160,2,121.0,6636.0,6640.0,4.0,0.0927361050579381,0.0,0.0,0.0,0.7894873038752789,True,False,False,True
MFJ160,2,122.0,6640.0,6644.0,4.0,0.09281000808563333,0.0,0.0,0.0,0.7574720289032985,True,False,False,True
MFJ160,2,123.0,6644.0,6648.0,4.0,0.1714994842773303,0.0,0.0,0.0,0.8057825888190433,True,False,False,True
MFJ160,2,124.0,6648.0,6652.0,4.0,0.25981743397164786,0.0,0.0,0.0,0.7749387882223313,True,False,False,True
MFJ160,2,125.0,6652.0,6656.0,4.0,-0.03901034504418085,0.0,0.0,0.0,0.7930210527112707,True,False,False,True
MFJ160,3,0.0,10592.0,10596.0,4.0,-0.08307029747722025,0.0,0.0,0.0,0.8163996063016064,True,False,False,True
MFJ160,3,6.0,10616.0,10620.0,4.0,0.0010827810363491508,0.0,0.0,0.0,1.0506031224268235,True,False,False,True
MFJ160,3,7.0,10620.0,10624.0,4.0,0.0923013163618643,0.0,0.0,0.0,0.9172577678559547,True,False,False,True
MFJ160,3,8.0,10624.0,10628.0,4.0,-0.07900257006599258,0.0,0.0,0.0,0.8153848079734081,True,False,False,True
MFJ160,3,9.0,10628.0,10632.0,4.0,0.04516109584729926,0.0,0.0,0.0,0.7756971254470191,True,False,False,True
MFJ160,3,10.0,10632.0,10636.0,4.0,0.1985867660718762,0.0,0.0,0.0,0.8923655131251021,True,False,False,True
MFJ160,3,11.0,10636.0,10640.0,4.0,-0.0813094132750719,0.0,0.0,0.0,0.9000131307317992,True,False,False,True
MFJ160,3,12.0,10640.0,10644.0,4.0,0.12994753621302219,0.0,0.0,0.0,0.9480877273354259,True,False,False,True
MFJ160,3,14.0,10648.0,10652.0,4.0,0.13856547453532686,0.0,0.0,0.0,0.886952515662023,True,False,False,True
MFJ160,3,15.0,10652.0,10656.0,4.0,0.08227957228004905,0.0,0.0,0.0,1.0584072731654919,True,False,False,True
MFJ160,3,16.0,10656.0,10660.0,4.0,-0.011218095810318546,0.0,0.0,0.0,1.028466104607729,True,False,False,True
MFJ160,3,17.0,10660.0,10664.0,4.0,-0.12411681574009174,0.0,0.0,0.0,0.9015216070861187,True,False,False,True
MFJ160,3,18.0,10664.0,10668.0,4.0,0.08114679742437714,0.0,0.0,0.0,0.9258224199184257,True,False,False,True
MFJ160,3,21.0,10676.0,10680.0,4.0,-0.15095338967088096,0.0,0.0,0.0,0.8707312655722186,True,False,False,True
MFJ160,3,22.0,10680.0,10684.0,4.0,0.0849371183887715,0.0,0.0,0.0,0.8653613903820119,True,False,False,True
MFJ160,3,24.0,10688.0,10692.0,4.0,0.0684295113680207,0.0,0.0,0.0,1.0167806764415845,True,False,False,True
MFJ160,3,25.0,10692.0,10696.0,4.0,0.15522148116476792,0.0,0.0,0.0,0.9600115242835217,True,False,False,True
MFJ160,3,26.0,10696.0,10700.0,4.0,0.059941664984087956,0.0,0.0,0.0,1.1390441618597165,True,False,False,True
MFJ160,3,28.0,10704.0,10708.0,4.0,-0.023745841142985648,0.0,0.0,0.0,0.8956142542351098,True,False,False,True
MFJ160,3,29.0,10708.0,10712.0,4.0,-0.09033051312127059,0.0,0.0,0.0,0.830754014855319,True,False,False,True
MFJ160,3,30.0,10712.0,10716.0,4.0,-0.0813855188006042,0.0,0.0,0.0,1.0147132823820773,True,False,False,True
MFJ160,3,32.0,10720.0,10724.0,4.0,-0.1558227460434474,0.0,0.0,0.0,1.5311858687629585,False,False,False,True
MFJ160,3,33.0,10724.0,10728.0,4.0,0.0067499459476172,0.0,0.0,0.0,0.8814225156694301,True,False,False,True
MFJ160,3,34.0,10728.0,10732.0,4.0,0.13858336246353536,0.0,0.0,0.0,0.8220782871131805,True,False,False,True
MFJ160,3,35.0,10732.0,10736.0,4.0,-0.09936441801094435,0.0,0.0,0.0,0.8524566499238642,True,False,False,True
MFJ160,3,36.0,10736.0,10740.0,4.0,0.06773314468716055,0.0,0.0,0.0,0.9127889927125894,True,False,False,True
MFJ160,3,37.0,10740.0,10744.0,4.0,-0.1634803221016451,0.0,0.0,0.0,0.8694290894567642,True,False,False,True
MFJ160,3,38.0,10744.0,10748.0,4.0,-0.11007419783029865,0.0,0.0,0.0,1.1512300377919766,True,False,False,True
MFJ160,3,39.0,10748.0,10752.0,4.0,0.0487229079905238,0.255859375,1.0234375,1.0,4.224798791031097,False,False,False,True
MFJ160,3,43.0,10764.0,10768.0,4.0,0.5129649137097734,0.0,0.0,0.0,1.5324199142438304,False,False,False,True
MFJ160,3,44.0,10768.0,10772.0,4.0,-0.4027743605387501,0.0,0.0,0.0,1.3669359397426193,False,False,False,True
MFJ160,3,45.0,10772.0,10776.0,4.0,-0.1191264354125779,0.45703125,1.828125,1.0,1.8993990582393327,False,False,False,True
MFJ160,3,46.0,10776.0,10780.0,4.0,0.03268679338166375,1.0,4.0,2.0,16.852861367646597,,True,True,True
MFJ160,3,47.0,10780.0,10784.0,4.0,0.04851927870603915,1.0,4.0,1.0,4.949972786156667,False,True,True,True
MFJ160,3,48.0,10784.0,10788.0,4.0,0.13169508687952555,1.0,4.0,1.0,4.8939714128328955,True,True,True,True
MFJ160,3,49.0,10788.0,10792.0,4.0,-0.314716567430475,0.267578125,1.0703125,1.0,3.225327256523318,True,False,False,True
MFJ160,3,50.0,10792.0,10796.0,4.0,-0.19079802480546754,0.0,0.0,0.0,1.365160810492517,True,False,False,True
MFJ160,3,52.0,10800.0,10804.0,4.0,0.1284305840726715,0.0,0.0,0.0,1.4145796953562624,False,False,False,True
MFJ160,3,53.0,10804.0,10808.0,4.0,0.019088826539512153,0.0,0.0,0.0,1.5448631156757948,True,False,False,True
MFJ160,3,54.0,10808.0,10812.0,4.0,-0.042792125008131954,0.0,0.0,0.0,2.1164269804159583,True,False,False,True
MFJ160,3,55.0,10812.0,10816.0,4.0,-0.1066653595098763,0.0,0.0,0.0,5.826261780677577,False,False,False,True
MFJ160,3,56.0,10816.0,10820.0,4.0,-0.06511459300376285,0.0,0.0,0.0,2.044046259155098,True,False,False,True
MFJ160,3,57.0,10820.0,10824.0,4.0,0.11549272986365759,0.0,0.0,0.0,1.340158924048693,True,False,False,True
MFJ160,3,58.0,10824.0,10828.0,4.0,-0.04598449642047509,0.0,0.0,0.0,0.9727482926354329,True,False,False,True
MFJ160,3,59.0,10828.0,10832.0,4.0,-0.09409591383768556,0.0,0.0,0.0,1.148393480370725,True,False,False,True
MFJ160,3,60.0,10832.0,10836.0,4.0,-0.0358936310111403,0.0,0.0,0.0,1.0887319545516092,True,False,False,True
MFJ160,3,61.0,10836.0,10840.0,4.0,0.0846838721162339,0.0,0.0,0.0,1.1374714160692498,True,False,False,True
MFJ160,3,62.0,10840.0,10844.0,4.0,-0.12784980532922086,0.0,0.0,0.0,1.2479929106592897,True,False,False,True
MFJ160,3,63.0,10844.0,10848.0,4.0,0.16568655973248525,0.0,0.0,0.0,2.512522215107412,True,False,False,True
MFJ160,3,64.0,10848.0,10852.0,4.0,-0.057591675560121,0.0,0.0,0.0,2.7090940326699164,True,False,False,True
MFJ160,3,65.0,10852.0,10856.0,4.0,-0.0957528133885222,0.0,0.0,0.0,2.5435671058886538,True,False,False,True
MFJ160,3,66.0,10856.0,10860.0,4.0,0.3170529439656933,0.0,0.0,0.0,3.112530215020719,False,False,False,True
MFJ160,3,67.0,10860.0,10864.0,4.0,-0.15643582156636915,0.0,0.0,0.0,2.0576188339944284,True,False,False,True
MFJ160,3,68.0,10864.0,10868.0,4.0,0.0011482121345819498,0.0,0.0,0.0,1.0357172783113047,True,False,False,True
MFJ160,3,69.0,10868.0,10872.0,4.0,0.1470488928329169,0.630859375,2.5234375,1.0,3.987073316978487,,False,False,True
MFJ160,3,70.0,10872.0,10876.0,4.0,-0.0502206603512887,0.2587890625,1.03515625,1.0,1.7263070217343552,True,False,False,True
MFJ160,3,71.0,10876.0,10880.0,4.0,-0.014256432424753301,0.0,0.0,0.0,1.3762529928587623,True,False,False,True
MFJ160,3,72.0,10880.0,10884.0,4.0,0.03392697422126176,0.0,0.0,0.0,1.2386235297541863,True,False,False,True
MFJ160,3,73.0,10884.0,10888.0,4.0,-0.0889769342027637,0.0,0.0,0.0,1.4900555235496642,False,False,False,True
MFJ160,3,74.0,10888.0,10892.0,4.0,0.13583639917093204,0.0,0.0,0.0,1.0575765359147875,True,False,False,True
MFJ160,3,75.0,10892.0,10896.0,4.0,-0.09970304552067515,0.0,0.0,0.0,0.9494466626445505,True,False,False,True
MFJ160,3,77.0,10900.0,10904.0,4.0,0.03594631139262535,0.0,0.0,0.0,0.8801641084736689,True,False,False,True
MFJ160,3,78.0,10904.0,10908.0,4.0,-0.03216550264900005,0.0,0.0,0.0,0.9365538602783565,True,False,False,True
MFJ160,3,80.0,10912.0,10916.0,4.0,-0.002141281688103347,0.0,0.0,0.0,1.0127959766204435,True,False,False,True
MFJ160,3,81.0,10916.0,10920.0,4.0,-0.22290283987800558,0.0,0.0,0.0,0.8524593358910413,True,False,False,True
MFJ160,3,82.0,10920.0,10924.0,4.0,-0.06806690650422151,0.0,0.0,0.0,0.7773984828050571,True,False,False,True
MFJ160,3,83.0,10924.0,10928.0,4.0,0.09935097768397635,0.0,0.0,0.0,0.8540940306708454,True,False,False,True
MFJ160,3,84.0,10928.0,10932.0,4.0,0.03076255471050665,0.0,0.0,0.0,0.9696433930478955,True,False,False,True
MFJ160,3,85.0,10932.0,10936.0,4.0,-0.011330905266563253,0.0,0.0,0.0,1.2882835316729477,True,False,False,True
MFJ160,3,86.0,10936.0,10940.0,4.0,0.015382795226706492,0.1162109375,0.46484375,1.0,0.8924664012660171,True,False,False,True
MFJ160,3,87.0,10940.0,10944.0,4.0,0.0861248420755956,0.7333984375,2.93359375,1.0,1.6555485809562624,,False,False,True
MFJ160,3,88.0,10944.0,10948.0,4.0,-0.1121390004056736,0.0,0.0,0.0,1.0620041177599973,True,False,False,True
MFJ160,4,0.0,10982.0,10986.0,4.0,-0.006690916006921649,0.0,0.0,0.0,0.8886535329612069,True,False,False,True
MFJ160,4,1.0,10986.0,10990.0,4.0,0.06506165569235775,0.0,0.0,0.0,0.8805933876795904,True,False,False,True
MFJ160,4,2.0,10990.0,10994.0,4.0,0.0968175027401462,0.0,0.0,0.0,0.9500290325623251,True,False,False,True
MFJ160,4,3.0,10994.0,10998.0,4.0,-0.0677035905431001,0.9638671875,3.85546875,1.0,4.044631961841022,,True,True,True
MFJ160,4,4.0,10998.0,11002.0,4.0,-0.05694680918515055,1.0,4.0,2.0,8.638676668284115,,True,True,True
MFJ160,4,5.0,11002.0,11006.0,4.0,0.18760866890357886,1.0,4.0,1.0,10.670208465215659,False,True,True,True
MFJ160,4,6.0,11006.0,11010.0,4.0,-0.2912141157808814,0.6103515625,2.44140625,1.0,3.4769747478377617,False,False,False,True
MFJ160,4,7.0,11010.0,11014.0,4.0,0.14784363957490798,0.0,0.0,0.0,2.0891761434922413,True,False,False,True
MFJ160,4,8.0,11014.0,11018.0,4.0,-0.2330284686198338,0.0,0.0,0.0,1.6698975815503498,False,False,False,True
MFJ160,4,9.0,11018.0,11022.0,4.0,0.0493372055593615,0.0,0.0,0.0,1.1585420960092105,True,False,False,True
MFJ160,4,10.0,11022.0,11026.0,4.0,-0.052793585237239295,0.0,0.0,0.0,1.2925721394858944,True,False,False,True
MFJ160,4,11.0,11026.0,11030.0,4.0,-0.1491330292158379,0.0,0.0,0.0,1.41097985792207,True,False,False,True
MFJ160,4,12.0,11030.0,11034.0,4.0,0.2694679892579824,0.0,0.0,0.0,1.5604853447545373,True,False,False,True
MFJ160,4,13.0,11034.0,11038.0,4.0,0.2801638364070891,0.0,0.0,0.0,1.7256960794364251,False,False,False,True
MFJ160,4,14.0,11038.0,11042.0,4.0,0.3200660724336645,0.0,0.0,0.0,2.163324642020778,False,False,False,True
MFJ160,4,15.0,11042.0,11046.0,4.0,0.26610710788402936,0.0,0.0,0.0,1.9810818329444908,True,False,False,True
MFJ160,4,16.0,11046.0,11050.0,4.0,0.4374470652090375,0.0,0.0,0.0,1.9707919008154475,False,False,False,True
MFJ160,4,17.0,11050.0,11054.0,4.0,-0.1509785338229321,0.0,0.0,0.0,1.5948568114672304,False,False,False,True
MFJ160,4,18.0,11054.0,11058.0,4.0,0.17874110522347875,0.0,0.0,0.0,1.070978126093393,True,False,False,True
MFJ160,4,19.0,11058.0,11062.0,4.0,0.07418680251740586,0.0,0.0,0.0,1.0422952094226376,True,False,False,True
MFJ160,4,20.0,11062.0,11066.0,4.0,0.2317117575547067,0.0,0.0,0.0,0.8449169100362368,True,False,False,True
MFJ160,4,21.0,11066.0,11070.0,4.0,0.12221086718112321,0.0,0.0,0.0,0.8336418694060637,True,False,False,True
MFJ160,4,22.0,11070.0,11074.0,4.0,0.0212239569052212,0.0,0.0,0.0,0.9028542698018411,True,False,False,True
MFJ160,4,23.0,11074.0,11078.0,4.0,0.02865426416271305,0.0,0.0,0.0,0.8365559557364923,True,False,False,True
MFJ160,4,24.0,11078.0,11082.0,4.0,-0.11123894418948635,0.0,0.0,0.0,0.8615086688529718,True,False,False,True
MFJ160,4,25.0,11082.0,11086.0,4.0,0.019571200761725395,0.0,0.0,0.0,1.0739290657559244,True,False,False,True
MFJ160,4,26.0,11086.0,11090.0,4.0,0.09184484128203485,0.0,0.0,0.0,1.1691219135127164,True,False,False,True
MFJ160,4,27.0,11090.0,11094.0,4.0,0.034210176514600295,0.0,0.0,0.0,0.9778402123527933,True,False,False,True
MFJ160,4,28.0,11094.0,11098.0,4.0,0.1390908084806875,0.0,0.0,0.0,0.8674297209368733,True,False,False,True
MFJ160,4,30.0,11102.0,11106.0,4.0,0.1722090139187947,0.0,0.0,0.0,0.8225802195574853,True,False,False,True
MFJ160,4,31.0,11106.0,11110.0,4.0,-0.061230862643044795,0.0,0.0,0.0,0.7965831682570368,True,False,False,True
MFJ160,4,32.0,11110.0,11114.0,4.0,0.1487450771167528,0.0,0.0,0.0,0.9222584071586759,True,False,False,True
MFJ160,4,33.0,11114.0,11118.0,4.0,0.0674561022171206,0.0,0.0,0.0,1.769126730440335,False,False,False,True
MFJ160,4,34.0,11118.0,11122.0,4.0,0.038149539467754554,0.0,0.0,0.0,1.6373254340330978,True,False,False,True
MFJ160,4,35.0,11122.0,11126.0,4.0,-0.10272120337785516,0.0,0.0,0.0,1.0627950695423103,True,False,False,True
MFJ160,4,38.0,11134.0,11138.0,4.0,-0.28213019466763894,0.0,0.0,0.0,0.8986064605310897,True,False,False,True
MFJ160,4,39.0,11138.0,11142.0,4.0,-0.0514333281937839,0.0,0.0,0.0,0.8985866245221868,True,False,False,True
MFJ160,4,40.0,11142.0,11146.0,4.0,0.021706416548250493,0.0,0.0,0.0,1.0521468225713306,True,False,False,True
MFJ160,4,42.0,11150.0,11154.0,4.0,-0.1666776290250344,0.0,0.0,0.0,1.3124650244394789,False,False,False,True
MFJ160,4,43.0,11154.0,11158.0,4.0,0.26240282955595406,0.0,0.0,0.0,0.9447478415505148,True,False,False,True
MFJ160,4,44.0,11158.0,11162.0,4.0,0.0730482440990779,0.0,0.0,0.0,0.9158575094468053,True,False,False,True
MFJ160,4,45.0,11162.0,11166.0,4.0,-0.06801875288793245,0.0,0.0,0.0,0.851631799791535,True,False,False,True
MFJ160,4,46.0,11166.0,11170.0,4.0,-0.1927187687140178,0.0,0.0,0.0,0.8570415556794271,True,False,False,True
MFJ160,4,47.0,11170.0,11174.0,4.0,0.2907159179904323,0.0,0.0,0.0,1.020947117553562,True,False,False,True
MFJ160,4,48.0,11174.0,11178.0,4.0,0.19857068888553497,0.0,0.0,0.0,1.1678805073506437,True,False,False,True
MFJ160,4,49.0,11178.0,11182.0,4.0,-0.0338881149832966,0.0,0.0,0.0,1.073946748418458,True,False,False,True
MFJ160,4,50.0,11182.0,11186.0,4.0,-0.13197524623196472,0.0,0.0,0.0,1.2866471075859356,True,False,False,True
MFJ160,4,51.0,11186.0,11190.0,4.0,0.11244672458484956,0.0,0.0,0.0,0.966806369415556,True,False,False,True
MFJ160,4,52.0,11190.0,11194.0,4.0,0.15053450563946486,0.0,0.0,0.0,0.8520910023226627,True,False,False,True
MFJ160,4,53.0,11194.0,11198.0,4.0,0.0474912392178057,0.0,0.0,0.0,1.2469389608033778,True,False,False,True
MFJ160,4,54.0,11198.0,11202.0,4.0,-0.6710156452719472,0.0,0.0,0.0,2.0941235657888377,False,False,False,True
MFJ160,4,55.0,11202.0,11206.0,4.0,-0.3149775505533979,0.0,0.0,0.0,1.378108045667498,False,False,False,True
MFJ160,4,56.0,11206.0,11210.0,4.0,-0.1961093854626917,0.0,0.0,0.0,1.0525579782611965,True,False,False,True
MFJ160,4,58.0,11214.0,11218.0,4.0,0.1117730587705992,0.0,0.0,0.0,2.1028336699931263,False,False,False,True
MFJ160,5,0.0,11522.0,11526.0,4.0,0.08159449718430455,0.0,0.0,0.0,2.615874894057056,True,False,False,True
MFJ160,5,1.0,11526.0,11530.0,4.0,-0.0512045678932911,0.0,0.0,0.0,2.0417973276041863,True,False,False,True
MFJ160,5,2.0,11530.0,11534.0,4.0,0.31125562114558825,0.0,0.0,0.0,1.0397745392196651,True,False,False,True
MFJ160,5,3.0,11534.0,11538.0,4.0,0.016697367525527945,0.0,0.0,0.0,0.8626717826359898,True,False,False,True
MFJ160,5,4.0,11538.0,11542.0,4.0,-0.09452525150299684,0.0,0.0,0.0,2.208755923304779,True,False,False,True
MFJ160,5,5.0,11542.0,11546.0,4.0,0.3276344318714119,0.0,0.0,0.0,1.155861353230102,True,False,False,True
MFJ160,6,1.0,11856.0,11860.0,4.0,-0.059417397527030354,0.0,0.0,0.0,0.805663736439004,True,False,False,True
MFJ160,6,2.0,11860.0,11864.0,4.0,0.15866701830691224,0.0,0.0,0.0,0.8014483022381456,True,False,False,True
MFJ160,6,5.0,11872.0,11876.0,4.0,0.05043065151262324,0.0,0.0,0.0,0.9005666909145497,True,False,False,True
MFJ160,6,6.0,11876.0,11880.0,4.0,0.05517424562061845,0.0,0.0,0.0,0.7354154611277474,True,False,False,True
MFJ160,6,7.0,11880.0,11884.0,4.0,-0.02371570416762085,0.0,0.0,0.0,0.7604110216436294,True,False,False,True
MFJ160,6,8.0,11884.0,11888.0,4.0,-0.1071622140362183,0.0,0.0,0.0,0.8110691615137324,True,False,False,True
MFJ160,6,9.0,11888.0,11892.0,4.0,-0.09759337753753247,0.0,0.0,0.0,0.8123563742855308,True,False,False,True
MFJ160,6,10.0,11892.0,11896.0,4.0,-0.0324521622952815,0.0,0.0,0.0,0.7618338817908761,True,False,False,True
MFJ160,6,11.0,11896.0,11900.0,4.0,0.1182356041525078,0.0,0.0,0.0,0.7796540824374334,True,False,False,True
MFJ160,6,12.0,11900.0,11904.0,4.0,0.09203137111114419,0.0,0.0,0.0,0.7473086248961973,True,False,False,True
MFJ160,6,13.0,11904.0,11908.0,4.0,0.23318252830825303,0.0,0.0,0.0,0.743461931141508,True,False,False,True
MFJ160,7,0.0,11942.0,11946.0,4.0,0.3023863315268498,0.85546875,3.421875,1.0,3.3566135123490137,,True,True,True
MFJ160,7,1.0,11946.0,11950.0,4.0,0.013545404761119706,1.0,4.0,2.0,15.402016174547644,,True,True,True
MFJ160,7,2.0,11950.0,11954.0,4.0,0.025164507006879527,0.9365234375,3.74609375,2.0,4.059897632376362,False,True,True,True
MFJ160,7,3.0,11954.0,11958.0,4.0,0.232933035758781,0.0,0.0,0.0,6.884638315884114,False,False,False,True
MFJ160,7,4.0,11958.0,11962.0,4.0,-0.0841732659163801,0.0,0.0,0.0,5.582539171679766,False,False,False,True
MFJ160,7,5.0,11962.0,11966.0,4.0,-0.0523076904445514,0.0,0.0,0.0,1.628670092362923,True,False,False,True
MFJ160,7,6.0,11966.0,11970.0,4.0,0.05747403872446251,0.0,0.0,0.0,1.7641508885882506,True,False,False,True
MFJ160,7,7.0,11970.0,11974.0,4.0,0.0794887161161214,0.0,0.0,0.0,0.8504459075930997,True,False,False,True
MFJ160,7,8.0,11974.0,11978.0,4.0,0.07744021920699395,0.0,0.0,0.0,0.8447929959909275,True,False,False,True
MFJ160,7,10.0,11982.0,11986.0,4.0,0.06295064412730775,0.0,0.0,0.0,0.8205339455758218,True,False,False,True
MFJ160,7,11.0,11986.0,11990.0,4.0,0.0636464542620869,0.0,0.0,0.0,0.9076397054803929,True,False,False,True
MFJ160,7,12.0,11990.0,11994.0,4.0,0.09846464945901469,0.0,0.0,0.0,0.9621704508733948,True,False,False,True
MFJ160,7,13.0,11994.0,11998.0,4.0,-0.041097907678295645,0.0,0.0,0.0,0.9274692216499505,True,False,False,True
MFJ160,8,2.0,15400.0,15404.0,4.0,0.2541747134473915,0.0,0.0,0.0,1.6342339591921689,False,False,False,True
MFJ160,9,16.0,15636.0,15640.0,4.0,-0.0053513744957703,0.15625,0.625,1.0,1.7751857607801442,False,False,False,True
MFJ160,9,17.0,15640.0,15644.0,4.0,0.2124723260458795,1.0,4.0,2.0,9.184906366961226,,True,True,True
MFJ160,9,18.0,15644.0,15648.0,4.0,0.01940313816033659,0.9365234375,3.74609375,2.0,3.9716843614560355,,True,True,True
MFJ160,9,19.0,15648.0,15652.0,4.0,-0.3501354922354829,0.0,0.0,0.0,7.14653748073802,False,False,False,True
MFJ160,9,20.0,15652.0,15656.0,4.0,0.1111766652193163,0.0,0.0,0.0,3.010476645131521,False,False,False,True
MFJ160,9,39.0,15728.0,15732.0,4.0,0.2230329964279938,0.0,0.0,0.0,3.744763013583814,False,False,False,True
MFJ160,9,40.0,15732.0,15736.0,4.0,0.0864076867450515,0.61328125,2.453125,1.0,4.2333134286612015,False,False,False,True
MFJ160,9,41.0,15736.0,15740.0,4.0,-0.3201244021701996,1.0,4.0,1.0,10.5059798053647,False,True,True,True
MFJ160,9,42.0,15740.0,15744.0,4.0,-0.44589672308063255,1.0,4.0,1.0,3.3024593174691246,False,True,True,True
MFJ160,10,5.0,21982.0,21986.0,4.0,-0.1725674979618983,0.1005859375,0.40234375,1.0,2.342068800324012,False,False,False,True
MFJ160,10,6.0,21986.0,21990.0,4.0,0.1504364368087679,1.0,4.0,1.0,8.451019380287432,,True,True,True
MFJ160,10,7.0,21990.0,21994.0,4.0,0.1401466349223866,1.0,4.0,1.0,9.701178680092983,,True,True,True
MFJ160,10,8.0,21994.0,21998.0,4.0,-0.035841718227838,1.0,4.0,1.0,8.69878682920931,,True,True,True
MFJ160,10,9.0,21998.0,22002.0,4.0,-0.0486022563322944,0.8671875,3.46875,1.0,1.572844031937738,,True,True,True
MFJ160,10,15.0,22022.0,22026.0,4.0,0.0814417318630504,0.0,0.0,0.0,1.388405928461821,False,False,False,True
PF133,0,0.0,8162.0,8166.0,4.0,-0.0928667041510446,0.0,0.0,0.0,1.346624817227688,False,False,False,True
PF133,0,1.0,8166.0,8170.0,4.0,0.09535659518564256,0.0,0.0,0.0,1.8246713949896618,False,False,False,True
PF133,0,2.0,8170.0,8174.0,4.0,0.2862464618122448,0.0,0.0,0.0,3.463899411461083,False,False,False,True
PF133,0,3.0,8174.0,8178.0,4.0,-0.20654650563318894,0.0,0.0,0.0,1.8909341767512795,False,False,False,True
PF133,0,4.0,8178.0,8182.0,4.0,0.1391611262107962,0.0,0.0,0.0,1.0181382177509604,True,False,False,True
PF133,0,5.0,8182.0,8186.0,4.0,0.1060997031292295,0.0,0.0,0.0,1.309038733918238,False,False,False,True
PF133,1,0.0,8342.0,8346.0,4.0,0.0845831214646133,0.0,0.0,0.0,0.8698359485570637,True,False,False,True
PF133,1,2.0,8350.0,8354.0,4.0,-0.3170897108299322,0.0,0.0,0.0,1.5371534082008134,False,False,False,True
PF133,1,3.0,8354.0,8358.0,4.0,0.246064724773305,0.0,0.0,0.0,0.8701582991840092,True,False,False,True
PF133,1,4.0,8358.0,8362.0,4.0,0.0704879935702146,0.0,0.0,0.0,0.9569078489315546,True,False,False,True
PF133,1,5.0,8362.0,8366.0,4.0,-0.0391694410954976,0.0,0.0,0.0,0.8340703143923199,True,False,False,True
PF133,1,7.0,8370.0,8374.0,4.0,0.2122042982463444,0.0,0.0,0.0,1.0900701471861651,True,False,False,True
PF133,1,8.0,8374.0,8378.0,4.0,-0.1943870570621876,0.0,0.0,0.0,1.3765009257971,False,False,False,True
PF133,1,9.0,8378.0,8382.0,4.0,-0.1739209390520446,0.0,0.0,0.0,1.535876078820092,False,False,False,True
PF133,1,10.0,8382.0,8386.0,4.0,-0.15487989049344641,0.0,0.0,0.0,1.5180264940843338,False,False,False,True
PF133,1,11.0,8386.0,8390.0,4.0,0.1753525115214407,0.0,0.0,0.0,1.3464368614396576,False,False,False,True
PF133,1,12.0,8390.0,8394.0,4.0,-0.1697970924524548,0.0,0.0,0.0,0.9041057335432564,True,False,False,True
PF133,2,1.0,8436.0,8440.0,4.0,-0.11001129087488624,0.65234375,2.609375,1.0,1.4798523443704297,False,False,False,True
PF133,2,2.0,8440.0,8444.0,4.0,0.0140266757351106,0.8388671875,3.35546875,1.0,1.5503302501887537,True,True,True,True
PF133,2,3.0,8444.0,8448.0,4.0,0.0411467714311874,0.0,0.0,0.0,1.8297876202368992,False,False,False,True
PF133,2,4.0,8448.0,8452.0,4.0,-0.1083069108205607,0.0,0.0,0.0,1.6553094206884769,False,False,False,True
PF133,2,5.0,8452.0,8456.0,4.0,-0.3027862910868654,0.0,0.0,0.0,1.525049812740551,True,False,False,True
PF133,2,6.0,8456.0,8460.0,4.0,0.0321111613617729,0.0,0.0,0.0,1.020008258465693,True,False,False,True
PF133,2,8.0,8464.0,8468.0,4.0,-0.1260809505090418,0.0,0.0,0.0,1.2805712723078488,True,False,False,True
PF133,2,9.0,8468.0,8472.0,4.0,0.0361515760566379,0.0,0.0,0.0,1.3560116483114495,True,False,False,True
PF133,2,10.0,8472.0,8476.0,4.0,0.062492410341520296,0.0,0.0,0.0,2.2984419288885505,False,False,False,True
PF133,2,11.0,8476.0,8480.0,4.0,0.064963450356956,0.0,0.0,0.0,0.8991390648336406,True,False,False,True
PF133,2,12.0,8480.0,8484.0,4.0,0.1766057867417449,0.0,0.0,0.0,1.8555205435516748,False,False,False,True
PF133,2,13.0,8484.0,8488.0,4.0,0.3103383907592251,0.0,0.0,0.0,1.4781606434289127,False,False,False,True
PF133,2,14.0,8488.0,8492.0,4.0,0.1395451358702485,0.0,0.0,0.0,0.8941073491385078,True,False,False,True
PF133,2,15.0,8492.0,8496.0,4.0,0.2244039069505123,0.0,0.0,0.0,0.9252994088653828,True,False,False,True
PF133,2,16.0,8496.0,8500.0,4.0,0.0428502855251831,0.0,0.0,0.0,1.674687242178556,False,False,False,True
PF133,2,17.0,8500.0,8504.0,4.0,-0.1221739273098913,0.0,0.0,0.0,1.5244205293933102,True,False,False,True
PF133,2,18.0,8504.0,8508.0,4.0,0.065289563114801,0.0,0.0,0.0,1.336258012992945,False,False,False,True
PF133,2,19.0,8508.0,8512.0,4.0,-0.1312531025901315,0.0,0.0,0.0,2.5706198934547584,False,False,False,True
PF133,2,21.0,8516.0,8520.0,4.0,-0.2061668332877639,0.0,0.0,0.0,1.6614084600748753,False,False,False,True
PF133,2,22.0,8520.0,8524.0,4.0,0.0082404266179776,0.0,0.0,0.0,1.182293931709414,True,False,False,True
PF133,2,23.0,8524.0,8528.0,4.0,0.1406317749235736,0.0,0.0,0.0,1.4587919785268548,True,False,False,True
PF133,2,24.0,8528.0,8532.0,4.0,-0.1833047966189112,0.0,0.0,0.0,1.0691591661261166,True,False,False,True
PF133,2,25.0,8532.0,8536.0,4.0,0.1106387170227225,0.0,0.0,0.0,1.1631967996289847,True,False,False,True
PF133,2,26.0,8536.0,8540.0,4.0,0.1554572633540007,0.0,0.0,0.0,0.9646365552074712,True,False,False,True
PF133,2,27.0,8540.0,8544.0,4.0,0.03303139408423655,0.0,0.0,0.0,1.355578890853163,False,False,False,True
PF133,2,28.0,8544.0,8548.0,4.0,-0.1989132599032493,0.0,0.0,0.0,1.422346280694727,False,False,False,True
PF133,3,0.0,8582.0,8586.0,4.0,-0.0274516345158358,0.0,0.0,0.0,0.9108790922057522,True,False,False,True
PF133,3,1.0,8586.0,8590.0,4.0,0.0476648758163716,0.0,0.0,0.0,0.9224727197254776,True,False,False,True
PF133,3,2.0,8590.0,8594.0,4.0,0.0449832966861492,0.0,0.0,0.0,1.036967872110884,True,False,False,True
PF133,3,3.0,8594.0,8598.0,4.0,0.1907959380087621,0.0,0.0,0.0,0.9169651876097832,True,False,False,True
PF133,3,4.0,8598.0,8602.0,4.0,-0.0656986713479569,0.0,0.0,0.0,1.111299450364541,True,False,False,True
PF133,3,5.0,8602.0,8606.0,4.0,0.0179601428194232,0.0,0.0,0.0,1.39880993986711,True,False,False,True
PF133,3,6.0,8606.0,8610.0,4.0,-0.0532006918989114,0.0,0.0,0.0,1.137156264435826,True,False,False,True
PF133,3,7.0,8610.0,8614.0,4.0,0.1497579004770676,0.0,0.0,0.0,1.6616994882952403,False,False,False,True
PF133,3,10.0,8622.0,8626.0,4.0,0.1707763197774918,0.0,0.0,0.0,2.664774630841734,False,False,False,True
PF133,3,11.0,8626.0,8630.0,4.0,-0.5215648580886894,1.0,4.0,3.0,4.348507443240999,False,True,True,True
PF133,3,12.0,8630.0,8634.0,4.0,-0.30448307364776483,1.0,4.0,3.0,2.655359849676394,False,True,True,True
PF133,3,13.0,8634.0,8638.0,4.0,-0.049020958461753,0.2822265625,1.12890625,1.0,2.8485014443575327,False,False,False,True
PF133,3,14.0,8638.0,8642.0,4.0,0.2029604087873723,0.0,0.0,0.0,1.8372524875416327,False,False,False,True
PF133,3,15.0,8642.0,8646.0,4.0,-0.1683689323391572,0.0,0.0,0.0,1.0378673453817528,True,False,False,True
PF133,3,16.0,8646.0,8650.0,4.0,-0.0665296967999748,0.0,0.0,0.0,1.003524928020156,True,False,False,True
PF133,3,17.0,8650.0,8654.0,4.0,0.0044092196702385,0.0,0.0,0.0,1.104849648256847,True,False,False,True
PF133,3,18.0,8654.0,8658.0,4.0,0.1307455590822127,0.0,0.0,0.0,1.1594389516804933,True,False,False,True
PF133,3,19.0,8658.0,8662.0,4.0,-0.0232395046743412,0.0,0.0,0.0,1.0014548467434372,True,False,False,True
PF133,3,20.0,8662.0,8666.0,4.0,-0.0098568663210275,0.0,0.0,0.0,1.8488562391521368,False,False,False,True
PF133,3,21.0,8666.0,8670.0,4.0,-0.1502436933998859,0.0,0.0,0.0,1.835809078982943,False,False,False,True
PF133,3,22.0,8670.0,8674.0,4.0,-0.0393779333664609,0.0,0.0,0.0,1.364939026569984,False,False,False,True
PF133,3,23.0,8674.0,8678.0,4.0,0.0791685289612264,0.0,0.0,0.0,0.7752396397161173,True,False,False,True
PF133,3,24.0,8678.0,8682.0,4.0,0.1126741777928773,0.0,0.0,0.0,0.8972403034927103,True,False,False,True
PF133,3,25.0,8682.0,8686.0,4.0,0.1432396962438389,0.0,0.0,0.0,0.9202742066416087,True,False,False,True
PF133,3,26.0,8686.0,8690.0,4.0,0.180899396949952,0.0,0.0,0.0,1.0252565773436324,True,False,False,True
PF133,3,28.0,8694.0,8698.0,4.0,0.175895919488827,0.0,0.0,0.0,0.855933089281988,True,False,False,True
PF133,3,29.0,8698.0,8702.0,4.0,0.3342288502107046,0.0,0.0,0.0,1.855498793672125,False,False,False,True
PF133,3,30.0,8702.0,8706.0,4.0,0.0734862997583888,0.0,0.0,0.0,0.9100252169367024,True,False,False,True
PF133,3,31.0,8706.0,8710.0,4.0,0.0870567507535323,0.0,0.0,0.0,1.6547008273417374,False,False,False,True
PF133,3,32.0,8710.0,8714.0,4.0,0.0066955784490891,0.0,0.0,0.0,1.1087665810638352,True,False,False,True
PF133,3,33.0,8714.0,8718.0,4.0,-0.003171047920278,0.0,0.0,0.0,1.1466318013581664,True,False,False,True
PF133,3,34.0,8718.0,8722.0,4.0,0.0899307435050792,0.0,0.0,0.0,1.066156258290822,True,False,False,True
PF133,3,35.0,8722.0,8726.0,4.0,0.3087489435863833,0.0,0.0,0.0,1.0347216884704629,True,False,False,True
PF133,3,36.0,8726.0,8730.0,4.0,0.1006416968811784,0.0,0.0,0.0,0.9925091643633852,True,False,False,True
PF133,3,37.0,8730.0,8734.0,4.0,-0.3598373091106235,0.0,0.0,0.0,1.6303870694876217,False,False,False,True
PF133,3,38.0,8734.0,8738.0,4.0,0.0688349959451485,0.0,0.0,0.0,1.2318025056553794,True,False,False,True
PF133,3,40.0,8742.0,8746.0,4.0,-0.0683911288199259,0.0,0.0,0.0,0.959726840296016,True,False,False,True
PF133,3,41.0,8746.0,8750.0,4.0,0.0593008401458038,0.0,0.0,0.0,0.9582432045800624,True,False,False,True
PF133,3,42.0,8750.0,8754.0,4.0,0.1559230578507758,0.0,0.0,0.0,0.9611849774814216,True,False,False,True
PF133,3,43.0,8754.0,8758.0,4.0,-0.0444372668345749,0.0,0.0,0.0,0.9257925868864212,True,False,False,True
PF133,3,44.0,8758.0,8762.0,4.0,0.1701415293191912,0.0,0.0,0.0,1.3916158649623565,True,False,False,True
PF133,3,45.0,8762.0,8766.0,4.0,0.30954339133131903,0.0,0.0,0.0,2.0140933275996997,False,False,False,True
PF133,3,46.0,8766.0,8770.0,4.0,0.0639681449175837,0.0,0.0,0.0,1.4185540371331211,True,False,False,True
PF133,3,47.0,8770.0,8774.0,4.0,0.0808798174661392,0.0,0.0,0.0,0.9460950095903984,True,False,False,True
PF133,3,48.0,8774.0,8778.0,4.0,-0.1068023390039471,0.0,0.0,0.0,1.8791103048145965,False,False,False,True
PF133,3,49.0,8778.0,8782.0,4.0,0.0097633564062753,0.0,0.0,0.0,1.7879705931486487,True,False,False,True
PF133,3,50.0,8782.0,8786.0,4.0,0.0642323520708415,0.0,0.0,0.0,2.044410280999024,False,False,False,True
PF133,4,0.0,8822.0,8826.0,4.0,-0.1173694066547464,0.0,0.0,0.0,1.3038704760421795,True,False,False,True
PF133,4,1.0,8826.0,8830.0,4.0,0.010835423683294,0.0,0.0,0.0,1.281508035608245,True,False,False,True
PF133,4,2.0,8830.0,8834.0,4.0,0.0860346795269302,0.0,0.0,0.0,1.1874321702094754,True,False,False,True
PF133,4,3.0,8834.0,8838.0,4.0,0.0204805819041902,0.0,0.0,0.0,1.201889900629055,True,False,False,True
PF133,4,4.0,8838.0,8842.0,4.0,-0.0157433245456782,0.0,0.0,0.0,1.0970717291331449,True,False,False,True
PF133,4,5.0,8842.0,8846.0,4.0,0.0313519631692082,0.0,0.0,0.0,0.811347752110807,True,False,False,True
PF133,4,6.0,8846.0,8850.0,4.0,0.0152108166218747,0.0,0.0,0.0,0.9169257373917072,True,False,False,True
PF133,4,7.0,8850.0,8854.0,4.0,0.0697736508616216,0.0,0.0,0.0,0.9967639256846312,True,False,False,True
PF133,4,8.0,8854.0,8858.0,4.0,-0.2163203298104618,0.0,0.0,0.0,1.927691956512088,False,False,False,True
PF133,4,9.0,8858.0,8862.0,4.0,-0.2616021327531467,0.0,0.0,0.0,1.6864750809300328,False,False,False,True
PF133,4,10.0,8862.0,8866.0,4.0,-0.008216092568240546,0.0,0.0,0.0,1.7696381512169226,False,False,False,True
PF133,4,11.0,8866.0,8870.0,4.0,0.0542007175410511,0.0,0.0,0.0,1.178846437536584,True,False,False,True
PF133,4,12.0,8870.0,8874.0,4.0,-0.1135410540215752,0.0,0.0,0.0,1.463547762894175,True,False,False,True
PF133,4,13.0,8874.0,8878.0,4.0,0.1153714825391878,0.0,0.0,0.0,1.1995874988570596,True,False,False,True
PF133,4,15.0,8882.0,8886.0,4.0,0.14372908562346454,0.0,0.0,0.0,1.7067428341549113,False,False,False,True
PF133,4,16.0,8886.0,8890.0,4.0,0.17271111793374455,0.0,0.0,0.0,2.231007028260422,False,False,False,True
PF133,4,17.0,8890.0,8894.0,4.0,-0.0100084815900017,0.0,0.0,0.0,0.9413162664652724,True,False,False,True
PF133,4,18.0,8894.0,8898.0,4.0,0.1486391366049187,0.0,0.0,0.0,1.9571159919499328,False,False,False,True
PF133,4,19.0,8898.0,8902.0,4.0,0.1788057171504402,0.0,0.0,0.0,2.471097631717616,False,False,False,True
PF133,4,20.0,8902.0,8906.0,4.0,0.1421672224531246,0.0,0.0,0.0,1.071309779996017,True,False,False,True
PF133,4,21.0,8906.0,8910.0,4.0,-0.0456580937174947,0.0,0.0,0.0,0.9106133984672072,True,False,False,True
PF133,4,22.0,8910.0,8914.0,4.0,-0.012372450308457402,0.0,0.0,0.0,1.6960389365924544,False,False,False,True
PF133,4,23.0,8914.0,8918.0,4.0,0.02898953409532745,0.0,0.0,0.0,2.323476934730178,False,False,False,True
PF133,4,24.0,8918.0,8922.0,4.0,-0.1243789621565526,0.0,0.0,0.0,1.075858396229427,True,False,False,True
PF133,4,25.0,8922.0,8926.0,4.0,0.1219475102551798,0.0,0.0,0.0,1.037852679161172,True,False,False,True
PF133,4,26.0,8926.0,8930.0,4.0,0.1374993122664357,0.0,0.0,0.0,0.8132238854246254,True,False,False,True
PF133,4,27.0,8930.0,8934.0,4.0,0.0389268734194438,0.0,0.0,0.0,0.9949484806069206,True,False,False,True
PF133,4,28.0,8934.0,8938.0,4.0,0.5221880560167093,0.0,0.0,0.0,2.1704515619062805,False,False,False,True
PF133,4,29.0,8938.0,8942.0,4.0,0.0763114110714737,0.0,0.0,0.0,1.0351119395647106,True,False,False,True
PF133,4,30.0,8942.0,8946.0,4.0,0.042357582590587,0.0,0.0,0.0,0.9166541435700464,True,False,False,True
PF133,4,31.0,8946.0,8950.0,4.0,-0.119132823437423,0.0,0.0,0.0,0.9546649467211034,True,False,False,True
PF133,4,32.0,8950.0,8954.0,4.0,-0.2216802733288774,0.0,0.0,0.0,1.9082040460466692,False,False,False,True
PF133,4,33.0,8954.0,8958.0,4.0,-0.0669007119529613,0.0,0.0,0.0,2.5598195200969074,False,False,False,True
PF133,4,34.0,8958.0,8962.0,4.0,0.0662464421243632,0.0,0.0,0.0,1.574737253714252,False,False,False,True
PF133,4,35.0,8962.0,8966.0,4.0,0.05969362648521871,0.0,0.0,0.0,1.5383497036568983,False,False,False,True
PF133,4,36.0,8966.0,8970.0,4.0,0.1358340274274804,0.0,0.0,0.0,1.083705707468294,True,False,False,True
PF133,4,37.0,8970.0,8974.0,4.0,0.1517495643274082,0.0,0.0,0.0,1.1324991446919856,True,False,False,True
PF133,4,38.0,8974.0,8978.0,4.0,0.1846520512622081,0.0,0.0,0.0,2.2685230417081925,False,False,False,True
PF133,4,39.0,8978.0,8982.0,4.0,-0.2324628552651355,0.0,0.0,0.0,1.1498735524610355,True,False,False,True
PF133,4,40.0,8982.0,8986.0,4.0,0.0933555097808612,0.0,0.0,0.0,1.0467019682925949,True,False,False,True
PF133,4,41.0,8986.0,8990.0,4.0,0.0194990098179431,0.0,0.0,0.0,1.015952538330235,True,False,False,True
PF133,4,42.0,8990.0,8994.0,4.0,-0.064674998703852,0.0,0.0,0.0,1.0232262434569437,True,False,False,True
PF133,4,43.0,8994.0,8998.0,4.0,0.1571118562391137,0.0,0.0,0.0,0.8003906873629321,True,False,False,True
PF133,4,44.0,8998.0,9002.0,4.0,0.0710429335084847,0.0,0.0,0.0,1.1492830911456215,True,False,False,True
PF133,4,45.0,9002.0,9006.0,4.0,-0.0961428974012201,0.0,0.0,0.0,2.0584385614876664,False,False,False,True
PF133,4,46.0,9006.0,9010.0,4.0,0.1473812930537522,0.0,0.0,0.0,0.7511526648976232,True,False,False,True
PF133,4,47.0,9010.0,9014.0,4.0,0.1248416610358341,0.0,0.0,0.0,0.937640062912476,True,False,False,True
PF133,4,48.0,9014.0,9018.0,4.0,0.0016994707757584,0.0,0.0,0.0,1.0280224222080605,True,False,False,True
PF133,4,49.0,9018.0,9022.0,4.0,0.0664489332743317,0.0,0.0,0.0,1.0186078222176087,True,False,False,True
PF133,4,50.0,9022.0,9026.0,4.0,-0.0728162929037767,0.0,0.0,0.0,1.466605233320019,True,False,False,True
PF133,4,51.0,9026.0,9030.0,4.0,-0.028282528536039,0.0,0.0,0.0,1.0571161544974783,True,False,False,True
PF133,4,52.0,9030.0,9034.0,4.0,0.0471611971683551,0.0,0.0,0.0,0.9819222144373684,True,False,False,True
PF133,4,53.0,9034.0,9038.0,4.0,-0.0558577900916168,0.0,0.0,0.0,1.0938457572180025,True,False,False,True
PF133,4,54.0,9038.0,9042.0,4.0,-0.0967363462972833,0.0,0.0,0.0,2.2275902483797867,False,False,False,True
PF133,4,55.0,9042.0,9046.0,4.0,0.2600783427999121,0.0,0.0,0.0,1.0248368218218151,True,False,False,True
PF133,4,56.0,9046.0,9050.0,4.0,-0.0170627032501204,0.0,0.0,0.0,0.9008948204288062,True,False,False,True
PF133,4,57.0,9050.0,9054.0,4.0,-0.0710877932327401,0.0,0.0,0.0,1.3384232041504585,True,False,False,True
PF133,4,58.0,9054.0,9058.0,4.0,-0.0048151724857847,0.0,0.0,0.0,0.9551200655534868,True,False,False,True
PF133,5,0.0,9092.0,9096.0,4.0,-0.1491547964312028,0.0,0.0,0.0,0.8990277746891332,True,False,False,True
PF133,5,1.0,9096.0,9100.0,4.0,0.21293308053981116,0.0,0.0,0.0,1.8270319706559075,False,False,False,True
PF133,5,2.0,9100.0,9104.0,4.0,0.0399525461336131,0.0,0.0,0.0,1.1952510026634238,True,False,False,True
PF133,5,3.0,9104.0,9108.0,4.0,-0.1029390488633079,0.0,0.0,0.0,1.0012586093346616,True,False,False,True
PF133,5,4.0,9108.0,9112.0,4.0,-0.0075577886945543,0.0,0.0,0.0,1.035628958938701,True,False,False,True
PF133,5,5.0,9112.0,9116.0,4.0,0.0861682302182048,0.0,0.0,0.0,1.0425915573138882,True,False,False,True
PF133,5,6.0,9116.0,9120.0,4.0,-0.0066859502186496,0.0,0.0,0.0,1.358852657926004,True,False,False,True
PF133,5,7.0,9120.0,9124.0,4.0,-0.1540771244992215,0.0,0.0,0.0,2.2639784519017274,False,False,False,True
PF133,5,8.0,9124.0,9128.0,4.0,-0.1409789556449261,0.0,0.0,0.0,0.9497904865824554,True,False,False,True
PF133,5,9.0,9128.0,9132.0,4.0,0.0429188647853839,0.0,0.0,0.0,1.447374246680166,False,False,False,True
PF133,5,10.0,9132.0,9136.0,4.0,-0.2480988471311519,0.0,0.0,0.0,0.9771522717033256,True,False,False,True
PF133,5,11.0,9136.0,9140.0,4.0,0.1882223979222162,0.0,0.0,0.0,1.036915943232139,True,False,False,True
PF133,5,12.0,9140.0,9144.0,4.0,-0.1035228219187444,0.0,0.0,0.0,0.9177707430846784,True,False,False,True
PF133,5,13.0,9144.0,9148.0,4.0,0.3492867194839073,0.0,0.0,0.0,1.9132913396448064,False,False,False,True
PF133,5,14.0,9148.0,9152.0,4.0,0.0005613523636464,0.0,0.0,0.0,0.9842122180585556,True,False,False,True
PF133,5,15.0,9152.0,9156.0,4.0,0.0910670858489273,0.0,0.0,0.0,1.126054842223447,True,False,False,True
PF133,5,16.0,9156.0,9160.0,4.0,0.21600001225675552,0.0,0.0,0.0,1.73597693290602,False,False,False,True
PF133,5,17.0,9160.0,9164.0,4.0,0.224869927880278,0.0,0.0,0.0,0.9674896485978368,True,False,False,True
PF133,5,19.0,9168.0,9172.0,4.0,0.1135674954793682,0.0,0.0,0.0,1.0622958977417951,True,False,False,True
PF133,5,20.0,9172.0,9176.0,4.0,0.2675348242784857,0.0,0.0,0.0,1.5754206833068731,True,False,False,True
PF133,5,21.0,9176.0,9180.0,4.0,-0.0355365830548383,0.2890625,1.15625,1.0,1.1036528476562215,True,False,False,True
PF133,5,22.0,9180.0,9184.0,4.0,-0.05667580841726815,0.0,0.0,0.0,1.4293752681754697,True,False,False,True
PF133,5,23.0,9184.0,9188.0,4.0,-0.0390494254958008,0.0,0.0,0.0,1.3455726134352175,True,False,False,True
PF133,5,24.0,9188.0,9192.0,4.0,-0.1198312212159679,0.0,0.0,0.0,0.8973691378991928,True,False,False,True
PF133,5,25.0,9192.0,9196.0,4.0,-0.2568454528386955,0.0,0.0,0.0,1.4702088095819985,False,False,False,True
PF133,5,26.0,9196.0,9200.0,4.0,-0.3142290439858408,0.0,0.0,0.0,0.830765209914307,True,False,False,True
PF133,5,27.0,9200.0,9204.0,4.0,0.014471897454414,0.0,0.0,0.0,1.0921468601529924,True,False,False,True
PF133,5,28.0,9204.0,9208.0,4.0,0.2217268052124869,0.0,0.0,0.0,0.9642861013834364,True,False,False,True
PF133,5,30.0,9212.0,9216.0,4.0,0.0172521748655077,0.0,0.0,0.0,0.7993380248969374,True,False,False,True
PF133,5,31.0,9216.0,9220.0,4.0,0.12547019077974514,0.0,0.0,0.0,1.3736174022168899,False,False,False,True
PF133,5,32.0,9220.0,9224.0,4.0,0.1700024230510808,0.0,0.0,0.0,1.603560085676945,False,False,False,True
PF133,5,33.0,9224.0,9228.0,4.0,-0.0878895744693944,0.0,0.0,0.0,1.2222922476232905,True,False,False,True
PF133,5,34.0,9228.0,9232.0,4.0,-0.093239980163624,0.0,0.0,0.0,1.335570532545627,True,False,False,True
PF133,5,35.0,9232.0,9236.0,4.0,0.0407051959279547,0.0,0.0,0.0,2.165197663257452,False,False,False,True
PF133,6,0.0,9272.0,9276.0,4.0,-0.0024530601955785,0.0,0.0,0.0,1.8484312244282144,False,False,False,True
PF133,6,1.0,9276.0,9280.0,4.0,-0.0461638349984646,0.0,0.0,0.0,1.753277433340789,True,False,False,True
PF133,6,2.0,9280.0,9284.0,4.0,-0.0035266122245494,0.0,0.0,0.0,1.5429016789068144,True,False,False,True
PF133,6,3.0,9284.0,9288.0,4.0,-0.063040566267994,0.0,0.0,0.0,0.9722043701699418,True,False,False,True
PF133,6,4.0,9288.0,9292.0,4.0,-0.0968589033720528,0.0,0.0,0.0,1.0301945113301436,True,False,False,True
PF133,6,5.0,9292.0,9296.0,4.0,-0.2597934162898887,0.0,0.0,0.0,1.5483584278585674,False,False,False,True
PF133,6,6.0,9296.0,9300.0,4.0,-0.1618780770992448,0.0,0.0,0.0,0.9190446381571082,True,False,False,True
PF133,6,7.0,9300.0,9304.0,4.0,-0.0785446568099066,0.0,0.0,0.0,1.0086488216660223,True,False,False,True
PF133,6,8.0,9304.0,9308.0,4.0,0.1720685332807338,0.0,0.0,0.0,0.9793045892497418,True,False,False,True
PF133,6,9.0,9308.0,9312.0,4.0,0.1568043026332395,0.0,0.0,0.0,0.967594651013613,True,False,False,True
PF133,6,10.0,9312.0,9316.0,4.0,0.1521616478574374,0.0,0.0,0.0,1.1581698615394096,True,False,False,True
PF133,6,12.0,9320.0,9324.0,4.0,0.07724204129698635,0.0,0.0,0.0,1.5743426708336532,False,False,False,True
PF133,6,13.0,9324.0,9328.0,4.0,-0.082662791574192,0.0,0.0,0.0,1.1976570781598823,True,False,False,True
PF133,6,14.0,9328.0,9332.0,4.0,-0.0865396874348389,0.0,0.0,0.0,1.1904032358360317,True,False,False,True
PF133,6,15.0,9332.0,9336.0,4.0,-0.4072840670403012,0.0,0.0,0.0,1.299937775790749,True,False,False,True
PF133,6,16.0,9336.0,9340.0,4.0,-0.1437003984604214,0.0,0.0,0.0,1.8333848935742445,False,False,False,True
PF133,6,17.0,9340.0,9344.0,4.0,-0.1315136348365792,0.0,0.0,0.0,1.6695482734161715,False,False,False,True
PF133,6,18.0,9344.0,9348.0,4.0,0.0628190430027935,0.0,0.0,0.0,1.1113789060824766,True,False,False,True
PF133,6,19.0,9348.0,9352.0,4.0,0.0565389141333528,0.0,0.0,0.0,1.103219551419147,True,False,False,True
PF133,6,20.0,9352.0,9356.0,4.0,0.4079660281650219,0.0,0.0,0.0,1.355879109198119,False,False,False,True
PF133,6,21.0,9356.0,9360.0,4.0,0.1620457899979828,0.0,0.0,0.0,0.9703331125646598,True,False,False,True
PF133,6,23.0,9364.0,9368.0,4.0,0.0700871205994362,0.0,0.0,0.0,0.8211287878638955,True,False,False,True
PF133,6,24.0,9368.0,9372.0,4.0,-0.0438369095988101,0.0,0.0,0.0,0.9271323754230996,True,False,False,True
PF133,6,25.0,9372.0,9376.0,4.0,-0.1085296995956122,0.0,0.0,0.0,1.2378161669071392,True,False,False,True
PF133,6,26.0,9376.0,9380.0,4.0,-0.13500067422979725,0.0,0.0,0.0,1.434425680954166,False,False,False,True
PF133,6,27.0,9380.0,9384.0,4.0,0.0965958337529686,0.0,0.0,0.0,0.9827153897728388,True,False,False,True
PF133,6,28.0,9384.0,9388.0,4.0,0.0437784909338585,0.0,0.0,0.0,0.8872630811691172,True,False,False,True
PF133,7,0.0,18122.0,18126.0,4.0,0.0397385309497815,0.0,0.0,0.0,1.369606600710859,False,False,False,True
PF133,7,1.0,18126.0,18130.0,4.0,-0.18675279413207335,0.2236328125,0.89453125,1.0,1.4257160746688498,False,False,False,True
PF133,7,2.0,18130.0,18134.0,4.0,-0.2578946078713444,0.6123046875,2.44921875,1.0,1.0817557421552946,True,False,False,True
PF133,7,3.0,18134.0,18138.0,4.0,0.035628999087341,0.0,0.0,0.0,0.8729387434242541,True,False,False,True
PF133,7,6.0,18146.0,18150.0,4.0,-0.06021656554606225,0.0,0.0,0.0,1.9320114903879535,False,False,False,True
PF133,7,7.0,18150.0,18154.0,4.0,0.1482025306572228,0.0,0.0,0.0,1.048583688170892,True,False,False,True
PF133,7,8.0,18154.0,18158.0,4.0,-0.0228423438191903,0.0,0.0,0.0,1.132121885432209,True,False,False,True
PF133,7,9.0,18158.0,18162.0,4.0,0.1054524932893479,0.767578125,3.0703125,1.0,1.3428287285850282,True,True,True,True
PF133,7,10.0,18162.0,18166.0,4.0,0.1370644603232786,0.0888671875,0.35546875,1.0,1.247996749504338,True,False,False,True
PF133,7,11.0,18166.0,18170.0,4.0,0.0055286923847499,0.0,0.0,0.0,1.0832413221014614,True,False,False,True
PF133,7,12.0,18170.0,18174.0,4.0,0.0717544344190582,0.0,0.0,0.0,1.0636856584524543,True,False,False,True
PF133,7,13.0,18174.0,18178.0,4.0,-0.0266121140451964,0.0,0.0,0.0,1.1367758811931628,True,False,False,True
PF133,7,15.0,18182.0,18186.0,4.0,0.10966013102884026,0.1455078125,0.58203125,1.0,1.5138817976234553,False,False,False,True
PF133,7,16.0,18186.0,18190.0,4.0,-0.507863438989645,0.4638671875,1.85546875,1.0,2.7334929562744925,False,False,False,True
PF133,7,17.0,18190.0,18194.0,4.0,-0.2000106145946425,0.0,0.0,0.0,1.8181947940384375,False,False,False,True
PF133,7,18.0,18194.0,18198.0,4.0,-0.1314320291392775,0.0,0.0,0.0,0.9474095375230924,True,False,False,True
PF133,7,19.0,18198.0,18202.0,4.0,0.0134154011342303,0.0,0.0,0.0,0.919054542013547,True,False,False,True
PF133,7,20.0,18202.0,18206.0,4.0,-0.1868308080884545,0.0,0.0,0.0,0.9844574483617964,True,False,False,True
PF133,7,21.0,18206.0,18210.0,4.0,-0.2087779125098245,0.0,0.0,0.0,1.171448640397674,True,False,False,True
PF133,7,22.0,18210.0,18214.0,4.0,-0.1274299886607214,0.0,0.0,0.0,1.0332371332963866,True,False,False,True
PF133,7,23.0,18214.0,18218.0,4.0,0.0557467732137927,0.0,0.0,0.0,1.1802284663193936,True,False,False,True
PF133,7,24.0,18218.0,18222.0,4.0,0.1009172382510386,0.0,0.0,0.0,1.0023042263862028,True,False,False,True
PF133,7,25.0,18222.0,18226.0,4.0,0.0708293844659854,0.0,0.0,0.0,1.0983668923491443,True,False,False,True
PF133,7,26.0,18226.0,18230.0,4.0,-0.0496661176819659,0.0,0.0,0.0,1.0109467015379006,True,False,False,True
PF133,7,28.0,18234.0,18238.0,4.0,0.0383615314345822,0.0,0.0,0.0,1.4729709173711594,False,False,False,True
PF133,7,29.0,18238.0,18242.0,4.0,0.1671749125246277,0.0,0.0,0.0,1.3138424423475237,False,False,False,True
PF133,7,30.0,18242.0,18246.0,4.0,0.0492471384068971,0.0,0.0,0.0,0.9382395155938726,True,False,False,True
PF133,7,31.0,18246.0,18250.0,4.0,0.1161461039914148,0.0,0.0,0.0,1.1633854943483093,True,False,False,True
PF133,7,35.0,18262.0,18266.0,4.0,0.2495973216822802,0.0,0.0,0.0,0.9437552366867874,True,False,False,True
PF133,7,36.0,18266.0,18270.0,4.0,0.36540993581897446,0.0,0.0,0.0,1.3530131088726027,False,False,False,True
PF133,7,37.0,18270.0,18274.0,4.0,-0.0881990308076066,0.0,0.0,0.0,0.9198747952287232,True,False,False,True
PF133,7,38.0,18274.0,18278.0,4.0,0.0571431719572063,0.0,0.0,0.0,1.0121230765952307,True,False,False,True
PF133,7,40.0,18282.0,18286.0,4.0,-0.0053568991443043,0.0,0.0,0.0,1.054264839419633,True,False,False,True
PF133,7,41.0,18286.0,18290.0,4.0,-0.0066811348061929,0.0,0.0,0.0,0.9547217159534088,True,False,False,True
PF133,7,43.0,18294.0,18298.0,4.0,-0.2067675571492104,0.0,0.0,0.0,1.0288782316581642,True,False,False,True
PF133,7,44.0,18298.0,18302.0,4.0,-0.331863084079809,0.0,0.0,0.0,1.4469666225147764,False,False,False,True
PF133,7,45.0,18302.0,18306.0,4.0,0.1067909168600848,0.0,0.0,0.0,1.032593414402298,True,False,False,True
PF133,7,46.0,18306.0,18310.0,4.0,-0.227635781091789,0.0,0.0,0.0,1.1757904795527605,True,False,False,True
PF133,7,47.0,18310.0,18314.0,4.0,-0.1340677057395944,0.0,0.0,0.0,1.0546391584379968,True,False,False,True
PF133,7,48.0,18314.0,18318.0,4.0,0.0581732031358337,0.0,0.0,0.0,1.0087022372771224,True,False,False,True
PF133,7,49.0,18318.0,18322.0,4.0,0.0019987856196012,0.0,0.0,0.0,0.9665207603291748,True,False,False,True
PF133,7,50.0,18322.0,18326.0,4.0,0.0543951022838931,0.0,0.0,0.0,1.1009124258740075,True,False,False,True
PF133,7,51.0,18326.0,18330.0,4.0,-0.0798840199168628,0.0,0.0,0.0,1.1628097726324689,True,False,False,True
PF133,7,52.0,18330.0,18334.0,4.0,0.0387656700018914,0.9267578125,3.70703125,1.0,1.154380717532001,True,True,True,True
PF133,7,53.0,18334.0,18338.0,4.0,0.1011558380413044,0.0,0.0,0.0,0.964000189426797,True,False,False,True
PF133,7,54.0,18338.0,18342.0,4.0,-0.2874389585065477,0.0,0.0,0.0,0.918872569344236,True,False,False,True
PF133,7,55.0,18342.0,18346.0,4.0,-0.0551849863042983,0.0,0.0,0.0,1.1061010839965166,True,False,False,True
PF133,7,56.0,18346.0,18350.0,4.0,0.227570197607678,0.0,0.0,0.0,1.4177969623608242,False,False,False,True
PF133,7,58.0,18354.0,18358.0,4.0,-0.1067690103107776,0.0,0.0,0.0,0.99438879673678,True,False,False,True
PF133,7,59.0,18358.0,18362.0,4.0,0.0861119184344343,0.0,0.0,0.0,0.9079000533040312,True,False,False,True
PF133,7,60.0,18362.0,18366.0,4.0,0.0873425296869791,0.0,0.0,0.0,0.9858236183279698,True,False,False,True
PF133,7,61.0,18366.0,18370.0,4.0,-0.0005889149659142,0.0,0.0,0.0,0.9908911400212062,True,False,False,True
PF133,7,63.0,18374.0,18378.0,4.0,0.0036780062361825,0.0,0.0,0.0,1.0769918571874817,True,False,False,True
PF133,7,64.0,18378.0,18382.0,4.0,-0.1565810837635458,0.0,0.0,0.0,1.0006068065312912,True,False,False,True
PF133,7,66.0,18386.0,18390.0,4.0,0.1039411622243426,0.0,0.0,0.0,1.303164669859657,False,False,False,True
PF133,7,67.0,18390.0,18394.0,4.0,0.0119913757512569,0.0,0.0,0.0,1.969946757184612,False,False,False,True
PF133,7,68.0,18394.0,18398.0,4.0,-0.0584674843336338,0.0,0.0,0.0,1.3437051401762303,False,False,False,True
PF133,7,69.0,18398.0,18402.0,4.0,-0.0861659751360312,1.0,4.0,1.0,3.299066195766039,,True,True,True
PF133,7,70.0,18402.0,18406.0,4.0,-0.1428707782957938,0.0,0.0,0.0,1.4166696878698235,False,False,False,True
PF133,7,71.0,18406.0,18410.0,4.0,-0.0212565941726411,0.0,0.0,0.0,0.9604699606672495,True,False,False,True
PF133,7,72.0,18410.0,18414.0,4.0,-0.387815141032895,0.0,0.0,0.0,4.012859850292464,False,False,False,True
PF133,7,73.0,18414.0,18418.0,4.0,0.148376215252618,0.0,0.0,0.0,1.5688992807000002,False,False,False,True
PF133,7,74.0,18418.0,18422.0,4.0,-0.18801375201660145,0.0,0.0,0.0,1.5756665176705373,False,False,False,True
PF133,7,75.0,18422.0,18426.0,4.0,0.021457293437641,0.0,0.0,0.0,1.0041469157523653,True,False,False,True
PF133,7,76.0,18426.0,18430.0,4.0,0.0649499120036868,0.0,0.0,0.0,0.9696646629202724,True,False,False,True
PF133,7,77.0,18430.0,18434.0,4.0,0.0735800207829065,0.0,0.0,0.0,0.9785593903758598,True,False,False,True
PF133,7,80.0,18442.0,18446.0,4.0,0.1678713134133831,0.0,0.0,0.0,1.7372125709867354,False,False,False,True
PF133,7,82.0,18450.0,18454.0,4.0,-0.1664372149892855,0.0,0.0,0.0,1.3383796193689836,False,False,False,True
PF133,7,83.0,18454.0,18458.0,4.0,-0.2702915131804073,0.0,0.0,0.0,1.357561031668878,False,False,False,True
PF133,7,84.0,18458.0,18462.0,4.0,0.2874136453203545,0.0,0.0,0.0,1.9566659406504157,False,False,False,True
PF133,7,85.0,18462.0,18466.0,4.0,0.6628736394566614,0.0,0.0,0.0,1.4823748474300995,False,False,False,True
PF133,7,86.0,18466.0,18470.0,4.0,0.0392799323245834,0.0,0.0,0.0,1.117297189760674,True,False,False,True
PF133,7,87.0,18470.0,18474.0,4.0,-0.1130391126664833,0.0,0.0,0.0,0.993664248157298,True,False,False,True
PF133,7,90.0,18482.0,18486.0,4.0,-0.1302205959396899,0.0,0.0,0.0,1.1659190452508152,True,False,False,True
PF133,7,92.0,18490.0,18494.0,4.0,-0.3907015433532579,0.1357421875,0.54296875,1.0,1.0016610851698322,True,False,False,True
PF133,7,93.0,18494.0,18498.0,4.0,-0.44241632655637475,1.0,4.0,1.0,11.337454241834912,False,True,True,True
PF133,7,94.0,18498.0,18502.0,4.0,0.0155508726357982,0.0869140625,0.34765625,1.0,1.0681206584283531,True,False,False,True
PF133,7,95.0,18502.0,18506.0,4.0,0.0248217665966184,0.0,0.0,0.0,1.6159355738371233,False,False,False,True
PF133,7,96.0,18506.0,18510.0,4.0,0.0437050974784772,0.0,0.0,0.0,1.4267307334648165,False,False,False,True
PF133,7,97.0,18510.0,18514.0,4.0,-0.2373006737525407,0.0,0.0,0.0,1.5003616408360472,False,False,False,True
PF133,7,98.0,18514.0,18518.0,4.0,-0.0967246509968828,0.0,0.0,0.0,1.0092977674120478,True,False,False,True
PF133,7,99.0,18518.0,18522.0,4.0,0.0895667462176356,0.0,0.0,0.0,1.0123272012789548,True,False,False,True
PF133,7,100.0,18522.0,18526.0,4.0,-0.0527050181779375,0.0,0.0,0.0,0.9577221307621006,True,False,False,True
PF133,7,101.0,18526.0,18530.0,4.0,0.2220925622737248,0.0,0.0,0.0,1.2238501607367431,True,False,False,True
PF133,7,102.0,18530.0,18534.0,4.0,-0.190423823789964,0.0,0.0,0.0,1.2604133060514446,True,False,False,True
PF133,7,103.0,18534.0,18538.0,4.0,0.0033464983795041,0.0,0.0,0.0,1.030367242030236,True,False,False,True
PF133,7,104.0,18538.0,18542.0,4.0,-0.003333337898018,0.0,0.0,0.0,1.0909980535989934,True,False,False,True
PF133,7,105.0,18542.0,18546.0,4.0,-0.1027385402068573,0.0,0.0,0.0,1.5999083083111114,False,False,False,True
PF133,7,106.0,18546.0,18550.0,4.0,0.1411982499038954,0.0,0.0,0.0,1.110054277531813,True,False,False,True
PF133,7,107.0,18550.0,18554.0,4.0,-0.1793196353463263,0.0,0.0,0.0,1.5270054673221527,False,False,False,True
PF133,7,108.0,18554.0,18558.0,4.0,0.0527825061396144,0.4423828125,1.76953125,1.0,1.0117091077519489,True,False,False,True
PF133,7,109.0,18558.0,18562.0,4.0,-0.0130052785954713,0.0,0.0,0.0,1.1419824114997623,True,False,False,True
PF133,7,111.0,18566.0,18570.0,4.0,-0.1963275677230695,0.0,0.0,0.0,1.140453085090014,True,False,False,True
PF133,7,112.0,18570.0,18574.0,4.0,-0.0501166027598306,0.0,0.0,0.0,1.0468449218366036,True,False,False,True
PF133,7,113.0,18574.0,18578.0,4.0,0.1077424785270216,0.0,0.0,0.0,1.3460736275291283,False,False,False,True
PF133,7,114.0,18578.0,18582.0,4.0,0.0914832570203905,0.0,0.0,0.0,0.8875187268987035,True,False,False,True
PF133,7,117.0,18590.0,18594.0,4.0,-0.0747942064634247,0.107421875,0.4296875,1.0,1.6138732040185944,False,False,False,True
PF133,7,118.0,18594.0,18598.0,4.0,-0.3901822446412548,1.0,4.0,2.0,4.363575561946147,False,True,True,True
PF133,7,119.0,18598.0,18602.0,4.0,0.267246586541934,0.7998046875,3.19921875,2.0,2.099355315204344,False,True,True,True
PF133,7,120.0,18602.0,18606.0,4.0,0.1570705942169753,0.0,0.0,0.0,1.5317316499536515,False,False,False,True
PF133,7,121.0,18606.0,18610.0,4.0,0.248561486988702,0.0,0.0,0.0,1.5117368500568449,False,False,False,True
PF133,7,122.0,18610.0,18614.0,4.0,-0.3313977099376254,0.0,0.0,0.0,1.387907738675444,False,False,False,True
PF133,7,123.0,18614.0,18618.0,4.0,-0.1403158064159894,0.0,0.0,0.0,1.7519381325789194,False,False,False,True
PF133,7,124.0,18618.0,18622.0,4.0,0.0825924063819401,0.0,0.0,0.0,0.974873251713601,True,False,False,True
PF133,7,125.0,18622.0,18626.0,4.0,-0.0342200563730876,0.0,0.0,0.0,0.9685341561305232,True,False,False,True
PF133,8,0.0,18692.0,18696.0,4.0,-0.0659380495786503,0.0,0.0,0.0,0.8967531200338643,True,False,False,True
PF133,8,1.0,18696.0,18700.0,4.0,-0.0897922146124129,0.0,0.0,0.0,1.0117518489777215,True,False,False,True
PF133,8,2.0,18700.0,18704.0,4.0,0.1034093982020955,0.0,0.0,0.0,0.9707790834652316,True,False,False,True
PF133,8,3.0,18704.0,18708.0,4.0,0.0372161082985569,0.0,0.0,0.0,1.0168360740819902,True,False,False,True
PF133,8,4.0,18708.0,18712.0,4.0,0.0065998325324682,0.0,0.0,0.0,0.9863702653757096,True,False,False,True
PF133,8,5.0,18712.0,18716.0,4.0,0.1161228803229935,0.0,0.0,0.0,0.984113082181024,True,False,False,True
PF133,8,6.0,18716.0,18720.0,4.0,0.245322934493625,0.0,0.0,0.0,0.9785893563003092,True,False,False,True
PF133,8,7.0,18720.0,18724.0,4.0,-0.0039191521196075,0.0,0.0,0.0,1.0442504431421995,True,False,False,True
PF133,8,8.0,18724.0,18728.0,4.0,0.0397515433406519,0.0,0.0,0.0,0.9272540548857776,True,False,False,True
PF133,8,9.0,18728.0,18732.0,4.0,-0.0674029757612576,0.0,0.0,0.0,1.0609293074995487,True,False,False,True
PF133,8,10.0,18732.0,18736.0,4.0,-0.0874702665380668,0.0,0.0,0.0,1.039509038934876,True,False,False,True
PF133,8,11.0,18736.0,18740.0,4.0,0.0591262294099265,0.0,0.0,0.0,0.9842680718771216,True,False,False,True
PF133,8,12.0,18740.0,18744.0,4.0,-0.1716033238251539,0.0,0.0,0.0,0.8650144396967192,True,False,False,True
PF133,8,13.0,18744.0,18748.0,4.0,-0.0286351040574285,0.0,0.0,0.0,0.8623256085650198,True,False,False,True
PF133,8,14.0,18748.0,18752.0,4.0,0.2616440108117774,0.0,0.0,0.0,0.9737362517497632,True,False,False,True
PF133,8,15.0,18752.0,18756.0,4.0,-0.0217475766382643,0.0,0.0,0.0,0.7901166724014251,True,False,False,True
PF133,8,16.0,18756.0,18760.0,4.0,0.0007977981373191,0.0,0.0,0.0,1.019146226834172,True,False,False,True
PF133,8,18.0,18764.0,18768.0,4.0,-0.1205986440266178,0.0,0.0,0.0,0.9784524489109152,True,False,False,True
PF133,8,19.0,18768.0,18772.0,4.0,0.0090168020360403,0.0,0.0,0.0,1.0833484992075617,True,False,False,True
PF133,8,20.0,18772.0,18776.0,4.0,0.0711333211066901,0.0,0.0,0.0,0.9214746095318695,True,False,False,True
PF133,8,21.0,18776.0,18780.0,4.0,-0.0132379012961159,0.0,0.0,0.0,0.8476821248920426,True,False,False,True
PF133,8,22.0,18780.0,18784.0,4.0,-0.0069635636736495,0.0,0.0,0.0,0.6563533085352967,True,False,False,True
PF133,8,24.0,18788.0,18792.0,4.0,0.1435197526328563,0.0,0.0,0.0,0.986289716130612,True,False,False,True
PF133,8,25.0,18792.0,18796.0,4.0,0.0790895699912024,0.0,0.0,0.0,0.9719729903485982,True,False,False,True
PF133,8,26.0,18796.0,18800.0,4.0,0.0147073488578588,0.0,0.0,0.0,1.0010097399620983,True,False,False,True
PF133,8,27.0,18800.0,18804.0,4.0,-0.0410649408184469,0.0,0.0,0.0,1.3678542586214553,False,False,False,True
PF133,8,28.0,18804.0,18808.0,4.0,-0.1466649578280583,0.0,0.0,0.0,1.039713453175189,True,False,False,True
PF133,8,29.0,18808.0,18812.0,4.0,0.0691638589197423,0.0,0.0,0.0,0.9604533837407572,True,False,False,True
PF133,8,30.0,18812.0,18816.0,4.0,-0.0618330763379037,0.0,0.0,0.0,0.9533690230510392,True,False,False,True
PF133,8,31.0,18816.0,18820.0,4.0,-0.0038550665779403,0.0,0.0,0.0,1.1061927772030178,True,False,False,True
PF133,8,32.0,18820.0,18824.0,4.0,0.214768189858118,0.0,0.0,0.0,1.1543435682021643,True,False,False,True
PF133,8,33.0,18824.0,18828.0,4.0,0.1532947578467466,0.0,0.0,0.0,0.980496100074616,True,False,False,True
PF133,8,34.0,18828.0,18832.0,4.0,-0.0126144680206006,0.0,0.0,0.0,0.8115683764333033,True,False,False,True
PF133,8,35.0,18832.0,18836.0,4.0,-0.0776814000928004,0.0,0.0,0.0,0.8032519600184609,True,False,False,True
PF133,8,36.0,18836.0,18840.0,4.0,0.0231018417651376,0.0,0.0,0.0,0.9636838508447024,True,False,False,True
PF133,8,37.0,18840.0,18844.0,4.0,-0.0304157389406349,0.0,0.0,0.0,0.8190217537866579,True,False,False,True
PF133,8,39.0,18848.0,18852.0,4.0,0.0873248263296467,0.0,0.0,0.0,0.892477633406296,True,False,False,True
PF133,8,40.0,18852.0,18856.0,4.0,0.0594363541295752,0.0,0.0,0.0,0.9525271606463498,True,False,False,True
PF133,8,41.0,18856.0,18860.0,4.0,-0.0276929394689502,0.0,0.0,0.0,0.9737183903059552,True,False,False,True
PF133,8,42.0,18860.0,18864.0,4.0,0.192089064789748,0.0,0.0,0.0,0.9501230393404227,True,False,False,True
PF133,8,43.0,18864.0,18868.0,4.0,0.0919427280542146,0.0,0.0,0.0,1.0559696152348708,True,False,False,True
PF133,8,44.0,18868.0,18872.0,4.0,-0.2625962175955124,0.0,0.0,0.0,1.3390061754857971,False,False,False,True
PF133,8,45.0,18872.0,18876.0,4.0,-0.2716887279236849,0.0,0.0,0.0,1.008351734036219,True,False,False,True
PF133,8,46.0,18876.0,18880.0,4.0,0.1013316283084682,0.0,0.0,0.0,1.0939065312426484,True,False,False,True
PF133,8,48.0,18884.0,18888.0,4.0,-0.4210137603849337,0.0,0.0,0.0,1.3418520867209782,False,False,False,True
PF133,8,49.0,18888.0,18892.0,4.0,-0.1904516983439122,0.0,0.0,0.0,1.1006793707761056,True,False,False,True
PF133,8,50.0,18892.0,18896.0,4.0,-0.0191135476196485,0.0,0.0,0.0,0.9592956606381042,True,False,False,True
PF133,8,51.0,18896.0,18900.0,4.0,0.1883675294006234,0.0,0.0,0.0,1.147163794447441,True,False,False,True
PF133,8,52.0,18900.0,18904.0,4.0,-0.0046523296184332,0.0,0.0,0.0,1.0568733222893747,True,False,False,True
PF133,8,53.0,18904.0,18908.0,4.0,-0.0561127352102015,0.0,0.0,0.0,0.9329284241870878,True,False,False,True
PF133,8,54.0,18908.0,18912.0,4.0,-0.0133421582643852,0.0,0.0,0.0,1.00520114956481,True,False,False,True
PF133,8,55.0,18912.0,18916.0,4.0,0.0803681409060941,0.0,0.0,0.0,1.210459123089328,True,False,False,True
PF133,8,56.0,18916.0,18920.0,4.0,0.0518368463926429,0.0,0.0,0.0,1.572227933347574,False,False,False,True
PF133,8,57.0,18920.0,18924.0,4.0,-0.0025852831816579,0.0,0.0,0.0,0.9798974781173084,True,False,False,True
PF133,8,58.0,18924.0,18928.0,4.0,-0.0516086974642142,0.0,0.0,0.0,0.9182268262066596,True,False,False,True
PF133,8,59.0,18928.0,18932.0,4.0,0.0377553892681598,0.0,0.0,0.0,0.7361391981740961,True,False,False,True
PF133,8,60.0,18932.0,18936.0,4.0,-0.0818507391798528,0.0,0.0,0.0,1.09719717209506,True,False,False,True
PF133,8,61.0,18936.0,18940.0,4.0,0.111423973200078,0.0,0.0,0.0,0.8662032823121556,True,False,False,True
PF133,8,62.0,18940.0,18944.0,4.0,-0.0300093107711938,0.0,0.0,0.0,0.9988519453484288,True,False,False,True
PF133,8,63.0,18944.0,18948.0,4.0,-0.0323387681513155,0.0,0.0,0.0,0.9861470426795652,True,False,False,True
PF133,8,64.0,18948.0,18952.0,4.0,-0.0324826759666572,0.0,0.0,0.0,1.0111686298774931,True,False,False,True
PF133,8,66.0,18956.0,18960.0,4.0,-0.3265685993577614,0.0,0.0,0.0,1.4969485255344124,False,False,False,True
PF133,8,69.0,18968.0,18972.0,4.0,0.3224039274070746,0.0,0.0,0.0,0.9884748272178904,True,False,False,True
PF133,8,70.0,18972.0,18976.0,4.0,-0.0014526544719742,0.0,0.0,0.0,1.0865927441409344,True,False,False,True
PF133,8,71.0,18976.0,18980.0,4.0,0.0986413138219562,0.0,0.0,0.0,1.0071717196036376,True,False,False,True
PF133,8,73.0,18984.0,18988.0,4.0,0.2830929902122787,0.0,0.0,0.0,1.0944873902537282,True,False,False,True
PF133,8,74.0,18988.0,18992.0,4.0,0.3620831181169135,0.0,0.0,0.0,1.695481157706319,False,False,False,True
PF133,8,75.0,18992.0,18996.0,4.0,-0.1476275555605145,0.0,0.0,0.0,1.2430556428473631,True,False,False,True
PF133,8,76.0,18996.0,19000.0,4.0,-0.0287091938286555,0.0,0.0,0.0,1.0130480590520574,True,False,False,True
PF133,8,77.0,19000.0,19004.0,4.0,0.227423889672049,0.0,0.0,0.0,0.9297737656083384,True,False,False,True
PF133,8,78.0,19004.0,19008.0,4.0,-0.069211640070686,0.0,0.0,0.0,1.021606928813665,True,False,False,True
PF133,8,79.0,19008.0,19012.0,4.0,0.0305402472605825,0.0,0.0,0.0,1.2642866922895135,True,False,False,True
PF133,8,80.0,19012.0,19016.0,4.0,0.2401764972556688,0.0,0.0,0.0,0.9841545528552258,True,False,False,True
PF133,8,81.0,19016.0,19020.0,4.0,-0.53150878027737,0.0,0.0,0.0,1.1501386200104924,True,False,False,True
PF133,8,82.0,19020.0,19024.0,4.0,0.1362530355985907,0.0,0.0,0.0,1.043183038254446,True,False,False,True
PF133,8,83.0,19024.0,19028.0,4.0,-0.511998263885281,0.0,0.0,0.0,1.504368819104852,False,False,False,True
PF133,8,84.0,19028.0,19032.0,4.0,0.1394958813685384,0.0,0.0,0.0,1.8789348465948026,False,False,False,True
PF133,8,85.0,19032.0,19036.0,4.0,0.09266198162232525,0.0,0.0,0.0,1.4308456587056666,False,False,False,True
PF133,8,86.0,19036.0,19040.0,4.0,0.1271909286825292,0.0,0.0,0.0,1.383591858044685,True,False,False,True
PF133,8,87.0,19040.0,19044.0,4.0,-0.0602730306023132,0.0,0.0,0.0,1.0517279111421154,True,False,False,True
PF133,8,88.0,19044.0,19048.0,4.0,-0.0526587623706214,0.0,0.0,0.0,1.1634546748739023,True,False,False,True
PF133,8,89.0,19048.0,19052.0,4.0,0.0164285554570394,0.0,0.0,0.0,1.0157886947449863,True,False,False,True
PF133,8,90.0,19052.0,19056.0,4.0,-0.0022005325691819,0.0,0.0,0.0,0.9851244936146616,True,False,False,True
PF133,8,91.0,19056.0,19060.0,4.0,0.0290463890017686,0.0,0.0,0.0,0.8668351795626821,True,False,False,True
PF133,8,92.0,19060.0,19064.0,4.0,-0.1402847921091294,0.0,0.0,0.0,1.0319139083357085,True,False,False,True
PF133,8,93.0,19064.0,19068.0,4.0,-0.08547482291077,0.0,0.0,0.0,0.8749869633255455,True,False,False,True
PF133,8,94.0,19068.0,19072.0,4.0,-0.0017421972843812,0.0,0.0,0.0,1.2012811037772675,True,False,False,True
PF133,8,96.0,19076.0,19080.0,4.0,0.0230618591735686,0.0,0.0,0.0,0.893987999858481,True,False,False,True
PF133,8,97.0,19080.0,19084.0,4.0,0.016533731155592,0.0,0.0,0.0,1.158595664809557,True,False,False,True
PF133,8,99.0,19088.0,19092.0,4.0,0.0169741293158667,0.0,0.0,0.0,0.9787280905726002,True,False,False,True
PF133,8,100.0,19092.0,19096.0,4.0,0.1701030114064571,0.0,0.0,0.0,0.859096717801169,True,False,False,True
PF133,8,101.0,19096.0,19100.0,4.0,0.0094338209890835,0.0,0.0,0.0,0.9792819393622876,True,False,False,True
PF133,8,102.0,19100.0,19104.0,4.0,-0.3413691813768493,0.0,0.0,0.0,1.3019659108257946,False,False,False,True
PF133,8,103.0,19104.0,19108.0,4.0,0.0330182800637656,0.0,0.0,0.0,0.9471038326863348,True,False,False,True
PF133,8,104.0,19108.0,19112.0,4.0,0.1212634241511074,0.0,0.0,0.0,0.7407715483987606,True,False,False,True
PF133,8,105.0,19112.0,19116.0,4.0,0.2512486280189409,0.0,0.0,0.0,0.7822884735922004,True,False,False,True
PF133,8,106.0,19116.0,19120.0,4.0,0.0738175897045715,0.0,0.0,0.0,0.9726192983356824,True,False,False,True
PF133,8,107.0,19120.0,19124.0,4.0,-0.0352220936639463,0.0,0.0,0.0,0.9434064190363208,True,False,False,True
PF133,8,108.0,19124.0,19128.0,4.0,-0.4394668258251336,0.234375,0.9375,1.0,0.9272685734570856,True,False,False,True
PF133,8,109.0,19128.0,19132.0,4.0,0.6903409980774451,0.6923828125,2.76953125,3.0,1.9365291313828483,False,False,False,True
PF133,8,111.0,19136.0,19140.0,4.0,0.2300922643994371,0.0,0.0,0.0,0.90295016215586,True,False,False,True
PF133,8,112.0,19140.0,19144.0,4.0,0.0581075969235968,0.0,0.0,0.0,0.9941465985757124,True,False,False,True
PF133,8,113.0,19144.0,19148.0,4.0,-0.1071082001424523,0.0,0.0,0.0,0.9972563188347778,True,False,False,True
PF133,8,114.0,19148.0,19152.0,4.0,0.0023360936485429,0.0,0.0,0.0,0.9651214786773298,True,False,False,True
PF133,8,115.0,19152.0,19156.0,4.0,-0.0508316460324287,0.0,0.0,0.0,1.070680542129779,True,False,False,True
PF133,8,116.0,19156.0,19160.0,4.0,-0.0148305465028876,0.0,0.0,0.0,0.9644456081344868,True,False,False,True
PF133,8,117.0,19160.0,19164.0,4.0,-0.0224906582149712,0.0,0.0,0.0,1.035103158206956,True,False,False,True
PF133,8,118.0,19164.0,19168.0,4.0,-0.0475510955906156,0.0,0.0,0.0,0.8718449725128156,True,False,False,True
PF133,8,119.0,19168.0,19172.0,4.0,0.0261436416373142,0.0,0.0,0.0,0.8589989416259313,True,False,False,True
PF133,8,120.0,19172.0,19176.0,4.0,-0.0396211590268258,0.0,0.0,0.0,0.8357224986154992,True,False,False,True
PF133,8,121.0,19176.0,19180.0,4.0,0.1631714255839542,0.0,0.0,0.0,1.0022382367101816,True,False,False,True
PF133,8,122.0,19180.0,19184.0,4.0,-0.0139691639731862,0.0,0.0,0.0,1.0486813994525286,True,False,False,True
PF133,8,123.0,19184.0,19188.0,4.0,0.2072384279909068,0.0,0.0,0.0,1.0128470618965586,True,False,False,True
PF133,8,124.0,19188.0,19192.0,4.0,-0.1439891988607513,0.0,0.0,0.0,1.3636401653632002,False,False,False,True
PF133,8,125.0,19192.0,19196.0,4.0,0.310510546050218,0.0,0.0,0.0,1.005490267444222,True,False,False,True
PF133,8,126.0,19196.0,19200.0,4.0,-0.1586203721173751,0.0,0.0,0.0,0.8812653184972536,True,False,False,True
PF133,8,127.0,19200.0,19204.0,4.0,0.0019670445332621,0.0,0.0,0.0,0.9155440315115024,True,False,False,True
PF133,8,128.0,19204.0,19208.0,4.0,0.0426217276943083,0.0,0.0,0.0,0.95851108293553,True,False,False,True
PF133,8,129.0,19208.0,19212.0,4.0,0.1553408220059249,0.0,0.0,0.0,1.028025681364547,True,False,False,True
PF133,8,130.0,19212.0,19216.0,4.0,-0.0802876500337649,0.0,0.0,0.0,1.0694745721988526,True,False,False,True
PF133,8,131.0,19216.0,19220.0,4.0,0.1198964515846304,0.0,0.0,0.0,1.3883205425658578,False,False,False,True
PF133,8,133.0,19224.0,19228.0,4.0,-0.7676258793223498,0.896484375,3.5859375,1.0,1.5257795158062026,,True,True,True
PF133,8,134.0,19228.0,19232.0,4.0,0.0043836665848427,0.078125,0.3125,1.0,1.0119683718145662,True,False,False,True
PF133,8,136.0,19236.0,19240.0,4.0,-0.1906830360434774,0.0,0.0,0.0,1.074705164389233,True,False,False,True
PF133,8,137.0,19240.0,19244.0,4.0,0.0268080462584092,0.0,0.0,0.0,1.105186124079276,True,False,False,True
PF133,8,138.0,19244.0,19248.0,4.0,-0.0212388682392113,0.0,0.0,0.0,0.97733050168389,True,False,False,True
PF133,8,139.0,19248.0,19252.0,4.0,-0.2165377835945307,0.0,0.0,0.0,0.923218650873434,True,False,False,True
PF133,8,140.0,19252.0,19256.0,4.0,-0.0486550998390971,0.0,0.0,0.0,1.0028689947187026,True,False,False,True
PF133,8,142.0,19260.0,19264.0,4.0,-0.0434314391799873,0.0,0.0,0.0,0.8379196732171822,True,False,False,True
PF133,8,143.0,19264.0,19268.0,4.0,0.2670271138945276,0.0,0.0,0.0,0.9632747962483668,True,False,False,True
PF133,8,144.0,19268.0,19272.0,4.0,0.0517425305356661,0.0,0.0,0.0,0.9808972587510012,True,False,False,True
PF133,8,145.0,19272.0,19276.0,4.0,0.07444724738735504,0.0,0.0,0.0,1.3407721764080287,False,False,False,True
PF133,8,147.0,19280.0,19284.0,4.0,-0.056127805781518,0.0,0.0,0.0,1.1270140109298286,True,False,False,True
PF133,9,0.0,26942.0,26946.0,4.0,-0.2271711765461917,0.0,0.0,0.0,3.660992152533917,False,False,False,True
PF133,9,1.0,26946.0,26950.0,4.0,0.05646834716914685,0.0,0.0,0.0,1.8861959715943555,False,False,False,True
PF133,9,2.0,26950.0,26954.0,4.0,0.13344947847124206,0.0,0.0,0.0,2.41520492301699,False,False,False,True
PF133,9,3.0,26954.0,26958.0,4.0,-0.1275633993921289,0.0,0.0,0.0,1.674654747236906,False,False,False,True
PF133,9,4.0,26958.0,26962.0,4.0,-0.0632826077684767,0.0,0.0,0.0,1.541285982979654,True,False,False,True
PF133,9,5.0,26962.0,26966.0,4.0,-0.1961709682143704,0.0,0.0,0.0,3.654793676283303,False,False,False,True
PF133,9,6.0,26966.0,26970.0,4.0,0.0564694547035738,0.0,0.0,0.0,1.201483840632852,True,False,False,True
PF133,9,7.0,26970.0,26974.0,4.0,0.12028198782431815,0.0,0.0,0.0,3.250110660850127,False,False,False,True
PF133,9,8.0,26974.0,26978.0,4.0,-0.1120067975230172,0.0,0.0,0.0,0.8867904987575448,True,False,False,True
PF133,9,9.0,26978.0,26982.0,4.0,0.0906997341180489,0.0,0.0,0.0,1.0001688321516091,True,False,False,True
PF133,9,10.0,26982.0,26986.0,4.0,0.0006692856985089,0.0,0.0,0.0,1.1342991081158131,True,False,False,True
PF133,9,11.0,26986.0,26990.0,4.0,0.0942657711973598,0.0,0.0,0.0,1.2885807943878935,True,False,False,True
PF133,9,12.0,26990.0,26994.0,4.0,0.1228404253596739,0.0,0.0,0.0,2.3442061754132784,False,False,False,True
PF133,9,13.0,26994.0,26998.0,4.0,-0.0365804763535802,0.0,0.0,0.0,1.1974562068440493,True,False,False,True
PF133,9,14.0,26998.0,27002.0,4.0,-0.1409941208763425,0.0,0.0,0.0,1.4297666132614215,True,False,False,True
PF133,9,15.0,27002.0,27006.0,4.0,0.1331014107523442,0.0,0.0,0.0,1.6664649200535575,True,False,False,True
PF133,9,16.0,27006.0,27010.0,4.0,0.0061661026877385,0.0,0.0,0.0,2.041070132693328,True,False,False,True
PF133,9,17.0,27010.0,27014.0,4.0,0.0414687219992124,0.0,0.0,0.0,0.7429925840498359,True,False,False,True
PF133,9,18.0,27014.0,27018.0,4.0,0.1027964656051401,0.0,0.0,0.0,1.192286899405177,True,False,False,True
PF133,9,19.0,27018.0,27022.0,4.0,-0.0980622593253956,0.0,0.0,0.0,1.335872251059157,True,False,False,True
PF133,9,20.0,27022.0,27026.0,4.0,-0.0860908455512703,0.0,0.0,0.0,1.0631005241034717,True,False,False,True
SB176,0,0.0,8972.0,8976.0,4.0,0.0461656514386103,0.0,0.0,0.0,3.890354735385033,False,False,False,True
SB176,0,6.0,8996.0,9000.0,4.0,-0.29591666012135664,0.0,0.0,0.0,2.7994516826041087,False,False,False,True
SB176,0,7.0,9000.0,9004.0,4.0,-0.1647631062788392,1.0,4.0,1.0,2.7440496232090967,,True,True,True
SB176,0,8.0,9004.0,9008.0,4.0,-0.072010407187439,1.0,4.0,1.0,1.0013682830045274,True,True,True,True
SB176,0,9.0,9008.0,9012.0,4.0,0.003956827604041903,1.0,4.0,1.0,2.2158502821079735,False,True,True,True
SB176,0,10.0,9012.0,9016.0,4.0,0.0351368024416097,1.0,4.0,1.0,1.7608961535782572,,True,True,True
SB176,0,11.0,9016.0,9020.0,4.0,0.1891649691307716,1.0,4.0,1.0,1.9708634950550037,,True,True,True
SB176,0,12.0,9020.0,9024.0,4.0,0.0593130611298154,1.0,4.0,1.0,1.833380549972003,,True,True,True
SB176,0,13.0,9024.0,9028.0,4.0,-0.1511419305022357,1.0,4.0,1.0,1.77176145898891,,True,True,True
SB176,0,14.0,9028.0,9032.0,4.0,0.2322914602187016,1.0,4.0,1.0,1.5963939360427697,,True,True,True
SB176,0,15.0,9032.0,9036.0,4.0,0.1027651467652877,1.0,4.0,1.0,1.776274523731542,,True,True,True
SB176,0,16.0,9036.0,9040.0,4.0,0.05090117055576005,1.0,4.0,1.0,1.9747376480000964,False,True,True,True
SB176,0,17.0,9040.0,9044.0,4.0,0.0877504699327802,1.0,4.0,1.0,1.3450399366217634,,True,True,True
SB176,0,18.0,9044.0,9048.0,4.0,-0.1300257495193332,1.0,4.0,1.0,1.4346904296106018,,True,True,True
SB176,0,19.0,9048.0,9052.0,4.0,0.1639434542885369,1.0,4.0,1.0,1.4645834896872112,,True,True,True
SB176,0,20.0,9052.0,9056.0,4.0,-0.2385351728845728,1.0,4.0,1.0,1.7626291253299473,,True,True,True
SB176,0,21.0,9056.0,9060.0,4.0,0.2268514110284868,1.0,4.0,1.0,1.8026606100847704,,True,True,True
SB176,0,22.0,9060.0,9064.0,4.0,0.0652895334657093,1.0,4.0,1.0,1.5423710409428564,,True,True,True
SB176,0,23.0,9064.0,9068.0,4.0,-0.30152546155835575,1.0,4.0,4.0,1.1026875598714279,True,True,True,True
SB176,0,24.0,9068.0,9072.0,4.0,0.1666182700232268,1.0,4.0,2.0,13.962669660426792,False,True,True,True
SB176,0,25.0,9072.0,9076.0,4.0,-0.0019933849599787,0.0,0.0,0.0,1.900145240336201,False,False,False,True
SB176,0,26.0,9076.0,9080.0,4.0,-0.2072262392506936,0.0,0.0,0.0,1.9330888773216188,False,False,False,True
SB176,0,27.0,9080.0,9084.0,4.0,0.4173767151159754,0.0,0.0,0.0,1.7144911329721593,False,False,False,True
SB176,0,29.0,9088.0,9092.0,4.0,0.0053004219815631,0.0,0.0,0.0,0.9886607364869128,True,False,False,True
SB176,0,30.0,9092.0,9096.0,4.0,-0.0066668260503998,0.0,0.0,0.0,0.9897150577391812,True,False,False,True
SB176,0,32.0,9100.0,9104.0,4.0,-0.07239384305415195,1.0,4.0,2.0,2.010894962143843,,True,True,True
SB176,0,33.0,9104.0,9108.0,4.0,-0.008457281520213696,1.0,4.0,2.0,1.8079053573810016,False,True,True,True
SB176,0,34.0,9108.0,9112.0,4.0,0.0591674416268822,1.0,4.0,1.0,1.2945231257885164,True,True,True,True
SB176,0,35.0,9112.0,9116.0,4.0,-0.1278446992418013,0.0,0.0,0.0,1.6246498823879332,False,False,False,True
SB176,1,2.0,9220.0,9224.0,4.0,0.0371085267991981,0.0,0.0,0.0,3.1635919101630208,False,False,False,True
SB176,1,3.0,9224.0,9228.0,4.0,-0.0021011372618091,0.0,0.0,0.0,0.994171217302587,True,False,False,True
SB176,1,6.0,9236.0,9240.0,4.0,0.061622297736728754,0.0,0.0,0.0,1.6916673097269732,False,False,False,True
SB176,1,7.0,9240.0,9244.0,4.0,0.1011506938029894,0.453125,1.8125,2.0,1.1032204554108218,True,False,False,True
SB176,1,8.0,9244.0,9248.0,4.0,-0.0546935086442709,1.0,4.0,2.0,2.7898827587987203,False,True,True,True
SB176,1,9.0,9248.0,9252.0,4.0,0.0046353339863637,1.0,4.0,2.0,1.4551876322469597,True,True,True,True
SB176,1,10.0,9252.0,9256.0,4.0,-0.0726608591428353,1.0,4.0,1.0,4.126615369277471,False,True,True,True
SB176,1,11.0,9256.0,9260.0,4.0,0.13648396739340227,1.0,4.0,1.0,9.390558397691766,False,True,True,True
SB176,1,12.0,9260.0,9264.0,4.0,0.0699293685799427,1.0,4.0,1.0,1.296340628052911,True,True,True,True
SB176,1,13.0,9264.0,9268.0,4.0,-0.1524111463158126,1.0,4.0,2.0,1.1155532216660236,True,True,True,True
SB176,1,14.0,9268.0,9272.0,4.0,-0.0432818703352602,1.0,4.0,2.0,2.133000889407893,False,True,True,True
SB176,1,15.0,9272.0,9276.0,4.0,0.0986887254006511,1.0,4.0,1.0,7.32208996801572,,True,True,True
SB176,1,16.0,9276.0,9280.0,4.0,0.0347421604642021,1.0,4.0,1.0,1.4543038369669008,True,True,True,True
SB176,1,17.0,9280.0,9284.0,4.0,0.0253165620951874,1.0,4.0,4.0,4.556973237871199,True,True,True,True
SB176,1,18.0,9284.0,9288.0,4.0,-0.06989999297816896,1.0,4.0,4.0,4.690979170331891,,True,True,True
SB176,1,19.0,9288.0,9292.0,4.0,0.027095143823578798,1.0,4.0,2.0,2.3037526242851567,,True,True,True
SB176,1,20.0,9292.0,9296.0,4.0,-0.2039841919609642,0.150390625,0.6015625,1.0,1.5271488231266763,False,False,False,True
SB176,1,21.0,9296.0,9300.0,4.0,-0.218115955273695,1.0,4.0,2.0,1.2561833887825469,True,True,True,True
SB176,1,22.0,9300.0,9304.0,4.0,-0.020229533058195248,1.0,4.0,5.0,1.0640157482028205,True,True,True,True
SB176,1,23.0,9304.0,9308.0,4.0,-0.046197204268697944,1.0,4.0,4.0,4.745624121063619,,True,True,True
SB176,1,24.0,9308.0,9312.0,4.0,-0.035253639640064394,1.0,4.0,3.0,7.844710566323278,False,True,True,True
SB176,1,25.0,9312.0,9316.0,4.0,0.1282027069806873,1.0,4.0,3.0,1.141882361520519,True,True,True,True
SB176,1,26.0,9316.0,9320.0,4.0,-0.06202523087074835,1.0,4.0,2.0,6.068610547656898,False,True,True,True
SB176,1,27.0,9320.0,9324.0,4.0,-0.4047692962365708,1.0,4.0,3.0,5.233780002855754,False,True,True,True
SB176,1,28.0,9324.0,9328.0,4.0,0.11112763264462855,1.0,4.0,1.0,7.966594720545313,False,True,True,True
SB176,1,29.0,9328.0,9332.0,4.0,0.19748192854960228,1.0,4.0,3.0,1.4134622421949916,True,True,True,True
SB176,1,30.0,9332.0,9336.0,4.0,-0.16810525912619945,1.0,4.0,4.0,16.248987012033204,,True,True,True
SB176,1,31.0,9336.0,9340.0,4.0,0.1464416643453304,1.0,4.0,5.0,46.22923749856583,,True,True,True
SB176,1,32.0,9340.0,9344.0,4.0,-0.1930132270039119,1.0,4.0,5.0,5.308399636715268,,True,True,True
SB176,1,33.0,9344.0,9348.0,4.0,0.2647967474439636,1.0,4.0,4.0,2.825277788801589,False,True,True,True
SB176,1,34.0,9348.0,9352.0,4.0,0.0637346954608701,1.0,4.0,3.0,5.92681312563086,False,True,True,True
SB176,1,35.0,9352.0,9356.0,4.0,-0.2228332918900051,1.0,4.0,2.0,1.2037619878079135,True,True,True,True
SB176,1,36.0,9356.0,9360.0,4.0,0.0536060929225801,1.0,4.0,2.0,3.3485205488608583,False,True,True,True
SB176,1,37.0,9360.0,9364.0,4.0,-0.0466644510499327,1.0,4.0,2.0,14.352079334962632,False,True,True,True
SB176,1,38.0,9364.0,9368.0,4.0,0.1049615086058303,1.0,4.0,1.0,1.2094825826703142,True,True,True,True
SB176,1,39.0,9368.0,9372.0,4.0,-0.0372973091917037,1.0,4.0,1.0,1.0392645718080031,True,True,True,True
SB176,1,40.0,9372.0,9376.0,4.0,-0.0368329436835231,1.0,4.0,1.0,7.289414214376432,,True,True,True
SB176,1,41.0,9376.0,9380.0,4.0,0.11088626114927541,1.0,4.0,3.0,1.9192223744124872,True,True,True,True
SB176,1,42.0,9380.0,9384.0,4.0,-0.10800107399167316,1.0,4.0,1.0,2.8134320141801585,False,True,True,True
SB176,1,43.0,9384.0,9388.0,4.0,0.1330995229726166,1.0,4.0,1.0,2.161305278054212,True,True,True,True
SB176,1,44.0,9388.0,9392.0,4.0,0.0236275272389707,1.0,4.0,1.0,1.1936434062775878,True,True,True,True
SB176,1,45.0,9392.0,9396.0,4.0,0.094798252886914,1.0,4.0,1.0,1.060186724271294,True,True,True,True
SB176,1,46.0,9396.0,9400.0,4.0,0.0923618271449056,1.0,4.0,1.0,4.82795562813475,False,True,True,True
SB176,1,47.0,9400.0,9404.0,4.0,0.15242541105207705,1.0,4.0,4.0,11.044636119036586,,True,True,True
SB176,1,48.0,9404.0,9408.0,4.0,-0.1794818503497347,1.0,4.0,3.0,3.875725256267316,False,True,True,True
SB176,1,49.0,9408.0,9412.0,4.0,-0.020952431724317752,0.1787109375,0.71484375,2.0,2.0701589179848305,False,False,False,True
SB176,1,50.0,9412.0,9416.0,4.0,-0.1083163719381826,0.0,0.0,0.0,1.889188111731644,False,False,False,True
SB176,1,51.0,9416.0,9420.0,4.0,-0.1077353804418465,0.0,0.0,0.0,1.842444375063785,False,False,False,True
SB176,1,52.0,9420.0,9424.0,4.0,0.25471345512559573,0.4541015625,1.81640625,1.0,1.7738407855603489,True,False,False,True
SB176,1,53.0,9424.0,9428.0,4.0,0.0938119580445675,1.0,4.0,2.0,2.110131720804444,False,True,True,True
SB176,1,54.0,9428.0,9432.0,4.0,0.022828225162585952,1.0,4.0,4.0,6.979527123757847,,True,True,True
SB176,1,55.0,9432.0,9436.0,4.0,0.06807203926448349,1.0,4.0,2.0,4.90844244687673,False,True,True,True
SB176,1,56.0,9436.0,9440.0,4.0,-0.06512544742186065,1.0,4.0,1.0,2.726607778363448,False,True,True,True
SB176,1,57.0,9440.0,9444.0,4.0,-0.10877143756941013,1.0,4.0,1.0,2.5524050732474217,False,True,True,True
SB176,1,58.0,9444.0,9448.0,4.0,0.035334323878132845,1.0,4.0,1.0,2.4009780027385426,False,True,True,True
SB176,1,59.0,9448.0,9452.0,4.0,-0.005649422993972798,1.0,4.0,1.0,2.362250366051727,False,True,True,True
SB176,1,60.0,9452.0,9456.0,4.0,-0.0211137701973678,1.0,4.0,2.0,2.2186120535690925,False,True,True,True
SB176,1,61.0,9456.0,9460.0,4.0,-0.1739440460729739,1.0,4.0,2.0,4.021988788625549,False,True,True,True
SB176,1,62.0,9460.0,9464.0,4.0,0.0534878732907079,1.0,4.0,3.0,5.890066168338322,False,True,True,True
SB176,1,63.0,9464.0,9468.0,4.0,0.0083002439297258,1.0,4.0,3.0,6.240581146661574,,True,True,True
SB176,1,64.0,9468.0,9472.0,4.0,-0.0898681519203792,1.0,4.0,3.0,3.47110576112109,,True,True,True
SB176,1,65.0,9472.0,9476.0,4.0,0.0565015960759568,1.0,4.0,3.0,2.519599324492914,True,True,True,True
SB176,1,66.0,9476.0,9480.0,4.0,-0.0197718348197461,1.0,4.0,4.0,3.067068820445536,True,True,True,True
SB176,1,67.0,9480.0,9484.0,4.0,-0.4498833409264627,1.0,4.0,4.0,5.847531180641409,False,True,True,True
SB176,1,68.0,9484.0,9488.0,4.0,-0.3174226940230304,1.0,4.0,2.0,4.0138671067713645,False,True,True,True
SB176,1,69.0,9488.0,9492.0,4.0,-0.1050977749813242,1.0,4.0,2.0,3.4478105200295173,,True,True,True
SB176,1,70.0,9492.0,9496.0,4.0,0.5460740677327821,1.0,4.0,2.0,2.5302943393260784,,True,True,True
SB176,1,71.0,9496.0,9500.0,4.0,0.1363379583093981,0.7392578125,2.95703125,2.0,2.19895133718166,False,False,False,True
SB176,1,72.0,9500.0,9504.0,4.0,0.23927763323183598,1.0,4.0,2.0,2.0924338808873055,False,True,True,True
SB176,1,73.0,9504.0,9508.0,4.0,0.01357597561989825,1.0,4.0,3.0,1.748414416896503,False,True,True,True
SB176,1,74.0,9508.0,9512.0,4.0,0.0917631261784483,1.0,4.0,2.0,1.5186385981931452,False,True,True,True
SB176,1,75.0,9512.0,9516.0,4.0,-0.1848877314648142,1.0,4.0,2.0,2.6395552617212634,False,True,True,True
SB176,1,76.0,9516.0,9520.0,4.0,-0.2406465192087279,0.822265625,3.2890625,1.0,2.188150946954082,,True,True,True
SB176,1,77.0,9520.0,9524.0,4.0,-0.0990032706224709,0.6005859375,2.40234375,1.0,2.044540338281288,,False,False,True
SB176,1,78.0,9524.0,9528.0,4.0,0.6982399668527113,1.0,4.0,3.0,8.27212533564055,,True,True,True
SB176,1,79.0,9528.0,9532.0,4.0,-0.2525339456475498,1.0,4.0,2.0,1.431910273293382,False,True,True,True
SB176,1,80.0,9532.0,9536.0,4.0,-0.0355863385330579,1.0,4.0,2.0,1.446938458642914,False,True,True,True
SB176,1,81.0,9536.0,9540.0,4.0,0.0549441617758666,1.0,4.0,1.0,3.854674271262578,,True,True,True
SB176,1,82.0,9540.0,9544.0,4.0,0.1515385877403421,1.0,4.0,1.0,1.7563006329248148,False,True,True,True
SB176,1,83.0,9544.0,9548.0,4.0,0.130226708114162,1.0,4.0,1.0,35.257285995247564,False,True,True,True
SB176,1,84.0,9548.0,9552.0,4.0,-0.0352577485592734,1.0,4.0,4.0,24.338211540653774,False,True,True,True
SB176,1,85.0,9552.0,9556.0,4.0,0.5478678535427081,1.0,4.0,5.0,4.541070822567161,False,True,True,True
SB176,1,86.0,9556.0,9560.0,4.0,0.44431066062441826,1.0,4.0,4.0,5.505621172456513,,True,True,True
SB176,1,87.0,9560.0,9564.0,4.0,-0.02324009597171,1.0,4.0,5.0,2.483083717018609,True,True,True,True
SB176,1,88.0,9564.0,9568.0,4.0,-0.0319868157650314,0.5537109375,2.21484375,4.0,1.4295709200083762,True,False,False,True
SB176,1,89.0,9568.0,9572.0,4.0,0.2365107596590697,1.0,4.0,5.0,1.992250028864105,,True,True,True
SB176,1,90.0,9572.0,9576.0,4.0,-0.2378725864343073,1.0,4.0,5.0,1.795724935477729,False,True,True,True
SB176,1,91.0,9576.0,9580.0,4.0,0.2415933089568505,1.0,4.0,1.0,3.436786806251252,False,True,True,True
SB176,1,92.0,9580.0,9584.0,4.0,0.058437235230728746,0.37890625,1.515625,1.0,2.1437317956900723,True,False,False,True
SB176,1,93.0,9584.0,9588.0,4.0,0.1985236144025051,0.0,0.0,0.0,1.9827529966400435,False,False,False,True
SB176,1,94.0,9588.0,9592.0,4.0,-0.0052905965058674,0.205078125,0.8203125,1.0,1.2122956796225988,True,False,False,True
SB176,1,95.0,9592.0,9596.0,4.0,-0.1537662070172005,1.0,4.0,1.0,1.9992602814367064,False,True,True,True
SB176,1,96.0,9596.0,9600.0,4.0,-0.2639590602848832,1.0,4.0,3.0,1.7319580749123553,True,True,True,True
SB176,1,97.0,9600.0,9604.0,4.0,0.2163647520566921,1.0,4.0,3.0,3.627718967555052,False,True,True,True
SB176,1,98.0,9604.0,9608.0,4.0,0.2905005121216004,1.0,4.0,2.0,8.099161979356282,True,True,True,True
SB176,1,99.0,9608.0,9612.0,4.0,0.2009693042992766,1.0,4.0,2.0,1.4098774679500683,False,True,True,True
SB176,1,100.0,9612.0,9616.0,4.0,0.192843525957514,1.0,4.0,3.0,5.098125048488686,False,True,True,True
SB176,1,101.0,9616.0,9620.0,4.0,-0.18571061620605395,1.0,4.0,1.0,5.6395679220845665,False,True,True,True
SB176,1,102.0,9620.0,9624.0,4.0,0.09074442035774491,1.0,4.0,1.0,3.873665568051547,False,True,True,True
SB176,1,103.0,9624.0,9628.0,4.0,-0.0008922441029868,0.634765625,2.5390625,1.0,1.7581775723519562,,False,False,True
SB176,1,104.0,9628.0,9632.0,4.0,-0.079522646702826,0.0,0.0,0.0,0.8905733603086192,True,False,False,True
SB176,1,105.0,9632.0,9636.0,4.0,-0.0680291100499928,0.0,0.0,0.0,0.924093269055806,True,False,False,True
SB176,1,106.0,9636.0,9640.0,4.0,0.0743493445672278,0.0,0.0,0.0,1.3223845635139373,True,False,False,True
SB176,1,107.0,9640.0,9644.0,4.0,0.012000827258260353,0.1806640625,0.72265625,1.0,3.581021766729501,False,False,False,True
SB176,1,108.0,9644.0,9648.0,4.0,0.0268065123735594,1.0,4.0,2.0,2.25111143210598,True,True,True,True
SB176,1,109.0,9648.0,9652.0,4.0,-0.0745061932141757,1.0,4.0,1.0,4.740748757312122,,True,True,True
SB176,1,110.0,9652.0,9656.0,4.0,0.211513745464567,1.0,4.0,1.0,2.975402985410997,,True,True,True
SB176,1,111.0,9656.0,9660.0,4.0,0.01497606014381385,0.2998046875,1.19921875,1.0,0.8803495289221923,True,False,False,True
SB176,1,112.0,9660.0,9664.0,4.0,0.0250599413491635,0.169921875,0.6796875,1.0,1.6994067050383883,False,False,False,True
SB176,1,113.0,9664.0,9668.0,4.0,-0.03297759114932648,1.0,4.0,1.0,2.325485234551623,False,True,True,True
SB176,1,114.0,9668.0,9672.0,4.0,0.005408597098542703,1.0,4.0,1.0,3.8104301575067483,False,True,True,True
SB176,1,115.0,9672.0,9676.0,4.0,-0.0088904827570171,0.1337890625,0.53515625,1.0,0.995859823718048,True,False,False,True
SB176,1,116.0,9676.0,9680.0,4.0,0.2996105701960403,0.3310546875,1.32421875,1.0,1.6662310104705462,False,False,False,True
SB176,1,117.0,9680.0,9684.0,4.0,0.4129016866611915,1.0,4.0,2.0,6.538685616579994,False,True,True,True
SB176,1,118.0,9684.0,9688.0,4.0,-0.1758992007487254,0.2568359375,1.02734375,1.0,2.2799662790290385,True,False,False,True
SB176,1,119.0,9688.0,9692.0,4.0,0.2812912790564562,0.0,0.0,0.0,2.3134030501019462,False,False,False,True
SB176,1,120.0,9692.0,9696.0,4.0,0.2715272986167907,0.0,0.0,0.0,2.7901904663300927,False,False,False,True
SB176,1,121.0,9696.0,9700.0,4.0,0.3101482536940494,0.984375,3.9375,3.0,1.5863640523698683,,True,True,True
SB176,1,122.0,9700.0,9704.0,4.0,-0.1408856118713938,0.73828125,2.953125,2.0,1.5752203301789072,False,False,False,True
SB176,1,123.0,9704.0,9708.0,4.0,-0.0415473570864094,0.0,0.0,0.0,1.020359983840503,True,False,False,True
SB176,1,124.0,9708.0,9712.0,4.0,-0.0228357969356241,0.4560546875,1.82421875,2.0,1.580954816430793,True,False,False,True
SB176,1,125.0,9712.0,9716.0,4.0,0.0360074465873295,0.388671875,1.5546875,2.0,1.072533218674455,True,False,False,True
SB176,1,126.0,9716.0,9720.0,4.0,0.1047736771862797,0.029296875,0.1171875,1.0,2.2816975736559586,True,False,False,True
SB176,1,127.0,9720.0,9724.0,4.0,0.2427157882770112,1.0,4.0,1.0,6.825160326479032,,True,True,True
SB176,1,128.0,9724.0,9728.0,4.0,0.14987358756041003,1.0,4.0,2.0,4.027465410705846,False,True,True,True
SB176,1,129.0,9728.0,9732.0,4.0,0.3625098198145284,1.0,4.0,1.0,3.508746691718976,,True,True,True
SB176,1,130.0,9732.0,9736.0,4.0,0.0440180248702163,0.466796875,1.8671875,2.0,1.0591486622892103,True,False,False,True
SB176,1,131.0,9736.0,9740.0,4.0,0.0501522045211071,0.03125,0.125,1.0,1.8285937516599597,False,False,False,True
SB176,1,132.0,9740.0,9744.0,4.0,0.13338846313436295,1.0,4.0,1.0,2.8541887330466853,False,True,True,True
SB176,1,133.0,9744.0,9748.0,4.0,-0.0180869733387757,0.0,0.0,0.0,2.3547154352030604,False,False,False,True
SB176,1,134.0,9748.0,9752.0,4.0,0.158773460931455,0.0,0.0,0.0,1.9424119791281669,False,False,False,True
SB176,1,135.0,9752.0,9756.0,4.0,0.104185463900024,0.0,0.0,0.0,0.9226741348720122,True,False,False,True
SB176,1,136.0,9756.0,9760.0,4.0,0.141168234675724,0.72265625,2.890625,1.0,1.41415832215942,,False,False,True
SB176,1,137.0,9760.0,9764.0,4.0,0.0635659103801865,1.0,4.0,4.0,2.083869703845589,True,True,True,True
SB176,1,138.0,9764.0,9768.0,4.0,0.13127012455415507,1.0,4.0,2.0,7.641005174221348,,True,True,True
SB176,1,139.0,9768.0,9772.0,4.0,0.0054926993731954,1.0,4.0,2.0,5.905594505114475,False,True,True,True
SB176,1,140.0,9772.0,9776.0,4.0,0.13771924873439007,1.0,4.0,2.0,5.830933283104663,False,True,True,True
SB176,1,141.0,9776.0,9780.0,4.0,0.15588066651158275,1.0,4.0,4.0,5.602873200061298,,True,True,True
SB176,1,142.0,9780.0,9784.0,4.0,0.2024918571474833,1.0,4.0,3.0,5.245852637241144,,True,True,True
SB176,1,143.0,9784.0,9788.0,4.0,0.3236838317646096,1.0,4.0,2.0,2.571829545282993,False,True,True,True
SB176,1,144.0,9788.0,9792.0,4.0,-0.0663814754235719,1.0,4.0,1.0,2.7872547603622397,False,True,True,True
SB176,1,145.0,9792.0,9796.0,4.0,-0.11808115440415815,0.0,0.0,0.0,1.466089310269173,True,False,False,True
SB176,1,146.0,9796.0,9800.0,4.0,-0.0255117109843667,0.8046875,3.21875,1.0,1.659723099222414,False,True,True,True
SB176,1,147.0,9800.0,9804.0,4.0,0.005915812013154949,0.265625,1.0625,2.0,1.7947517980712857,True,False,False,True
SB176,1,148.0,9804.0,9808.0,4.0,0.0058203410246815,1.0,4.0,2.0,1.0644898860407963,True,True,True,True
SB176,1,149.0,9808.0,9812.0,4.0,-0.318037895128033,1.0,4.0,2.0,2.660645084234974,False,True,True,True
SB176,1,150.0,9812.0,9816.0,4.0,-0.0746928078665759,1.0,4.0,3.0,1.354877427870334,True,True,True,True
SB176,1,151.0,9816.0,9820.0,4.0,-0.1677385556934785,1.0,4.0,1.0,3.126520330599624,False,True,True,True
SB176,1,152.0,9820.0,9824.0,4.0,-0.02892581803340505,0.2353515625,0.94140625,2.0,2.0651983431793886,True,False,False,True
SB176,1,153.0,9824.0,9828.0,4.0,0.0115938052772133,1.0,4.0,2.0,3.7823805618665975,False,True,True,True
SB176,1,154.0,9828.0,9832.0,4.0,0.1482702513746276,0.2978515625,1.19140625,2.0,1.0736216369205835,True,False,False,True
SB176,1,155.0,9832.0,9836.0,4.0,-0.1285150124606966,0.0,0.0,0.0,4.204167702798557,False,False,False,True
SB176,1,156.0,9836.0,9840.0,4.0,0.1281130594829737,0.0,0.0,0.0,1.1806241361243062,True,False,False,True
SB176,1,157.0,9840.0,9844.0,4.0,0.113483943805264,0.0,0.0,0.0,1.3952073457512582,True,False,False,True
SB176,1,158.0,9844.0,9848.0,4.0,-0.0611321112197306,0.0,0.0,0.0,3.3082687968433957,False,False,False,True
SB176,1,159.0,9848.0,9852.0,4.0,0.1162911831755606,0.6318359375,2.52734375,2.0,1.438296567757758,True,False,False,True
SB176,1,160.0,9852.0,9856.0,4.0,0.6740516099214044,1.0,4.0,2.0,3.870529201164517,False,True,True,True
SB176,1,161.0,9856.0,9860.0,4.0,-0.44167857141278255,0.2265625,0.90625,1.0,1.7617501154281745,False,False,False,True
SB176,1,162.0,9860.0,9864.0,4.0,0.0065733722102129,0.0,0.0,0.0,1.7024266667085002,False,False,False,True
SB176,1,163.0,9864.0,9868.0,4.0,0.2830003371067284,0.0,0.0,0.0,1.4616249059730142,False,False,False,True
SB176,1,164.0,9868.0,9872.0,4.0,0.42209210766232064,0.9794921875,3.91796875,2.0,1.3538207121747665,False,True,True,True
SB176,1,165.0,9872.0,9876.0,4.0,-0.3879244526747636,1.0,4.0,2.0,2.6308198925494386,False,True,True,True
SB176,1,166.0,9876.0,9880.0,4.0,0.2488059048187628,1.0,4.0,2.0,5.930342274694331,,True,True,True
SB176,1,167.0,9880.0,9884.0,4.0,-0.0930097671881587,1.0,4.0,3.0,7.002895204269544,,True,True,True
SB176,1,168.0,9884.0,9888.0,4.0,0.3629820531327714,1.0,4.0,2.0,4.469237517900751,False,True,True,True
SB176,1,169.0,9888.0,9892.0,4.0,-0.09755481763557365,0.771484375,3.0859375,1.0,1.5196750139527997,False,True,True,True
SB176,1,170.0,9892.0,9896.0,4.0,0.1086066331063025,0.0,0.0,0.0,1.4963709097912516,False,False,False,True
SB176,1,171.0,9896.0,9900.0,4.0,-0.0072161465219474,0.0,0.0,0.0,1.371698849234398,False,False,False,True
SB176,1,172.0,9900.0,9904.0,4.0,-0.0091015544425054,0.0,0.0,0.0,1.1177008783417082,True,False,False,True
SB176,1,173.0,9904.0,9908.0,4.0,0.21386620337424284,1.0,4.0,2.0,2.468378595465661,False,True,True,True
SB176,1,174.0,9908.0,9912.0,4.0,-0.048618629355370944,1.0,4.0,4.0,3.179939005378695,False,True,True,True
SB176,1,175.0,9912.0,9916.0,4.0,0.1301654077552597,1.0,4.0,4.0,6.14386828588124,False,True,True,True
SB176,1,176.0,9916.0,9920.0,4.0,0.2018140254521842,1.0,4.0,4.0,8.84491561198367,False,True,True,True
SB176,1,177.0,9920.0,9924.0,4.0,0.0949824190277115,1.0,4.0,4.0,18.66579687321192,False,True,True,True
SB176,1,178.0,9924.0,9928.0,4.0,0.0662470503180014,1.0,4.0,4.0,11.757017307394907,False,True,True,True
SB176,1,179.0,9928.0,9932.0,4.0,-0.1212507797189899,1.0,4.0,2.0,5.0102668661874565,,True,True,True
SB176,1,180.0,9932.0,9936.0,4.0,0.1442818810787347,0.6875,2.75,4.0,1.381167890054726,False,False,False,True
SB176,1,181.0,9936.0,9940.0,4.0,0.19603945276729645,1.0,4.0,4.0,6.518891658765497,,True,True,True
SB176,1,182.0,9940.0,9944.0,4.0,-0.0628574777298172,1.0,4.0,5.0,1.553510848599581,True,True,True,True
SB176,1,183.0,9944.0,9948.0,4.0,0.055610884389785,1.0,4.0,3.0,14.87900087537066,False,True,True,True
SB176,1,184.0,9948.0,9952.0,4.0,0.123719255232248,1.0,4.0,4.0,20.51161968879072,False,True,True,True
SB176,1,185.0,9952.0,9956.0,4.0,0.1935991173234555,1.0,4.0,4.0,3.8802561036748555,,True,True,True
SB176,1,186.0,9956.0,9960.0,4.0,0.2011102321438128,1.0,4.0,4.0,3.53152463762692,False,True,True,True
SB176,1,187.0,9960.0,9964.0,4.0,0.099224132040001,1.0,4.0,4.0,7.377065038960159,False,True,True,True
SB176,1,188.0,9964.0,9968.0,4.0,0.0825347606123983,1.0,4.0,2.0,3.898777688049474,False,True,True,True
SB176,1,189.0,9968.0,9972.0,4.0,0.35461535439632413,1.0,4.0,3.0,2.200632521103138,False,True,True,True
SB176,1,190.0,9972.0,9976.0,4.0,-0.1015568100922165,0.7470703125,2.98828125,4.0,1.465001248765843,False,False,False,True
SB176,1,191.0,9976.0,9980.0,4.0,0.2008544766345294,0.9599609375,3.83984375,3.0,1.987846349167342,False,True,True,True
SB176,1,192.0,9980.0,9984.0,4.0,0.1005081976700686,1.0,4.0,4.0,15.6564535198068,False,True,True,True
SB176,1,193.0,9984.0,9988.0,4.0,0.1644998110296175,1.0,4.0,4.0,19.51380888185384,False,True,True,True
SB176,1,194.0,9988.0,9992.0,4.0,-0.311062875667353,1.0,4.0,5.0,1.571639782225012,False,True,True,True
SB176,1,195.0,9992.0,9996.0,4.0,-0.05970684385907315,1.0,4.0,3.0,3.166362681282816,False,True,True,True
SB176,1,196.0,9996.0,10000.0,4.0,0.2112924514179941,1.0,4.0,3.0,1.700095261756631,True,True,True,True
SB176,1,197.0,10000.0,10004.0,4.0,0.0073054281428843,1.0,4.0,4.0,4.283801036888608,False,True,True,True
SB176,1,198.0,10004.0,10008.0,4.0,-0.3442715399262519,1.0,4.0,4.0,6.515793770997116,False,True,True,True
SB176,1,199.0,10008.0,10012.0,4.0,0.1804951296715579,1.0,4.0,4.0,24.55497861225173,False,True,True,True
SB176,1,200.0,10012.0,10016.0,4.0,0.02928314025060505,1.0,4.0,1.0,4.533757171653107,False,True,True,True
SB176,1,201.0,10016.0,10020.0,4.0,0.21956144129061733,0.923828125,3.6953125,1.0,1.8359453038810982,False,True,True,True
SB176,1,202.0,10020.0,10024.0,4.0,0.1738868843608026,0.451171875,1.8046875,1.0,1.9401164129695672,True,False,False,True
SB176,1,203.0,10024.0,10028.0,4.0,0.06866162823867895,1.0,4.0,2.0,2.215253503807596,True,True,True,True
SB176,1,204.0,10028.0,10032.0,4.0,0.1301979806346497,1.0,4.0,4.0,15.951128907297342,False,True,True,True
SB176,1,205.0,10032.0,10036.0,4.0,0.003714033816221601,1.0,4.0,2.0,12.370448673450042,,True,True,True
SB176,1,206.0,10036.0,10040.0,4.0,0.02348345504744435,1.0,4.0,1.0,7.769560768749309,False,True,True,True
SB176,1,207.0,10040.0,10044.0,4.0,0.026054914531650347,1.0,4.0,2.0,7.698382622209563,False,True,True,True
SB176,1,208.0,10044.0,10048.0,4.0,-0.18471765985289,1.0,4.0,3.0,12.56582653250051,,True,True,True
SB176,1,209.0,10048.0,10052.0,4.0,-0.0632403439198918,1.0,4.0,1.0,6.214109278012724,,True,True,True
SB176,1,210.0,10052.0,10056.0,4.0,0.0075061311379265,0.0712890625,0.28515625,2.0,2.3691279157343152,False,False,False,True
SB176,1,211.0,10056.0,10060.0,4.0,-0.006739344091260301,1.0,4.0,1.0,2.0334437775587744,False,True,True,True
SB176,1,212.0,10060.0,10064.0,4.0,-0.1119339070422511,0.5439453125,2.17578125,2.0,1.177054329990994,True,False,False,True
SB176,1,213.0,10064.0,10068.0,4.0,0.0326202435821865,0.318359375,1.2734375,1.0,1.5316581262945883,True,False,False,True
SB176,1,214.0,10068.0,10072.0,4.0,-0.0474256860344578,0.0,0.0,0.0,1.0237063958974346,True,False,False,True
SB176,1,215.0,10072.0,10076.0,4.0,0.0896392047419563,0.8916015625,3.56640625,3.0,1.7250504468893897,False,True,True,True
SB176,1,216.0,10076.0,10080.0,4.0,0.13702745135083966,0.783203125,3.1328125,1.0,3.1273553050348695,False,True,True,True
SB176,1,217.0,10080.0,10084.0,4.0,-0.118072209125172,0.787109375,3.1484375,2.0,1.781838752777649,False,True,True,True
SB176,1,218.0,10084.0,10088.0,4.0,0.0463527769313643,1.0,4.0,5.0,8.252904753494095,False,True,True,True
SB176,1,219.0,10088.0,10092.0,4.0,0.0165669400774388,1.0,4.0,2.0,8.073210260578728,False,True,True,True
SB176,1,220.0,10092.0,10096.0,4.0,0.1385097618765983,1.0,4.0,2.0,2.753183522697355,False,True,True,True
SB176,1,221.0,10096.0,10100.0,4.0,0.3178500173322864,0.9111328125,3.64453125,2.0,1.405951402923555,True,True,True,True
SB176,1,222.0,10100.0,10104.0,4.0,0.0380233419036387,0.0,0.0,0.0,1.192336998602022,True,False,False,True
SB176,1,223.0,10104.0,10108.0,4.0,0.2427185855523054,0.87890625,3.515625,2.0,1.7216835691473984,False,True,True,True
SB176,1,224.0,10108.0,10112.0,4.0,0.1847496201644462,0.873046875,3.4921875,2.0,4.645081239763458,False,True,True,True
SB176,1,225.0,10112.0,10116.0,4.0,-0.10596113200788225,0.0,0.0,0.0,2.383253395474637,False,False,False,True
SB176,1,226.0,10116.0,10120.0,4.0,0.2379663879937281,0.0,0.0,0.0,1.1048387351807198,True,False,False,True
SB176,1,227.0,10120.0,10124.0,4.0,-0.018094723671716297,0.0,0.0,0.0,1.4611319608684297,False,False,False,True
SB176,1,228.0,10124.0,10128.0,4.0,-0.2245993182306936,0.0,0.0,0.0,4.161702471287739,False,False,False,True
SB176,1,229.0,10128.0,10132.0,4.0,0.0858676601727679,0.6396484375,2.55859375,2.0,1.4221194807877897,False,False,False,True
SB176,1,230.0,10132.0,10136.0,4.0,0.1478442291712775,1.0,4.0,2.0,3.00884358758477,False,True,True,True
SB176,1,231.0,10136.0,10140.0,4.0,0.2037945889368381,0.6728515625,2.69140625,2.0,2.151578005946223,False,False,False,True
SB176,1,232.0,10140.0,10144.0,4.0,-0.0146459215592429,1.0,4.0,4.0,5.136133152549868,False,True,True,True
SB176,1,233.0,10144.0,10148.0,4.0,-0.0497951917430608,1.0,4.0,3.0,5.893624034439363,False,True,True,True
SB176,1,234.0,10148.0,10152.0,4.0,0.1072398009700292,1.0,4.0,4.0,6.097103558310048,False,True,True,True
SB176,1,235.0,10152.0,10156.0,4.0,0.0569943595678887,1.0,4.0,4.0,3.46522376675775,False,True,True,True
SB176,1,236.0,10156.0,10160.0,4.0,-0.1239514879598498,1.0,4.0,4.0,1.7928148175023746,True,True,True,True
SB176,1,237.0,10160.0,10164.0,4.0,0.1008652136287974,1.0,4.0,4.0,14.794208374656534,False,True,True,True
SB176,1,238.0,10164.0,10168.0,4.0,-0.029277248885789902,1.0,4.0,4.0,6.79330370543304,,True,True,True
SB176,1,239.0,10168.0,10172.0,4.0,-0.00370711573811585,1.0,4.0,3.0,1.623980937601861,True,True,True,True
SB176,1,240.0,10172.0,10176.0,4.0,0.019078472635397,0.1259765625,0.50390625,1.0,2.0927298629846054,False,False,False,True
SB176,1,241.0,10176.0,10180.0,4.0,-0.1322501229228949,0.4873046875,1.94921875,1.0,1.3766850389868588,False,False,False,True
SB176,1,242.0,10180.0,10184.0,4.0,0.2208215906294561,0.7158203125,2.86328125,2.0,1.536216096698439,True,False,False,True
SB176,1,243.0,10184.0,10188.0,4.0,0.0683605389384921,1.0,4.0,4.0,1.3516514579791266,True,True,True,True
SB176,1,244.0,10188.0,10192.0,4.0,0.2078402903057463,1.0,4.0,4.0,9.692196954195076,False,True,True,True
SB176,1,245.0,10192.0,10196.0,4.0,-0.0423386735112079,1.0,4.0,4.0,5.433472327639112,False,True,True,True
SB176,1,246.0,10196.0,10200.0,4.0,0.1960271517862989,1.0,4.0,4.0,8.446669449206079,False,True,True,True
SB176,1,247.0,10200.0,10204.0,4.0,-0.2236847857007168,1.0,4.0,4.0,4.581856843842847,False,True,True,True
SB176,1,248.0,10204.0,10208.0,4.0,-0.1476638206193002,1.0,4.0,2.0,4.1987438503396755,False,True,True,True
SB176,1,249.0,10208.0,10212.0,4.0,0.0546331821318178,1.0,4.0,4.0,9.856734201975552,False,True,True,True
SB176,1,250.0,10212.0,10216.0,4.0,0.0933422579581586,1.0,4.0,4.0,1.786012226290114,False,True,True,True
SB176,1,251.0,10216.0,10220.0,4.0,0.0744001451553226,0.0,0.0,0.0,1.969644811241776,False,False,False,True
SB176,1,254.0,10228.0,10232.0,4.0,-0.071365277181434,1.0,4.0,4.0,5.548733197371675,False,True,True,True
SB176,1,255.0,10232.0,10236.0,4.0,0.01786557456283675,0.8564453125,3.42578125,2.0,1.7340553691144807,False,True,True,True
SB176,1,256.0,10236.0,10240.0,4.0,-0.2052363972854443,0.693359375,2.7734375,3.0,1.3610467370714794,False,False,False,True
SB176,1,257.0,10240.0,10244.0,4.0,0.14150444605168033,1.0,4.0,4.0,4.253642252129105,,True,True,True
SB176,1,258.0,10244.0,10248.0,4.0,0.07348358169938529,1.0,4.0,4.0,12.130352540248996,,True,True,True
SB176,1,259.0,10248.0,10252.0,4.0,-0.0262760517539636,1.0,4.0,4.0,17.6682247571422,False,True,True,True
SB176,1,260.0,10252.0,10256.0,4.0,0.0340576958319187,1.0,4.0,4.0,44.60031643463248,False,True,True,True
SB176,1,261.0,10256.0,10260.0,4.0,-0.048320971551753,1.0,4.0,4.0,19.484211484986947,False,True,True,True
SB176,1,262.0,10260.0,10264.0,4.0,0.13286172146569644,1.0,4.0,4.0,14.280923718811668,,True,True,True
SB176,1,263.0,10264.0,10268.0,4.0,0.11682989430152954,1.0,4.0,4.0,17.144685067828824,,True,True,True
SB176,1,264.0,10268.0,10272.0,4.0,0.1138411990258131,1.0,4.0,4.0,8.934564190507322,False,True,True,True
SB176,1,265.0,10272.0,10276.0,4.0,0.2145026981369024,1.0,4.0,4.0,24.067440395826853,False,True,True,True
SB176,1,266.0,10276.0,10280.0,4.0,-0.0176285115947074,1.0,4.0,4.0,35.005979395918494,False,True,True,True
SB176,1,267.0,10280.0,10284.0,4.0,0.0951619988248146,1.0,4.0,4.0,15.604458709022694,False,True,True,True
SB176,1,268.0,10284.0,10288.0,4.0,0.10090750213449196,1.0,4.0,1.0,8.938905464398202,False,True,True,True
SB176,1,269.0,10288.0,10292.0,4.0,0.1374124765350121,1.0,4.0,1.0,1.6385747282224,False,True,True,True
SB176,1,270.0,10292.0,10296.0,4.0,-0.2605568537313022,1.0,4.0,3.0,1.415180635384336,True,True,True,True
SB176,1,271.0,10296.0,10300.0,4.0,-0.2601941121574657,1.0,4.0,2.0,1.467029581532552,False,True,True,True
SB176,1,272.0,10300.0,10304.0,4.0,0.1480966574285414,1.0,4.0,1.0,5.507167640763123,False,True,True,True
SB176,1,273.0,10304.0,10308.0,4.0,-0.1691992004086283,1.0,4.0,4.0,1.1188099075182143,True,True,True,True
SB176,1,274.0,10308.0,10312.0,4.0,0.05799032383717445,1.0,4.0,1.0,5.265768019608547,False,True,True,True
SB176,1,275.0,10312.0,10316.0,4.0,-0.007681322249744299,1.0,4.0,2.0,6.51449289804737,,True,True,True
SB176,1,276.0,10316.0,10320.0,4.0,0.1474601072932679,1.0,4.0,5.0,3.623068032779191,False,True,True,True
SB176,1,277.0,10320.0,10324.0,4.0,0.0470309523437322,1.0,4.0,4.0,6.360111696990298,False,True,True,True
SB176,1,278.0,10324.0,10328.0,4.0,-0.0100447908718238,1.0,4.0,2.0,2.296611685294512,True,True,True,True
SB176,1,279.0,10328.0,10332.0,4.0,0.10497611896636841,0.1484375,0.59375,1.0,3.173533584695299,False,False,False,True
SB176,1,280.0,10332.0,10336.0,4.0,-0.024407025001812396,0.0,0.0,0.0,2.8369670855767533,False,False,False,True
SB176,1,281.0,10336.0,10340.0,4.0,0.19783536749094288,0.4013671875,1.60546875,1.0,1.975480997699069,True,False,False,True
SB176,1,282.0,10340.0,10344.0,4.0,0.0133771647286887,1.0,4.0,4.0,13.353566507787477,False,True,True,True
SB176,1,283.0,10344.0,10348.0,4.0,0.048786280013353396,1.0,4.0,1.0,3.740479470024083,False,True,True,True
SB176,1,284.0,10348.0,10352.0,4.0,0.020745948361509198,1.0,4.0,1.0,4.497012096141905,False,True,True,True
SB176,1,285.0,10352.0,10356.0,4.0,0.08754577267640555,0.177734375,0.7109375,1.0,2.3224079600936944,False,False,False,True
SB176,1,286.0,10356.0,10360.0,4.0,0.0922568747251814,0.0,0.0,0.0,1.422591089979068,True,False,False,True
SB176,1,287.0,10360.0,10364.0,4.0,0.14777017551733815,0.0,0.0,0.0,2.108356874506901,False,False,False,True
SB176,1,288.0,10364.0,10368.0,4.0,-0.25002601945423875,0.4287109375,1.71484375,3.0,1.4999724327429438,True,False,False,True
SB176,1,289.0,10368.0,10372.0,4.0,-0.0211808220929407,1.0,4.0,3.0,3.608251893462251,False,True,True,True
SB176,1,290.0,10372.0,10376.0,4.0,-0.1342305749527283,0.712890625,2.8515625,1.0,1.928445935816761,False,False,False,True
SB176,1,291.0,10376.0,10380.0,4.0,0.017076610883072343,0.0,0.0,0.0,1.5685262163392908,False,False,False,True
SB176,1,292.0,10380.0,10384.0,4.0,0.055732497926018844,0.0,0.0,0.0,2.112520833063893,False,False,False,True
SB176,1,293.0,10384.0,10388.0,4.0,-0.0694630565234942,0.0,0.0,0.0,4.649410022150783,False,False,False,True
SB176,1,294.0,10388.0,10392.0,4.0,0.1052725034348573,0.052734375,0.2109375,1.0,1.0185725951895783,True,False,False,True
SB176,1,295.0,10392.0,10396.0,4.0,0.186760454040805,1.0,4.0,1.0,67.32625806223214,,True,True,True
SB176,1,296.0,10396.0,10400.0,4.0,-0.137212572947085,1.0,4.0,5.0,6.56374436727391,False,True,True,True
SB176,1,297.0,10400.0,10404.0,4.0,0.2443985389747232,1.0,4.0,4.0,3.8801551700092975,False,True,True,True
SB176,1,298.0,10404.0,10408.0,4.0,-0.0023896824285904,1.0,4.0,4.0,6.816068840156555,False,True,True,True
SB176,1,299.0,10408.0,10412.0,4.0,-0.19961690518584646,1.0,4.0,3.0,11.58941806057533,False,True,True,True
SB176,1,300.0,10412.0,10416.0,4.0,0.2239564655417404,1.0,4.0,3.0,3.824378386137544,False,True,True,True
SB176,1,301.0,10416.0,10420.0,4.0,0.07937924618550694,1.0,4.0,1.0,3.3098755333927956,False,True,True,True
SB176,1,302.0,10420.0,10424.0,4.0,-0.08436743962446695,1.0,4.0,2.0,4.539452868898067,False,True,True,True
SB176,1,303.0,10424.0,10428.0,4.0,-0.0338071406945917,1.0,4.0,3.0,9.104207120152571,False,True,True,True
SB176,1,304.0,10428.0,10432.0,4.0,-0.5712769341574306,1.0,4.0,3.0,1.7422414597713718,False,True,True,True
SB176,1,305.0,10432.0,10436.0,4.0,-0.2547168272980374,1.0,4.0,1.0,1.7429068213902823,False,True,True,True
SB176,2,1.0,10536.0,10540.0,4.0,-0.2134747155860365,0.0,0.0,0.0,1.4984074625704698,False,False,False,True
SB176,2,2.0,10540.0,10544.0,4.0,-0.10396160373059325,0.0,0.0,0.0,1.4677330186541893,False,False,False,True
SB176,2,3.0,10544.0,10548.0,4.0,-0.07069196260492874,0.0,0.0,0.0,1.4169606930042358,False,False,False,True
SB176,2,4.0,10548.0,10552.0,4.0,-0.0064502613985505,0.0,0.0,0.0,0.9037781286110702,True,False,False,True
SB176,2,5.0,10552.0,10556.0,4.0,-0.1138123642811305,0.125,0.5,1.0,0.942073293630158,True,False,False,True
SB176,2,6.0,10556.0,10560.0,4.0,-0.0495996949901662,1.0,4.0,1.0,1.0404460903818626,True,True,True,True
SB176,2,7.0,10560.0,10564.0,4.0,0.0851612481727835,1.0,4.0,1.0,0.9763627932166448,True,True,True,True
SB176,2,8.0,10564.0,10568.0,4.0,0.1451885402012931,1.0,4.0,1.0,2.152948913401973,False,True,True,True
SB176,2,9.0,10568.0,10572.0,4.0,0.1104074711057593,1.0,4.0,1.0,2.9017316972600544,True,True,True,True
SB176,2,10.0,10572.0,10576.0,4.0,0.1479278060574169,1.0,4.0,1.0,1.0282825075269642,True,True,True,True
SB176,2,11.0,10576.0,10580.0,4.0,-0.176064825897806,1.0,4.0,1.0,5.803931109252659,,True,True,True
SB176,2,12.0,10580.0,10584.0,4.0,0.1150446061691977,1.0,4.0,1.0,4.155959029554098,,True,True,True
SB176,2,13.0,10584.0,10588.0,4.0,-0.109642229165382,1.0,4.0,1.0,2.012744069115646,,True,True,True
SB176,2,14.0,10588.0,10592.0,4.0,-0.118813545160083,1.0,4.0,1.0,2.2281979593133063,False,True,True,True
SB176,2,15.0,10592.0,10596.0,4.0,0.0475215277932106,1.0,4.0,1.0,1.0368230589406675,True,True,True,True
SB176,2,16.0,10596.0,10600.0,4.0,0.0449338875334326,1.0,4.0,2.0,1.3061775836706608,True,True,True,True
SB176,2,17.0,10600.0,10604.0,4.0,0.010375871445109701,1.0,4.0,2.0,2.385851618552808,,True,True,True
SB176,2,18.0,10604.0,10608.0,4.0,0.0162030663276255,1.0,4.0,1.0,1.2909536349896162,True,True,True,True
SB176,2,19.0,10608.0,10612.0,4.0,-0.0069476957482343,1.0,4.0,1.0,1.0110780821603853,True,True,True,True
SB176,2,20.0,10612.0,10616.0,4.0,0.1570554490959555,1.0,4.0,1.0,1.6195894372874662,False,True,True,True
SB176,2,21.0,10616.0,10620.0,4.0,0.23365880718716894,1.0,4.0,1.0,1.5808242277087756,False,True,True,True
SB176,2,22.0,10620.0,10624.0,4.0,-0.0852151944395632,1.0,4.0,1.0,1.627365832452905,False,True,True,True
SB176,2,23.0,10624.0,10628.0,4.0,-0.077656381908207,0.0,0.0,0.0,0.8967702871741987,True,False,False,True
SB176,2,24.0,10628.0,10632.0,4.0,0.1243916004303818,1.0,4.0,1.0,1.3074583145094285,,True,True,True
SB176,2,25.0,10632.0,10636.0,4.0,0.1004255158183718,0.0,0.0,0.0,0.9789365057985766,True,False,False,True
SB176,2,27.0,10640.0,10644.0,4.0,0.2560113918816283,0.0,0.0,0.0,1.9559929207359017,False,False,False,True
SB176,2,28.0,10644.0,10648.0,4.0,0.0383890301813907,1.0,4.0,1.0,1.8737435929479085,,True,True,True
SB176,2,29.0,10648.0,10652.0,4.0,-0.0142338625310462,1.0,4.0,1.0,1.2148774810302871,True,True,True,True
SB176,2,30.0,10652.0,10656.0,4.0,-0.00839122270404365,0.0,0.0,0.0,1.1101207543634253,True,False,False,True
SB176,2,31.0,10656.0,10660.0,4.0,-0.0009043382786357,0.0,0.0,0.0,1.23081831158592,True,False,False,True
SB176,2,32.0,10660.0,10664.0,4.0,-0.058009424093503,0.0,0.0,0.0,1.049659770321257,True,False,False,True
SB176,2,33.0,10664.0,10668.0,4.0,-0.0730652709698187,0.625,2.5,1.0,1.387532580925586,False,False,False,True
SB176,2,34.0,10668.0,10672.0,4.0,0.0050008990686637,0.8017578125,3.20703125,2.0,1.0328701742955853,True,True,True,True
SB176,2,35.0,10672.0,10676.0,4.0,0.1399329927800681,0.0,0.0,0.0,0.9615465560029862,True,False,False,True
SB176,2,36.0,10676.0,10680.0,4.0,0.0368236960777285,0.318359375,1.2734375,2.0,1.426048716253121,True,False,False,True
SB176,2,37.0,10680.0,10684.0,4.0,0.0484401198077261,0.9658203125,3.86328125,1.0,1.035021817199439,True,True,True,True
SB176,2,38.0,10684.0,10688.0,4.0,-0.0163343093093818,0.603515625,2.4140625,1.0,1.0781454166301188,True,False,False,True
SB176,2,39.0,10688.0,10692.0,4.0,-0.0737352355167651,0.2392578125,0.95703125,2.0,0.9019790744258864,True,False,False,True
SB176,2,40.0,10692.0,10696.0,4.0,-0.14661427196822718,1.0,4.0,1.0,9.736576064072235,False,True,True,True
SB176,2,41.0,10696.0,10700.0,4.0,0.0590039487108606,1.0,4.0,1.0,5.1719481097083735,False,True,True,True
SB176,2,42.0,10700.0,10704.0,4.0,-0.0371220729241242,1.0,4.0,2.0,1.0663016824888143,True,True,True,True
SB176,2,43.0,10704.0,10708.0,4.0,0.0438819698838305,1.0,4.0,2.0,2.3684283419783205,False,True,True,True
SB176,2,44.0,10708.0,10712.0,4.0,0.21567750505508193,1.0,4.0,2.0,2.067814720717109,False,True,True,True
SB176,2,47.0,10720.0,10724.0,4.0,0.0755439406707534,0.0,0.0,0.0,1.23916661568909,True,False,False,True
SB176,2,48.0,10724.0,10728.0,4.0,-0.0767559522190689,0.935546875,3.7421875,2.0,1.6719475008866167,True,True,True,True
SB176,2,49.0,10728.0,10732.0,4.0,-0.0641487930141115,1.0,4.0,5.0,2.099530247553897,True,True,True,True
SB176,2,51.0,10736.0,10740.0,4.0,0.1288016133255483,0.421875,1.6875,1.0,1.2165823455771576,True,False,False,True
SB176,2,52.0,10740.0,10744.0,4.0,0.0984589408712032,1.0,4.0,2.0,7.339414217485229,False,True,True,True
SB176,2,53.0,10744.0,10748.0,4.0,0.087231188308742,1.0,4.0,2.0,5.760603148029182,False,True,True,True
SB176,2,54.0,10748.0,10752.0,4.0,-0.0408582496404133,0.1396484375,0.55859375,2.0,0.9785223748165396,True,False,False,True
SB176,2,55.0,10752.0,10756.0,4.0,-0.18985615969554098,0.8525390625,3.41015625,1.0,2.273140431192294,False,True,True,True
SB176,2,56.0,10756.0,10760.0,4.0,0.0453440715059002,0.3310546875,1.32421875,1.0,1.038937023071503,True,False,False,True
SB176,2,57.0,10760.0,10764.0,4.0,-0.0017803176786445,0.0,0.0,0.0,1.3937727526023,True,False,False,True
SB176,2,58.0,10764.0,10768.0,4.0,0.032625912258272355,0.0,0.0,0.0,1.9612972503216288,False,False,False,True
SB176,2,59.0,10768.0,10772.0,4.0,-0.15715108796081073,0.8232421875,3.29296875,4.0,1.5790301305316286,True,True,True,True
SB176,2,60.0,10772.0,10776.0,4.0,0.03522254737029,1.0,4.0,5.0,18.70675851076161,,True,True,True
SB176,2,61.0,10776.0,10780.0,4.0,-0.007522868969084101,1.0,4.0,4.0,20.49270998813617,,True,True,True
SB176,2,62.0,10780.0,10784.0,4.0,-0.0170383815791853,0.3876953125,1.55078125,4.0,1.1966585050566942,True,False,False,True
SB176,2,63.0,10784.0,10788.0,4.0,-0.1688934442441826,0.0,0.0,0.0,1.5123572792252564,False,False,False,True
SB176,2,64.0,10788.0,10792.0,4.0,0.2147324005371277,1.0,4.0,2.0,1.6370067086239737,False,True,True,True
SB176,2,65.0,10792.0,10796.0,4.0,0.08238774304908986,1.0,4.0,2.0,4.008975185654082,False,True,True,True
SB176,2,66.0,10796.0,10800.0,4.0,0.0168493870001237,1.0,4.0,3.0,2.1417404985355093,True,True,True,True
SB176,2,67.0,10800.0,10804.0,4.0,0.0855137619250834,1.0,4.0,5.0,12.599067896611707,,True,True,True
SB176,2,68.0,10804.0,10808.0,4.0,-0.005617493545485099,1.0,4.0,4.0,6.991197663884854,,True,True,True
SB176,2,69.0,10808.0,10812.0,4.0,0.041251057737248895,1.0,4.0,4.0,21.875383014990128,,True,True,True
SB176,2,70.0,10812.0,10816.0,4.0,0.2193978030681536,1.0,4.0,5.0,17.446942853461252,,True,True,True
SB176,2,71.0,10816.0,10820.0,4.0,-0.611173896689393,1.0,4.0,3.0,5.539356492008326,False,True,True,True
SB176,2,72.0,10820.0,10824.0,4.0,0.0734010111658232,1.0,4.0,2.0,1.2657852478509313,True,True,True,True
SB176,2,73.0,10824.0,10828.0,4.0,0.040539122061602095,1.0,4.0,1.0,5.781171758452962,False,True,True,True
SB176,2,74.0,10828.0,10832.0,4.0,-0.0694437607554147,1.0,4.0,1.0,1.0544937421078027,True,True,True,True
SB176,2,75.0,10832.0,10836.0,4.0,-0.0141290401218993,1.0,4.0,1.0,1.1086847100905768,True,True,True,True
SB176,2,76.0,10836.0,10840.0,4.0,-0.1552801260860228,1.0,4.0,1.0,4.451218721132453,,True,True,True
SB176,2,77.0,10840.0,10844.0,4.0,-0.441907543935435,1.0,4.0,1.0,5.302690701488244,,True,True,True
SB176,2,78.0,10844.0,10848.0,4.0,-0.007462978431773203,1.0,4.0,1.0,4.061723919409636,False,True,True,True
SB176,2,79.0,10848.0,10852.0,4.0,0.1910976722038393,1.0,4.0,1.0,8.351669312038336,,True,True,True
SB176,2,80.0,10852.0,10856.0,4.0,0.0384306648713558,1.0,4.0,2.0,0.9955810579635096,True,True,True,True
SB176,2,81.0,10856.0,10860.0,4.0,0.017504210626234695,1.0,4.0,1.0,5.114488465680153,False,True,True,True
SB176,2,82.0,10860.0,10864.0,4.0,0.0251062787373165,1.0,4.0,1.0,6.100723248872965,,True,True,True
SB176,2,83.0,10864.0,10868.0,4.0,-0.1294083304925601,1.0,4.0,1.0,5.191986449858034,,True,True,True
SB176,2,84.0,10868.0,10872.0,4.0,-0.0380490765996011,1.0,4.0,1.0,4.330731299226422,,True,True,True
SB176,2,85.0,10872.0,10876.0,4.0,-0.0341040268155611,1.0,4.0,2.0,0.983262116400414,True,True,True,True
SB176,2,86.0,10876.0,10880.0,4.0,-0.0046395391867925,1.0,4.0,1.0,5.215563962627916,,True,True,True
SB176,2,87.0,10880.0,10884.0,4.0,0.0676846639503806,1.0,4.0,5.0,22.304180986232133,,True,True,True
SB176,2,88.0,10884.0,10888.0,4.0,0.2954714114529383,1.0,4.0,4.0,8.922706219506338,,True,True,True
SB176,2,89.0,10888.0,10892.0,4.0,-0.02330286237444115,1.0,4.0,4.0,4.941817919932612,False,True,True,True
SB176,2,90.0,10892.0,10896.0,4.0,-0.0169600529176849,1.0,4.0,2.0,7.817679732004736,False,True,True,True
SB176,2,91.0,10896.0,10900.0,4.0,0.1643829272149873,1.0,4.0,1.0,10.438863516638857,False,True,True,True
SB176,2,92.0,10900.0,10904.0,4.0,-0.1815731328928094,0.2392578125,0.95703125,1.0,1.629645957732616,False,False,False,True
SB176,2,93.0,10904.0,10908.0,4.0,0.1233212534080812,1.0,4.0,3.0,2.445786656757756,False,True,True,True
SB176,2,94.0,10908.0,10912.0,4.0,-0.0524232725023342,1.0,4.0,2.0,2.0736797816973938,False,True,True,True
SB176,2,95.0,10912.0,10916.0,4.0,0.17232932804559536,1.0,4.0,1.0,2.191008149647295,False,True,True,True
SB176,2,96.0,10916.0,10920.0,4.0,0.04473928032073895,1.0,4.0,2.0,1.5027695080713537,True,True,True,True
SB176,2,97.0,10920.0,10924.0,4.0,0.4335587370894578,1.0,4.0,2.0,2.387203115783079,True,True,True,True
SB176,2,98.0,10924.0,10928.0,4.0,0.1538436340664942,1.0,4.0,1.0,1.47825861775114,False,True,True,True
SB176,2,99.0,10928.0,10932.0,4.0,0.4198822483785126,1.0,4.0,2.0,3.820146278771547,False,True,True,True
SB176,2,100.0,10932.0,10936.0,4.0,-0.0214217505770122,1.0,4.0,1.0,1.7016597741749917,False,True,True,True
SB176,2,101.0,10936.0,10940.0,4.0,-0.1688225000815006,1.0,4.0,1.0,4.610107835521254,,True,True,True
SB176,2,102.0,10940.0,10944.0,4.0,0.1917000097466128,1.0,4.0,1.0,1.0383901094131496,True,True,True,True
SB176,2,103.0,10944.0,10948.0,4.0,0.2034530819368738,1.0,4.0,1.0,3.3024050757299945,False,True,True,True
SB176,2,104.0,10948.0,10952.0,4.0,-0.054108094762070055,1.0,4.0,2.0,1.8806571360945186,False,True,True,True
SB176,2,105.0,10952.0,10956.0,4.0,-0.3270958784220007,1.0,4.0,1.0,1.5759232930152165,False,True,True,True
SB176,2,106.0,10956.0,10960.0,4.0,-0.0071528961130671006,1.0,4.0,3.0,1.7192442753746908,True,True,True,True
SB176,2,107.0,10960.0,10964.0,4.0,-0.0288127744031115,1.0,4.0,4.0,12.888961912993404,False,True,True,True
SB176,2,108.0,10964.0,10968.0,4.0,-0.1448821172591297,1.0,4.0,4.0,12.548009921077655,False,True,True,True
SB176,2,109.0,10968.0,10972.0,4.0,-0.14543770139761367,1.0,4.0,4.0,3.5052498422598535,,True,True,True
SB176,2,110.0,10972.0,10976.0,4.0,0.0454283672260498,1.0,4.0,3.0,1.9571813832938092,,True,True,True
SB176,2,111.0,10976.0,10980.0,4.0,0.0821495769531446,0.861328125,3.4453125,3.0,1.0377984129266271,True,True,True,True
SB176,2,112.0,10980.0,10984.0,4.0,0.0365665901665642,1.0,4.0,2.0,1.0481338240099447,True,True,True,True
SB176,2,113.0,10984.0,10988.0,4.0,-0.2505511214735934,1.0,4.0,2.0,2.4390426160865166,True,True,True,True
SB176,2,114.0,10988.0,10992.0,4.0,0.026941019035933555,1.0,4.0,1.0,9.24476682974203,False,True,True,True
SB176,2,115.0,10992.0,10996.0,4.0,-0.0697877405646796,1.0,4.0,2.0,3.090615532751769,True,True,True,True
SB176,2,116.0,10996.0,11000.0,4.0,-0.1729305389616804,0.2177734375,0.87109375,2.0,0.969393734322928,True,False,False,True
SB176,2,117.0,11000.0,11004.0,4.0,0.1246910804137617,0.75390625,3.015625,1.0,1.9490615190659857,False,True,True,True
SB176,2,118.0,11004.0,11008.0,4.0,0.0403862699424243,0.58984375,2.359375,1.0,1.586979886639104,True,False,False,True
SB176,2,119.0,11008.0,11012.0,4.0,-0.005105781021517351,0.41015625,1.640625,1.0,1.521386239088859,False,False,False,True
SB176,2,120.0,11012.0,11016.0,4.0,0.0234320608219128,1.0,4.0,5.0,3.3178899592270463,True,True,True,True
SB176,2,121.0,11016.0,11020.0,4.0,0.0924521598633608,1.0,4.0,5.0,7.680577403809259,,True,True,True
SB176,2,122.0,11020.0,11024.0,4.0,-0.0285826449374839,1.0,4.0,5.0,9.813137116588566,,True,True,True
SB176,2,123.0,11024.0,11028.0,4.0,0.198008088148903,1.0,4.0,5.0,6.124192084770755,,True,True,True
SB176,2,124.0,11028.0,11032.0,4.0,0.2329790264547396,1.0,4.0,4.0,20.72472994005199,,True,True,True
SB176,2,125.0,11032.0,11036.0,4.0,-0.25995900681820505,1.0,4.0,2.0,6.126217593613967,False,True,True,True
SB176,2,126.0,11036.0,11040.0,4.0,-0.2903060995465368,1.0,4.0,2.0,1.4216498893931822,False,True,True,True
SB176,2,127.0,11040.0,11044.0,4.0,-0.0478631114042964,1.0,4.0,1.0,6.40670711420993,,True,True,True
SB176,2,128.0,11044.0,11048.0,4.0,-0.1014489598930439,1.0,4.0,1.0,2.072983431030601,,True,True,True
SB176,2,129.0,11048.0,11052.0,4.0,-0.1454035219335325,1.0,4.0,2.0,2.182301124019378,False,True,True,True
SB176,2,130.0,11052.0,11056.0,4.0,0.184024983702898,1.0,4.0,2.0,6.940715261636576,False,True,True,True
SB176,2,131.0,11056.0,11060.0,4.0,-0.0639165304606386,1.0,4.0,1.0,5.000290624340877,False,True,True,True
SB176,2,132.0,11060.0,11064.0,4.0,0.09091101020047594,1.0,4.0,1.0,1.6322896581159154,True,True,True,True
SB176,2,133.0,11064.0,11068.0,4.0,0.08740737767175684,1.0,4.0,2.0,6.321386680357685,False,True,True,True
SB176,2,134.0,11068.0,11072.0,4.0,-0.1303851758417471,1.0,4.0,2.0,5.963638247075649,False,True,True,True
SB176,2,135.0,11072.0,11076.0,4.0,0.1736922868032877,1.0,4.0,2.0,8.232058087899253,False,True,True,True
SB176,2,136.0,11076.0,11080.0,4.0,0.3266922169103937,1.0,4.0,3.0,5.315552365472456,False,True,True,True
SB176,2,137.0,11080.0,11084.0,4.0,-0.15667516752600655,1.0,4.0,2.0,2.3792760268905293,False,True,True,True
SB176,2,138.0,11084.0,11088.0,4.0,0.2874692118858702,1.0,4.0,1.0,9.858488415597334,,True,True,True
SB176,2,139.0,11088.0,11092.0,4.0,0.0586277854991293,1.0,4.0,1.0,1.010035425416306,True,True,True,True
SB176,2,140.0,11092.0,11096.0,4.0,-0.0138636497300146,1.0,4.0,3.0,1.376265077365233,True,True,True,True
SB176,2,141.0,11096.0,11100.0,4.0,-0.17548954620124468,1.0,4.0,3.0,6.896650467998745,False,True,True,True
SB176,2,142.0,11100.0,11104.0,4.0,-0.1194213988616579,1.0,4.0,3.0,7.4756711403040494,False,True,True,True
SB176,2,143.0,11104.0,11108.0,4.0,-0.08442964678090249,1.0,4.0,2.0,6.961986660362252,False,True,True,True
SB176,2,144.0,11108.0,11112.0,4.0,0.22662566632567172,1.0,4.0,3.0,2.766037006707315,False,True,True,True
SB176,2,145.0,11112.0,11116.0,4.0,0.0866477078182577,1.0,4.0,2.0,2.415509457656212,False,True,True,True
SB176,2,146.0,11116.0,11120.0,4.0,0.0095688990168016,1.0,4.0,2.0,2.4275362324323013,False,True,True,True
SB176,2,147.0,11120.0,11124.0,4.0,-0.0853481464046546,1.0,4.0,2.0,1.1519677972057838,True,True,True,True
SB176,2,148.0,11124.0,11128.0,4.0,0.1253914934002363,1.0,4.0,2.0,5.300835449911268,False,True,True,True
SB176,2,149.0,11128.0,11132.0,4.0,0.0659129978451175,1.0,4.0,3.0,1.8290162877692224,True,True,True,True
SB176,2,150.0,11132.0,11136.0,4.0,6.58761700456506e-05,1.0,4.0,2.0,5.071517386599838,False,True,True,True
SB176,2,151.0,11136.0,11140.0,4.0,-0.21406997207361028,1.0,4.0,2.0,3.213537812279423,False,True,True,True
SB176,2,152.0,11140.0,11144.0,4.0,-0.3038581185681701,1.0,4.0,2.0,2.1864771585553004,False,True,True,True
SB176,2,153.0,11144.0,11148.0,4.0,0.09636532580937635,1.0,4.0,1.0,1.9836457900537487,False,True,True,True
SB176,2,154.0,11148.0,11152.0,4.0,0.0564563294190028,1.0,4.0,1.0,2.3140646692728724,False,True,True,True
SB176,2,155.0,11152.0,11156.0,4.0,0.0332989986688353,1.0,4.0,3.0,2.411482138372474,False,True,True,True
SB176,2,156.0,11156.0,11160.0,4.0,0.4530715101647067,1.0,4.0,4.0,7.443289613105157,False,True,True,True
SB176,2,157.0,11160.0,11164.0,4.0,0.1514203704884188,1.0,4.0,3.0,4.4445761469001175,,True,True,True
SB176,2,158.0,11164.0,11168.0,4.0,-0.14627644259857894,0.6923828125,2.76953125,2.0,2.5159157278901834,False,False,False,True
SB176,2,159.0,11168.0,11172.0,4.0,0.29041357586157,1.0,4.0,2.0,1.6302739236256119,True,True,True,True
SB176,2,160.0,11172.0,11176.0,4.0,0.222789016555463,1.0,4.0,2.0,1.5406022768576704,True,True,True,True
SB176,2,161.0,11176.0,11180.0,4.0,0.2906854804323314,1.0,4.0,2.0,2.6483882938458354,False,True,True,True
SB176,2,162.0,11180.0,11184.0,4.0,0.1235230705207532,1.0,4.0,3.0,2.381391892447499,False,True,True,True
SB176,2,163.0,11184.0,11188.0,4.0,-0.1471330997967558,1.0,4.0,3.0,5.122417874438471,False,True,True,True
SB176,2,164.0,11188.0,11192.0,4.0,-0.1700081677937329,1.0,4.0,3.0,4.013773580912568,False,True,True,True
SB176,2,165.0,11192.0,11196.0,4.0,0.064265879297653,1.0,4.0,3.0,2.472921699218801,True,True,True,True
SB176,2,166.0,11196.0,11200.0,4.0,0.0871597759465922,1.0,4.0,3.0,4.366257012335979,False,True,True,True
SB176,2,167.0,11200.0,11204.0,4.0,0.16160277930378,1.0,4.0,1.0,2.218929616234705,False,True,True,True
SB176,2,168.0,11204.0,11208.0,4.0,0.1671536587877831,1.0,4.0,3.0,1.6083464801943814,False,True,True,True
SB176,2,169.0,11208.0,11212.0,4.0,0.17666830076264756,1.0,4.0,3.0,5.558747516096819,False,True,True,True
SB176,2,170.0,11212.0,11216.0,4.0,-0.1171808109216575,1.0,4.0,3.0,2.939729458468127,True,True,True,True
SB176,2,171.0,11216.0,11220.0,4.0,0.5228836959925296,1.0,4.0,4.0,3.182433261100801,False,True,True,True
SB176,2,172.0,11220.0,11224.0,4.0,0.0303303085952111,1.0,4.0,5.0,2.7819877483786337,,True,True,True
SB176,2,173.0,11224.0,11228.0,4.0,0.0499045024747455,1.0,4.0,5.0,3.2619567008437573,,True,True,True
SB176,2,174.0,11228.0,11232.0,4.0,0.2082971720990712,1.0,4.0,5.0,18.252110529025128,,True,True,True
SB176,2,175.0,11232.0,11236.0,4.0,0.048009128672586,1.0,4.0,5.0,4.0308912067743385,,True,True,True
SB176,2,176.0,11236.0,11240.0,4.0,-0.03006668564466995,1.0,4.0,3.0,2.2910170119507356,False,True,True,True
SB176,2,177.0,11240.0,11244.0,4.0,-0.0752038707255818,1.0,4.0,2.0,2.597723435481271,True,True,True,True
SB176,2,178.0,11244.0,11248.0,4.0,-0.0208202313673733,1.0,4.0,4.0,3.823591831118539,,True,True,True
SB176,2,179.0,11248.0,11252.0,4.0,0.10357164023158215,1.0,4.0,4.0,10.24297705063227,,True,True,True
SB176,2,180.0,11252.0,11256.0,4.0,0.0440798769349766,1.0,4.0,4.0,14.67597365389549,,True,True,True
SB176,2,181.0,11256.0,11260.0,4.0,0.2214246240361431,1.0,4.0,5.0,5.402727180405173,,True,True,True
SB176,2,182.0,11260.0,11264.0,4.0,0.0835858964361655,1.0,4.0,5.0,34.90521739976303,,True,True,True
SB176,2,183.0,11264.0,11268.0,4.0,0.02572283223330965,1.0,4.0,4.0,3.2379825401072244,,True,True,True
SB176,2,184.0,11268.0,11272.0,4.0,0.1261101304169941,1.0,4.0,4.0,1.5413069943286732,True,True,True,True
SB176,2,185.0,11272.0,11276.0,4.0,0.2451186383890673,1.0,4.0,1.0,1.3440077550954472,True,True,True,True
SB176,2,186.0,11276.0,11280.0,4.0,0.121186056924941,1.0,4.0,3.0,2.6081871761574305,False,True,True,True
SB176,2,187.0,11280.0,11284.0,4.0,-0.0030952935242598,1.0,4.0,5.0,3.50820893037399,,True,True,True
SB176,2,188.0,11284.0,11288.0,4.0,-0.0847624702295848,1.0,4.0,5.0,3.90214837079437,,True,True,True
SB176,2,189.0,11288.0,11292.0,4.0,0.0535873830026074,1.0,4.0,5.0,12.60800994158576,,True,True,True
SB176,2,190.0,11292.0,11296.0,4.0,0.0247281508848252,1.0,4.0,5.0,7.558651068930025,False,True,True,True
SB176,2,191.0,11296.0,11300.0,4.0,-0.0173356784464309,1.0,4.0,5.0,10.303244771006646,,True,True,True
SB176,2,192.0,11300.0,11304.0,4.0,-0.0538382780313428,1.0,4.0,5.0,9.404820652220216,,True,True,True
SB176,2,193.0,11304.0,11308.0,4.0,-0.0067160718111443,1.0,4.0,5.0,28.479425832126907,,True,True,True
SB176,2,194.0,11308.0,11312.0,4.0,0.0548345409100694,1.0,4.0,5.0,4.670114940765159,,True,True,True
SB176,2,195.0,11312.0,11316.0,4.0,-0.0800311470581913,1.0,4.0,4.0,5.299117549249654,False,True,True,True
SB176,2,196.0,11316.0,11320.0,4.0,0.1179444696137382,1.0,4.0,5.0,2.7058337538177275,True,True,True,True
SB176,2,197.0,11320.0,11324.0,4.0,0.09974211811999065,1.0,4.0,4.0,11.9855249078137,,True,True,True
SB176,2,198.0,11324.0,11328.0,4.0,0.0496499359811618,1.0,4.0,5.0,3.5251872696599453,False,True,True,True
SB176,2,199.0,11328.0,11332.0,4.0,0.0097049676009165,1.0,4.0,1.0,3.378101673757124,False,True,True,True
SB176,2,200.0,11332.0,11336.0,4.0,0.0744792324045433,1.0,4.0,1.0,2.6240345339943154,,True,True,True
SB176,2,201.0,11336.0,11340.0,4.0,0.0475297330166356,1.0,4.0,1.0,1.299739077774773,True,True,True,True
SB176,2,202.0,11340.0,11344.0,4.0,0.2213510345959512,1.0,4.0,1.0,2.493872149101556,,True,True,True
SB176,2,203.0,11344.0,11348.0,4.0,0.2647315100141187,1.0,4.0,1.0,2.5824448330087457,,True,True,True
SB176,2,204.0,11348.0,11352.0,4.0,-0.0339289355988454,1.0,4.0,1.0,2.1469602733188293,,True,True,True
SB176,2,205.0,11352.0,11356.0,4.0,-0.0938601989727524,1.0,4.0,1.0,1.1192356599841486,True,True,True,True
SB176,2,206.0,11356.0,11360.0,4.0,0.0232793996260879,1.0,4.0,1.0,2.441330025463336,,True,True,True
SB176,2,207.0,11360.0,11364.0,4.0,-0.0060334143441823,1.0,4.0,1.0,1.8599198604196037,False,True,True,True
SB176,2,208.0,11364.0,11368.0,4.0,0.1410719279334781,1.0,4.0,1.0,1.497372332510769,False,True,True,True
SB176,2,209.0,11368.0,11372.0,4.0,0.0535226871603043,1.0,4.0,2.0,1.2500309106768808,True,True,True,True
SB176,2,210.0,11372.0,11376.0,4.0,-0.1245328674791048,1.0,4.0,1.0,2.584190725748506,,True,True,True
SB176,2,211.0,11376.0,11380.0,4.0,0.07935341756247079,1.0,4.0,1.0,3.123089839727093,False,True,True,True
SB176,2,212.0,11380.0,11384.0,4.0,0.1624092913420911,1.0,4.0,2.0,1.78714862102162,True,True,True,True
SB176,2,213.0,11384.0,11388.0,4.0,0.1262048410700703,1.0,4.0,1.0,1.772823843528255,,True,True,True
SB176,2,214.0,11388.0,11392.0,4.0,0.2779874226144793,1.0,4.0,5.0,1.4270007199094623,True,True,True,True
SB176,2,215.0,11392.0,11396.0,4.0,-0.2248191634218264,1.0,4.0,3.0,4.445224579416732,,True,True,True
SB176,2,216.0,11396.0,11400.0,4.0,-0.051798204654074365,1.0,4.0,3.0,2.090058740354616,False,True,True,True
SB176,2,217.0,11400.0,11404.0,4.0,0.1470229010966522,1.0,4.0,3.0,2.244453735039801,False,True,True,True
SB176,2,218.0,11404.0,11408.0,4.0,-0.007840197624720602,1.0,4.0,2.0,1.6684418287863034,False,True,True,True
SB176,2,219.0,11408.0,11412.0,4.0,0.195110848060305,1.0,4.0,2.0,3.521275820633289,,True,True,True
SB176,2,220.0,11412.0,11416.0,4.0,-0.1539246316153362,1.0,4.0,3.0,1.746610251914525,False,True,True,True
SB176,2,221.0,11416.0,11420.0,4.0,-0.15736905365814524,1.0,4.0,2.0,1.8672477734215482,False,True,True,True
SB176,2,222.0,11420.0,11424.0,4.0,0.2761209356245512,1.0,4.0,3.0,2.223293162260743,False,True,True,True
SB176,2,223.0,11424.0,11428.0,4.0,0.10307194974221491,1.0,4.0,2.0,1.908556309388004,False,True,True,True
SB176,2,224.0,11428.0,11432.0,4.0,0.2265861029698923,1.0,4.0,2.0,1.6313075408295938,False,True,True,True
SB176,2,225.0,11432.0,11436.0,4.0,0.1271977061553936,1.0,4.0,5.0,1.422090363220552,True,True,True,True
SB176,2,226.0,11436.0,11440.0,4.0,-0.0021848707004045,1.0,4.0,3.0,3.543987606012857,False,True,True,True
SB176,2,227.0,11440.0,11444.0,4.0,0.1448719795996337,1.0,4.0,3.0,1.6470624847535051,False,True,True,True
SB176,2,228.0,11444.0,11448.0,4.0,0.139719465969664,1.0,4.0,3.0,1.3809239315557784,,True,True,True
SB176,2,229.0,11448.0,11452.0,4.0,-0.1680968766467318,1.0,4.0,5.0,5.674861480558292,False,True,True,True
SB176,2,230.0,11452.0,11456.0,4.0,0.0439498751157825,1.0,4.0,3.0,3.212226177187416,False,True,True,True
SB176,2,231.0,11456.0,11460.0,4.0,-0.0643610527351125,1.0,4.0,2.0,3.047829214728876,False,True,True,True
SB176,2,232.0,11460.0,11464.0,4.0,0.4423604023122479,1.0,4.0,4.0,5.142860024093997,False,True,True,True
SB176,2,233.0,11464.0,11468.0,4.0,-0.0848327490482114,1.0,4.0,4.0,3.621811908935557,False,True,True,True
SB176,2,234.0,11468.0,11472.0,4.0,-0.1683818899443658,1.0,4.0,5.0,5.322906473347748,True,True,True,True
SB176,2,235.0,11472.0,11476.0,4.0,0.1436845555813663,1.0,4.0,5.0,20.53499273156715,,True,True,True
SB176,2,236.0,11476.0,11480.0,4.0,0.0913597113599041,1.0,4.0,3.0,2.1506315867589127,False,True,True,True
SB176,2,237.0,11480.0,11484.0,4.0,0.2649344603926432,0.0,0.0,0.0,1.5720139121993664,False,False,False,True
SB176,2,238.0,11484.0,11488.0,4.0,-0.1248118967115284,1.0,4.0,2.0,1.869140141031548,True,True,True,True
SB176,2,239.0,11488.0,11492.0,4.0,-0.0156178995441471,1.0,4.0,5.0,2.140855082784658,False,True,True,True
SB176,2,240.0,11492.0,11496.0,4.0,0.0480528491301463,1.0,4.0,4.0,10.5566480774574,,True,True,True
SB176,2,241.0,11496.0,11500.0,4.0,0.0175757235614877,1.0,4.0,5.0,20.927784343843463,,True,True,True
SB176,2,242.0,11500.0,11504.0,4.0,0.033933606906140154,0.7265625,2.90625,5.0,1.3880110291001002,True,False,False,True
SB176,2,243.0,11504.0,11508.0,4.0,0.2409286804070932,1.0,4.0,3.0,2.599452723176777,,True,True,True
SB176,2,244.0,11508.0,11512.0,4.0,0.0032286238587655508,1.0,4.0,4.0,16.534472699846717,,True,True,True
SB176,2,245.0,11512.0,11516.0,4.0,0.1558597686535625,1.0,4.0,5.0,21.037263330482432,,True,True,True
SB176,2,246.0,11516.0,11520.0,4.0,0.0853925508513176,1.0,4.0,5.0,39.00204081193999,,True,True,True
SB176,2,247.0,11520.0,11524.0,4.0,-0.1086966041668047,1.0,4.0,3.0,2.507653606588317,False,True,True,True
SB176,2,249.0,11528.0,11532.0,4.0,0.06801169491892894,1.0,4.0,1.0,2.796982403095136,False,True,True,True
SB176,2,250.0,11532.0,11536.0,4.0,0.07524654269786775,0.9296875,3.71875,1.0,1.3464307723247586,False,True,True,True
SB176,2,252.0,11540.0,11544.0,4.0,-0.06456718614794081,0.8173828125,3.26953125,1.0,2.333086262317663,False,True,True,True
SB176,2,253.0,11544.0,11548.0,4.0,-0.34743183138862077,1.0,4.0,4.0,2.319678746820443,False,True,True,True
SB176,2,254.0,11548.0,11552.0,4.0,-0.0073260919288674,1.0,4.0,5.0,17.811932608106158,,True,True,True
SB176,2,255.0,11552.0,11556.0,4.0,0.1650932632042319,1.0,4.0,3.0,3.067139929901794,False,True,True,True
SB176,2,256.0,11556.0,11560.0,4.0,0.0907697178941698,1.0,4.0,3.0,16.258421240242377,,True,True,True
SB176,2,257.0,11560.0,11564.0,4.0,0.0705182035402769,1.0,4.0,5.0,19.42983550747801,,True,True,True
SB176,2,258.0,11564.0,11568.0,4.0,-0.0684486815362911,1.0,4.0,3.0,1.760199642248343,False,True,True,True
SB176,2,260.0,11572.0,11576.0,4.0,-0.0200220697432553,1.0,4.0,2.0,2.4930069202030047,False,True,True,True
SB176,2,261.0,11576.0,11580.0,4.0,0.1433487807438574,0.408203125,1.6328125,7.0,1.3253195739632917,True,False,False,True
SB176,2,262.0,11580.0,11584.0,4.0,0.0628063481707313,1.0,4.0,4.0,4.725640696581587,False,True,True,True
SB176,2,263.0,11584.0,11588.0,4.0,0.039886063970116,1.0,4.0,4.0,7.9194974182948465,False,True,True,True
SB176,2,264.0,11588.0,11592.0,4.0,-0.0200227349280738,1.0,4.0,4.0,4.113535366806155,False,True,True,True
SB176,2,265.0,11592.0,11596.0,4.0,0.049876695653386,0.1748046875,0.69921875,3.0,1.0682592614550488,True,False,False,True
SB176,2,266.0,11596.0,11600.0,4.0,-0.0956777484186983,1.0,4.0,1.0,1.4245072868559088,True,True,True,True
SB176,2,267.0,11600.0,11604.0,4.0,0.0790874581843201,1.0,4.0,1.0,1.5841276044620896,False,True,True,True
SB176,2,268.0,11604.0,11608.0,4.0,0.2617293736374649,1.0,4.0,1.0,1.725813943585776,False,True,True,True
SB176,2,269.0,11608.0,11612.0,4.0,0.1119455565679319,1.0,4.0,1.0,2.425999704720789,False,True,True,True
SB176,2,270.0,11612.0,11616.0,4.0,-0.08334293867632328,1.0,4.0,1.0,1.9300457711848673,False,True,True,True
SB176,2,271.0,11616.0,11620.0,4.0,-0.0025226862185815,0.1435546875,0.57421875,1.0,1.004427713858134,True,False,False,True
SB176,2,272.0,11620.0,11624.0,4.0,0.0244087971139439,0.0,0.0,0.0,0.9931774383010976,True,False,False,True
SB176,2,273.0,11624.0,11628.0,4.0,-0.0211064916722985,0.0,0.0,0.0,0.9548838903576132,True,False,False,True
SB176,2,274.0,11628.0,11632.0,4.0,0.1213272570664209,0.0,0.0,0.0,0.9848143328236248,True,False,False,True
SB176,2,277.0,11640.0,11644.0,4.0,-0.1190673286294037,0.0,0.0,0.0,0.9240288642063592,True,False,False,True
SB176,2,279.0,11648.0,11652.0,4.0,0.1373592356014605,0.0,0.0,0.0,0.9953647957553552,True,False,False,True
SB176,2,280.0,11652.0,11656.0,4.0,0.0724894553272717,0.0,0.0,0.0,3.117891459733938,False,False,False,True
SB176,2,281.0,11656.0,11660.0,4.0,0.0073381376250302,0.240234375,0.9609375,1.0,0.9600946008928593,True,False,False,True
SB176,2,282.0,11660.0,11664.0,4.0,0.1102696248121626,1.0,4.0,1.0,0.9543472676339836,True,True,True,True
SB176,2,283.0,11664.0,11668.0,4.0,-0.1887275424427532,1.0,4.0,1.0,2.961864514928174,False,True,True,True
SB176,2,284.0,11668.0,11672.0,4.0,-0.05134961210267715,1.0,4.0,1.0,2.8853648178215683,False,True,True,True
SB176,2,285.0,11672.0,11676.0,4.0,-0.0940758908662494,1.0,4.0,1.0,4.181609348956739,,True,True,True
SB176,2,286.0,11676.0,11680.0,4.0,0.1190752724795485,1.0,4.0,1.0,4.272418334784141,False,True,True,True
SB176,2,287.0,11680.0,11684.0,4.0,-0.0398234315703402,1.0,4.0,1.0,8.523304965991317,,True,True,True
SB176,2,288.0,11684.0,11688.0,4.0,0.0311953017135398,0.2529296875,1.01171875,1.0,1.2312734171871629,True,False,False,True
SB176,2,290.0,11692.0,11696.0,4.0,0.00538908065147105,0.87109375,3.484375,3.0,1.5211832954679843,True,True,True,True
SB176,2,291.0,11696.0,11700.0,4.0,-0.083159211037183,0.0,0.0,0.0,2.0557768276527644,False,False,False,True
SB176,2,293.0,11704.0,11708.0,4.0,0.1173706502916001,0.40625,1.625,1.0,1.4937445811481267,True,False,False,True
SB176,2,294.0,11708.0,11712.0,4.0,-0.0478019615969859,0.0,0.0,0.0,1.0078573077141069,True,False,False,True
SB176,2,295.0,11712.0,11716.0,4.0,0.2007628755177655,0.0,0.0,0.0,0.9395405895477068,True,False,False,True
SB176,2,296.0,11716.0,11720.0,4.0,-0.1019337774326706,0.0,0.0,0.0,1.0105239129511574,True,False,False,True
SB176,2,297.0,11720.0,11724.0,4.0,0.0946005543178937,0.0,0.0,0.0,2.134483537218246,False,False,False,True
SB176,2,298.0,11724.0,11728.0,4.0,0.5080437422250612,0.9306640625,3.72265625,2.0,2.8924336410238145,True,True,True,True
SB176,2,299.0,11728.0,11732.0,4.0,0.033092677832839354,1.0,4.0,1.0,2.704525171100242,False,True,True,True
SB176,2,300.0,11732.0,11736.0,4.0,-0.06465126005412065,0.0,0.0,0.0,1.4098616607768917,True,False,False,True
SB176,2,301.0,11736.0,11740.0,4.0,-0.0549014181780115,0.0,0.0,0.0,1.1027446092338045,True,False,False,True
SB176,2,302.0,11740.0,11744.0,4.0,0.12047174467303895,0.0,0.0,0.0,0.9773706222861394,True,False,False,True
SB176,2,303.0,11744.0,11748.0,4.0,-0.1151539573465482,0.0,0.0,0.0,1.6029932910658884,False,False,False,True
SB176,2,304.0,11748.0,11752.0,4.0,0.1105035997577386,0.0,0.0,0.0,1.6056668402800218,False,False,False,True
SB176,2,305.0,11752.0,11756.0,4.0,-0.069552754800728,1.0,4.0,2.0,1.3107923579550496,True,True,True,True
SB176,2,306.0,11756.0,11760.0,4.0,0.05128427688254355,1.0,4.0,3.0,2.4449513345069525,True,True,True,True
SB176,2,307.0,11760.0,11764.0,4.0,-0.0178462675264203,0.7685546875,3.07421875,4.0,1.553935213491454,True,True,True,True
SB176,2,308.0,11764.0,11768.0,4.0,-0.0479229029660819,1.0,4.0,3.0,4.159283377944094,,True,True,True
SB176,2,309.0,11768.0,11772.0,4.0,-0.18888970451389805,0.771484375,3.0859375,4.0,1.425512602998801,True,True,True,True
SB176,2,310.0,11772.0,11776.0,4.0,-0.0969871911496757,1.0,4.0,2.0,3.0154485801404958,False,True,True,True
SB176,2,311.0,11776.0,11780.0,4.0,0.2333161989587358,1.0,4.0,5.0,2.941118778099568,True,True,True,True
SB176,2,312.0,11780.0,11784.0,4.0,0.3296757321297442,1.0,4.0,4.0,5.2070344313328665,False,True,True,True
SB176,2,313.0,11784.0,11788.0,4.0,-0.1845782987356623,1.0,4.0,2.0,2.1837032986051583,True,True,True,True
SB176,2,314.0,11788.0,11792.0,4.0,0.0059854570144568,0.21484375,0.859375,2.0,1.0916276247612289,True,False,False,True
SB176,2,315.0,11792.0,11796.0,4.0,0.073983038902953,1.0,4.0,1.0,1.044724205868674,True,True,True,True
SB176,2,316.0,11796.0,11800.0,4.0,-0.0117179578023077,0.6650390625,2.66015625,2.0,1.0827639065171994,True,False,False,True
SB176,2,317.0,11800.0,11804.0,4.0,0.3355916876655711,1.0,4.0,1.0,1.8885222935329256,False,True,True,True
SB176,2,318.0,11804.0,11808.0,4.0,0.0557826942665746,1.0,4.0,3.0,2.1876487658350485,,True,True,True
SB176,2,319.0,11808.0,11812.0,4.0,0.0942159973609335,0.6064453125,2.42578125,6.0,1.2347502079418518,True,False,False,True
SB176,2,320.0,11812.0,11816.0,4.0,0.0014634793093036,0.7265625,2.90625,1.0,2.421985193491581,True,False,False,True
SB176,2,321.0,11816.0,11820.0,4.0,0.0946944213963802,0.0,0.0,0.0,1.0693109377455532,True,False,False,True
SB176,2,322.0,11820.0,11824.0,4.0,0.0066976417770789,0.0,0.0,0.0,0.949207076215934,True,False,False,True
SB176,2,323.0,11824.0,11828.0,4.0,0.0365535386294864,0.447265625,1.7890625,1.0,0.6378771724195441,True,False,False,True
SB176,2,324.0,11828.0,11832.0,4.0,0.0681022793372137,1.0,4.0,4.0,4.44004821316935,False,True,True,True
SB176,2,325.0,11832.0,11836.0,4.0,0.2034216964502126,1.0,4.0,2.0,2.376772661667121,False,True,True,True
SB176,2,326.0,11836.0,11840.0,4.0,0.008019572370507499,1.0,4.0,1.0,4.57789507780978,False,True,True,True
SB176,2,327.0,11840.0,11844.0,4.0,0.08945434368511704,1.0,4.0,1.0,4.338164112934051,False,True,True,True
SB176,2,328.0,11844.0,11848.0,4.0,-0.1037505153092259,1.0,4.0,1.0,6.51065300704096,,True,True,True
SB176,3,0.0,11912.0,11916.0,4.0,0.3957995590340173,0.3505859375,1.40234375,1.0,1.614656200729037,False,False,False,True
SB176,3,1.0,11916.0,11920.0,4.0,-0.2680919047389936,0.8798828125,3.51953125,3.0,1.4265781306241296,,True,True,True
SB176,3,2.0,11920.0,11924.0,4.0,0.0852893545170998,0.0,0.0,0.0,1.7847835740338172,False,False,False,True
SB176,3,3.0,11924.0,11928.0,4.0,-0.0034090455090524455,0.0,0.0,0.0,1.608692997713076,False,False,False,True
SB176,3,4.0,11928.0,11932.0,4.0,0.1066854670383979,0.0,0.0,0.0,1.830064487847904,False,False,False,True
SB176,3,5.0,11932.0,11936.0,4.0,-0.1045469460401404,0.0,0.0,0.0,1.1562930357484047,True,False,False,True
SB176,3,6.0,11936.0,11940.0,4.0,0.0287798060951038,0.9677734375,3.87109375,4.0,2.302065106359016,False,True,True,True
SB176,3,7.0,11940.0,11944.0,4.0,-0.2274118338184084,1.0,4.0,4.0,7.773906758676687,False,True,True,True
SB176,3,8.0,11944.0,11948.0,4.0,0.07372976142817711,1.0,4.0,3.0,2.8130420367361584,True,True,True,True
SB176,3,9.0,11948.0,11952.0,4.0,-0.06599685387006754,1.0,4.0,2.0,3.0476585034701813,False,True,True,True
SB176,3,10.0,11952.0,11956.0,4.0,0.1520287948229099,0.173828125,0.6953125,2.0,1.9775303239986513,False,False,False,True
SB176,3,11.0,11956.0,11960.0,4.0,0.14364533368301496,0.55859375,2.234375,4.0,2.197855875330931,True,False,False,True
SB176,3,12.0,11960.0,11964.0,4.0,0.1591325645331383,1.0,4.0,4.0,19.414154053239116,False,True,True,True
SB176,3,13.0,11964.0,11968.0,4.0,0.0707469755405525,1.0,4.0,5.0,4.670656794899331,,True,True,True
SB176,3,14.0,11968.0,11972.0,4.0,-0.0217013614873892,1.0,4.0,4.0,4.995715576599517,True,True,True,True
SB176,3,15.0,11972.0,11976.0,4.0,0.0826158170940456,1.0,4.0,3.0,3.3210575493743573,False,True,True,True
SB176,3,16.0,11976.0,11980.0,4.0,0.2531080001256345,1.0,4.0,2.0,3.5677247615700107,False,True,True,True
SB176,3,17.0,11980.0,11984.0,4.0,0.036866773573825645,0.6630859375,2.65234375,2.0,2.372743474962873,False,False,False,True
SB176,3,18.0,11984.0,11988.0,4.0,0.0660577114905522,0.0,0.0,0.0,1.823453053330979,True,False,False,True
SB176,3,19.0,11988.0,11992.0,4.0,0.1023244472857091,0.0,0.0,0.0,1.2418468918238654,True,False,False,True
SB176,3,20.0,11992.0,11996.0,4.0,-0.1116703783750197,0.0,0.0,0.0,2.7247173975160464,False,False,False,True
SB176,3,21.0,11996.0,12000.0,4.0,-0.1902376303492521,0.6943359375,2.77734375,4.0,1.856834897500584,False,False,False,True
SB176,3,22.0,12000.0,12004.0,4.0,-0.0285342697712558,1.0,4.0,4.0,8.239811446180855,False,True,True,True
SB176,3,23.0,12004.0,12008.0,4.0,0.002326234802668,1.0,4.0,5.0,3.58641858643804,True,True,True,True
SB176,3,24.0,12008.0,12012.0,4.0,0.2446942781005281,1.0,4.0,5.0,7.11469785531871,False,True,True,True
SB176,3,25.0,12012.0,12016.0,4.0,-0.0085492492288671,1.0,4.0,4.0,19.94788427617967,False,True,True,True
SB176,3,26.0,12016.0,12020.0,4.0,-0.0197947603926997,1.0,4.0,4.0,15.226775279728876,False,True,True,True
SB176,3,27.0,12020.0,12024.0,4.0,0.1737371368089824,1.0,4.0,4.0,19.93826109648768,False,True,True,True
SB176,3,28.0,12024.0,12028.0,4.0,0.2667016502710534,0.1953125,0.78125,1.0,1.3907491943033645,False,False,False,True
SB176,3,30.0,12032.0,12036.0,4.0,0.0378352921074069,0.0,0.0,0.0,0.9443927033928096,True,False,False,True
SB176,3,31.0,12036.0,12040.0,4.0,0.1012668317767004,0.0,0.0,0.0,0.9939126463263978,True,False,False,True
SB176,3,32.0,12040.0,12044.0,4.0,-0.036936202460805104,0.0,0.0,0.0,1.602350302627913,False,False,False,True
SB176,3,33.0,12044.0,12048.0,4.0,-0.1410870548259995,0.0,0.0,0.0,1.0373723160456565,True,False,False,True
SB176,3,34.0,12048.0,12052.0,4.0,-0.0043675477782725,0.0,0.0,0.0,0.932774883455837,True,False,False,True
SB176,3,35.0,12052.0,12056.0,4.0,0.3462440509124249,0.0,0.0,0.0,1.323553328233694,False,False,False,True
SB176,3,36.0,12056.0,12060.0,4.0,0.0219160759613272,0.0,0.0,0.0,1.938316260042613,False,False,False,True
SB176,3,37.0,12060.0,12064.0,4.0,-0.2244667770970683,0.0,0.0,0.0,0.9472631130197056,True,False,False,True
SB176,3,38.0,12064.0,12068.0,4.0,0.0738848005537257,0.0,0.0,0.0,0.9156415696618548,True,False,False,True
SB176,3,39.0,12068.0,12072.0,4.0,0.0462204848745859,0.0,0.0,0.0,0.9204670746496084,True,False,False,True
SB176,3,40.0,12072.0,12076.0,4.0,-0.0281627603548475,0.0,0.0,0.0,0.8953800014718952,True,False,False,True
SB176,3,41.0,12076.0,12080.0,4.0,-0.092628365250166,0.0,0.0,0.0,0.9781935533948742,True,False,False,True
SB176,3,42.0,12080.0,12084.0,4.0,0.0552633201312326,0.0,0.0,0.0,1.061490567267599,True,False,False,True
SB176,3,43.0,12084.0,12088.0,4.0,-0.047056310323994405,0.0,0.0,0.0,2.696772818007993,False,False,False,True
SB176,3,44.0,12088.0,12092.0,4.0,0.1101579894511456,0.0,0.0,0.0,4.452095897311319,False,False,False,True
SB176,3,45.0,12092.0,12096.0,4.0,-0.3706375731801173,0.0,0.0,0.0,2.1346104962228933,False,False,False,True
SB176,3,48.0,12104.0,12108.0,4.0,-0.1679442158182378,0.0,0.0,0.0,0.8590772312581568,True,False,False,True
SB176,3,49.0,12108.0,12112.0,4.0,0.1577405087084567,0.0,0.0,0.0,0.9002377044262266,True,False,False,True
SB176,3,50.0,12112.0,12116.0,4.0,-0.0107773229644152,0.0,0.0,0.0,1.579890135526938,False,False,False,True
SB176,4,0.0,12152.0,12156.0,4.0,-0.0053273677515226995,0.0,0.0,0.0,1.7363354210751156,False,False,False,True
SB176,4,1.0,12156.0,12160.0,4.0,-0.13559545291348496,0.0,0.0,0.0,1.4915767172439227,False,False,False,True
SB176,4,2.0,12160.0,12164.0,4.0,0.0071111495877875484,0.779296875,3.1171875,2.0,1.8188447965618897,False,True,True,True
SB176,4,3.0,12164.0,12168.0,4.0,-0.3279887558497665,1.0,4.0,4.0,5.4083275398264234,False,True,True,True
SB176,4,4.0,12168.0,12172.0,4.0,0.4277054785105502,1.0,4.0,4.0,2.2262790094273197,False,True,True,True
SB176,4,5.0,12172.0,12176.0,4.0,-0.15240664121344905,1.0,4.0,3.0,3.268028339043084,False,True,True,True
SB176,4,6.0,12176.0,12180.0,4.0,0.0105068011347165,0.48046875,1.921875,1.0,1.6541804420543471,True,False,False,True
SB176,4,8.0,12184.0,12188.0,4.0,-0.2778189419671212,0.0,0.0,0.0,1.3162299391793644,False,False,False,True
SB176,4,9.0,12188.0,12192.0,4.0,0.0245978943897594,0.0,0.0,0.0,1.067173718204959,True,False,False,True
SB176,4,11.0,12196.0,12200.0,4.0,-0.0152655617236839,0.0,0.0,0.0,1.0785470527815462,True,False,False,True
SB176,4,12.0,12200.0,12204.0,4.0,0.0225798312077926,0.4375,1.75,1.0,1.56614092490783,True,False,False,True
SB176,4,13.0,12204.0,12208.0,4.0,0.18727457098361605,1.0,4.0,1.0,1.604892464620361,False,True,True,True
SB176,4,14.0,12208.0,12212.0,4.0,0.1823893066447634,1.0,4.0,2.0,1.2294644956793168,True,True,True,True
SB176,4,15.0,12212.0,12216.0,4.0,0.0047668448807826995,1.0,4.0,1.0,4.7568274050911965,False,True,True,True
SB176,4,16.0,12216.0,12220.0,4.0,-0.00689570381997455,1.0,4.0,2.0,10.185249739386784,,True,True,True
SB176,4,17.0,12220.0,12224.0,4.0,0.11249442619426565,1.0,4.0,2.0,1.4735131211751307,True,True,True,True
SB176,4,18.0,12224.0,12228.0,4.0,0.1221654486434369,1.0,4.0,1.0,4.064727527067154,,True,True,True
SB176,4,19.0,12228.0,12232.0,4.0,0.0713676188564815,1.0,4.0,2.0,1.129182010890114,True,True,True,True
SB176,4,20.0,12232.0,12236.0,4.0,-0.0531856592569048,1.0,4.0,1.0,1.1291621805822802,True,True,True,True
SB176,4,21.0,12236.0,12240.0,4.0,-0.0329917638224773,0.755859375,3.0234375,1.0,1.0634558259793798,True,True,True,True
SB176,4,22.0,12240.0,12244.0,4.0,0.0380378310274415,0.0,0.0,0.0,1.0107879678945573,True,False,False,True
SB176,4,24.0,12248.0,12252.0,4.0,0.0228772072684864,0.595703125,2.3828125,1.0,1.0916358423868522,True,False,False,True
SB176,4,25.0,12252.0,12256.0,4.0,0.026019671759155698,0.3486328125,1.39453125,4.0,1.0565511994893986,True,False,False,True
SB176,4,26.0,12256.0,12260.0,4.0,0.006379919004931442,1.0,4.0,4.0,10.292715060661743,,True,True,True
SB176,4,27.0,12260.0,12264.0,4.0,0.0105048467798582,1.0,4.0,4.0,10.146796228909455,,True,True,True
SB176,4,28.0,12264.0,12268.0,4.0,0.0510193588251432,1.0,4.0,5.0,7.154141989260669,,True,True,True
SB176,4,29.0,12268.0,12272.0,4.0,0.0908275123001294,1.0,4.0,4.0,3.5950282510874856,,True,True,True
SB176,4,30.0,12272.0,12276.0,4.0,-0.043829541826586,1.0,4.0,3.0,11.308088291052782,,True,True,True
SB176,4,31.0,12276.0,12280.0,4.0,-0.08452539228623834,1.0,4.0,4.0,6.069593588362297,False,True,True,True
SB176,4,32.0,12280.0,12284.0,4.0,-0.14271903650514423,1.0,4.0,3.0,4.325212877847941,False,True,True,True
SB176,4,33.0,12284.0,12288.0,4.0,0.17901054264714422,1.0,4.0,4.0,6.017612223185804,,True,True,True
SB176,4,34.0,12288.0,12292.0,4.0,-0.0592326322355904,1.0,4.0,5.0,4.193505992607689,False,True,True,True
SB176,4,35.0,12292.0,12296.0,4.0,-0.08568872104200725,1.0,4.0,3.0,4.7677391392883175,False,True,True,True
SB176,4,36.0,12296.0,12300.0,4.0,-0.0096053867626682,1.0,4.0,4.0,1.2897537329410789,True,True,True,True
SB176,4,37.0,12300.0,12304.0,4.0,0.1577468198531811,1.0,4.0,4.0,2.362355601390977,True,True,True,True
SB176,4,38.0,12304.0,12308.0,4.0,-0.01581817077398135,1.0,4.0,3.0,4.41532186184344,False,True,True,True
SB176,4,39.0,12308.0,12312.0,4.0,0.1969513805587457,1.0,4.0,4.0,5.842404655144829,False,True,True,True
SB176,4,40.0,12312.0,12316.0,4.0,0.0071432200528601,1.0,4.0,5.0,8.562368285707919,,True,True,True
SB176,4,41.0,12316.0,12320.0,4.0,-0.0742278065672688,1.0,4.0,4.0,3.886932793242136,False,True,True,True
SB176,4,42.0,12320.0,12324.0,4.0,0.1384430186816706,1.0,4.0,3.0,1.0761537066445377,True,True,True,True
SB176,4,43.0,12324.0,12328.0,4.0,0.07579503438427056,1.0,4.0,2.0,2.3778523209245566,False,True,True,True
SB176,4,44.0,12328.0,12332.0,4.0,0.0936159125122087,1.0,4.0,3.0,3.771919406356409,True,True,True,True
SB176,4,45.0,12332.0,12336.0,4.0,-0.1428435844953653,1.0,4.0,5.0,1.3176141426269583,True,True,True,True
SB176,4,46.0,12336.0,12340.0,4.0,0.1028368855148024,1.0,4.0,5.0,1.9573063486928997,True,True,True,True
SB176,4,47.0,12340.0,12344.0,4.0,-0.06693484882834305,1.0,4.0,4.0,3.1478048481301224,,True,True,True
SB176,4,48.0,12344.0,12348.0,4.0,0.2250086191021988,1.0,4.0,2.0,2.398574757485383,False,True,True,True
SB176,4,49.0,12348.0,12352.0,4.0,0.19464648110012875,1.0,4.0,3.0,2.8954604471069456,True,True,True,True
SB176,4,50.0,12352.0,12356.0,4.0,-0.1020825326128287,1.0,4.0,3.0,1.820094626217541,True,True,True,True
SB176,4,51.0,12356.0,12360.0,4.0,-0.0876931756000002,1.0,4.0,2.0,2.4221037427929817,False,True,True,True
SB176,4,52.0,12360.0,12364.0,4.0,-0.0662494054080095,1.0,4.0,2.0,1.4061578941208406,True,True,True,True
SB176,4,53.0,12364.0,12368.0,4.0,-0.23918777948458553,1.0,4.0,3.0,2.967775760736902,True,True,True,True
SB176,4,54.0,12368.0,12372.0,4.0,-0.0684824541955147,1.0,4.0,4.0,8.113368039373466,,True,True,True
SB176,4,55.0,12372.0,12376.0,4.0,-0.0211551203972903,0.458984375,1.8359375,3.0,1.0881230381802134,True,False,False,True
SB176,4,56.0,12376.0,12380.0,4.0,-0.0637408423538628,0.3349609375,1.33984375,1.0,0.9614636889172806,True,False,False,True
SB176,4,57.0,12380.0,12384.0,4.0,0.07703464684908665,1.0,4.0,1.0,1.6736123473498048,False,True,True,True
SB176,4,59.0,12388.0,12392.0,4.0,0.0839036929523824,1.0,4.0,1.0,1.0543403734523666,True,True,True,True
SB176,4,60.0,12392.0,12396.0,4.0,0.1147478033790645,1.0,4.0,1.0,1.186612478573701,True,True,True,True
SB176,4,63.0,12404.0,12408.0,4.0,-0.0248546221902119,0.4873046875,1.94921875,1.0,1.1006697309944862,True,False,False,True
SB176,4,64.0,12408.0,12412.0,4.0,0.005122344211146251,0.0,0.0,0.0,1.0301940054799272,True,False,False,True
SB176,4,65.0,12412.0,12416.0,4.0,-0.1618815625325877,0.0,0.0,0.0,1.061300495964856,True,False,False,True
SB176,5,0.0,12512.0,12516.0,4.0,0.0597826675287504,0.0,0.0,0.0,0.9489698978386488,True,False,False,True
SB176,5,1.0,12516.0,12520.0,4.0,0.041357742272327,0.0,0.0,0.0,3.0482176263578475,False,False,False,True
SB176,5,2.0,12520.0,12524.0,4.0,0.113427417469047,0.0,0.0,0.0,2.0157525985706792,False,False,False,True
SB176,5,3.0,12524.0,12528.0,4.0,0.0866513436350891,0.0,0.0,0.0,1.661981324145244,False,False,False,True
SB176,5,4.0,12528.0,12532.0,4.0,-0.1728972430752794,0.0,0.0,0.0,0.9574547482562406,True,False,False,True
SB176,6,0.0,12632.0,12636.0,4.0,0.1555386796732671,0.8447265625,3.37890625,1.0,8.653498075479758,,True,True,True
SB176,6,1.0,12636.0,12640.0,4.0,0.1592436432291006,0.0771484375,0.30859375,1.0,5.592102031147289,False,False,False,True
SB176,6,2.0,12640.0,12644.0,4.0,0.0545310074408176,0.2060546875,0.82421875,1.0,2.0377530377750155,True,False,False,True
SB176,6,3.0,12644.0,12648.0,4.0,0.1143628307439155,1.0,4.0,1.0,4.660445103436185,False,True,True,True
SB176,6,4.0,12648.0,12652.0,4.0,-0.0690950206216026,0.1044921875,0.41796875,1.0,1.027212934438286,True,False,False,True
SB176,6,8.0,12664.0,12668.0,4.0,0.0361199943258664,0.0,0.0,0.0,0.9261833922594924,True,False,False,True
SB176,6,10.0,12672.0,12676.0,4.0,0.0248807384598392,1.0,4.0,4.0,9.92805679472418,False,True,True,True
SB176,6,11.0,12676.0,12680.0,4.0,0.1301726316628721,0.7880859375,3.15234375,2.0,2.8988141980982776,False,True,True,True
SB176,6,12.0,12680.0,12684.0,4.0,0.1404867269835668,0.0,0.0,0.0,2.30094292538738,False,False,False,True
SB176,6,13.0,12684.0,12688.0,4.0,0.2503416442829576,0.5322265625,2.12890625,3.0,1.5960459824520397,True,False,False,True
SB176,6,14.0,12688.0,12692.0,4.0,0.2517373390956684,1.0,4.0,2.0,3.8651528881169854,False,True,True,True
SB176,6,15.0,12692.0,12696.0,4.0,0.1311818148930307,1.0,4.0,4.0,2.113800898236106,True,True,True,True
SB176,6,16.0,12696.0,12700.0,4.0,0.2443820814383903,1.0,4.0,3.0,5.680288506039195,False,True,True,True
SB176,6,17.0,12700.0,12704.0,4.0,0.0814727101867231,0.380859375,1.5234375,2.0,1.2370756704814954,True,False,False,True
SB176,6,19.0,12708.0,12712.0,4.0,-0.0320093432446169,0.0,0.0,0.0,0.991855534440078,True,False,False,True
SB176,6,20.0,12712.0,12716.0,4.0,-0.2484884444645963,0.0,0.0,0.0,1.3687673752439031,False,False,False,True
SB176,6,21.0,12716.0,12720.0,4.0,-0.0085165623088596,0.0,0.0,0.0,1.009545589888083,True,False,False,True
SB176,6,22.0,12720.0,12724.0,4.0,-0.0454721629351142,0.4765625,1.90625,1.0,2.156899789699489,True,False,False,True
SB176,6,23.0,12724.0,12728.0,4.0,0.07932471236283131,1.0,4.0,3.0,9.604705600020168,False,True,True,True
SB176,6,24.0,12728.0,12732.0,4.0,0.1725469848961197,1.0,4.0,4.0,21.076046718122694,False,True,True,True
SB176,6,25.0,12732.0,12736.0,4.0,-0.2385155647573615,1.0,4.0,4.0,2.0670188354323344,False,True,True,True
SB176,6,26.0,12736.0,12740.0,4.0,-0.0777775536691345,1.0,4.0,4.0,2.3019404056414907,True,True,True,True
SB176,6,27.0,12740.0,12744.0,4.0,0.125805541835053,1.0,4.0,4.0,28.881615725472884,False,True,True,True
SB176,6,28.0,12744.0,12748.0,4.0,-0.1260043165044767,1.0,4.0,1.0,2.4324163198891062,False,True,True,True
SB176,6,29.0,12748.0,12752.0,4.0,0.1173977257869874,0.3193359375,1.27734375,1.0,1.2893238295438116,True,False,False,True
SB176,6,30.0,12752.0,12756.0,4.0,-0.0412230974279405,0.0,0.0,0.0,1.5234496840255274,False,False,False,True
SB176,6,31.0,12756.0,12760.0,4.0,0.0862591185019326,0.0,0.0,0.0,2.7338796146541955,False,False,False,True
SB176,6,32.0,12760.0,12764.0,4.0,-0.131813605497356,0.0,0.0,0.0,4.149467226397509,False,False,False,True
SB176,6,33.0,12764.0,12768.0,4.0,-0.22580479812979176,0.0,0.0,0.0,4.171470079268445,False,False,False,True
SB176,6,34.0,12768.0,12772.0,4.0,0.3529980481435505,0.0,0.0,0.0,2.511941353585747,False,False,False,True
SB176,6,35.0,12772.0,12776.0,4.0,-0.2182512378374684,0.322265625,1.2890625,1.0,1.4434095266799456,True,False,False,True
SB176,6,36.0,12776.0,12780.0,4.0,0.064663672123512,0.0,0.0,0.0,1.4478504439697255,True,False,False,True
SB176,6,37.0,12780.0,12784.0,4.0,0.1452716681206518,0.0,0.0,0.0,1.602147164858578,False,False,False,True
SB176,6,38.0,12784.0,12788.0,4.0,0.0358461719554837,0.0,0.0,0.0,3.989390944450641,False,False,False,True
SB176,6,39.0,12788.0,12792.0,4.0,-0.09388506848140175,0.0,0.0,0.0,3.153077517217911,False,False,False,True
SB176,6,40.0,12792.0,12796.0,4.0,0.2701618693515638,0.0,0.0,0.0,1.9990381378946247,False,False,False,True
SB176,6,41.0,12796.0,12800.0,4.0,-0.08472960941227212,0.0,0.0,0.0,5.995184868811863,False,False,False,True
SB176,6,42.0,12800.0,12804.0,4.0,-0.0213883395552803,0.2333984375,0.93359375,1.0,5.751486195126219,False,False,False,True
SB176,6,43.0,12804.0,12808.0,4.0,0.13820989451339824,0.0,0.0,0.0,3.453184684950571,False,False,False,True
SB176,6,44.0,12808.0,12812.0,4.0,-0.1885578983275027,0.4892578125,1.95703125,2.0,1.6634474037111255,True,False,False,True
SB176,6,45.0,12812.0,12816.0,4.0,0.1761922899529933,0.4365234375,1.74609375,1.0,1.60513949132018,True,False,False,True
SB176,6,46.0,12816.0,12820.0,4.0,-0.23293327057262353,0.0,0.0,0.0,7.614114464984184,False,False,False,True
SB176,6,47.0,12820.0,12824.0,4.0,0.20689522001589655,1.0,4.0,1.0,1.6647730226333257,False,True,True,True
SB176,6,48.0,12824.0,12828.0,4.0,-0.25956382195097544,0.0,0.0,0.0,1.725927960795557,False,False,False,True
SB176,6,49.0,12828.0,12832.0,4.0,-0.00982563671579835,0.0,0.0,0.0,1.54426211303874,False,False,False,True
SB176,6,50.0,12832.0,12836.0,4.0,0.4298775881908088,0.0,0.0,0.0,1.7032090393879222,False,False,False,True
SB176,6,51.0,12836.0,12840.0,4.0,-0.0042910722887416,0.0,0.0,0.0,1.079802584188005,True,False,False,True
SB176,6,52.0,12840.0,12844.0,4.0,-0.2255170465390572,0.0,0.0,0.0,2.499587837009262,False,False,False,True
SB176,6,53.0,12844.0,12848.0,4.0,-0.0754435288798077,0.0,0.0,0.0,3.073459528346473,False,False,False,True
SB176,6,54.0,12848.0,12852.0,4.0,-0.2113082246412303,0.0,0.0,0.0,13.769051922077576,False,False,False,True
SB176,6,55.0,12852.0,12856.0,4.0,-0.1572443293277074,0.0,0.0,0.0,0.9514176430820106,True,False,False,True
SB176,6,56.0,12856.0,12860.0,4.0,0.0822181020291095,0.0,0.0,0.0,1.813695451501778,False,False,False,True
SB176,6,57.0,12860.0,12864.0,4.0,0.17418229254782555,1.0,4.0,2.0,5.187075828425787,False,True,True,True
SB176,6,58.0,12864.0,12868.0,4.0,0.0537636183469636,1.0,4.0,4.0,3.472213993821131,False,True,True,True
SB176,6,59.0,12868.0,12872.0,4.0,-0.027073972266878465,0.6357421875,2.54296875,1.0,6.407391619478691,False,False,False,True
SB176,6,60.0,12872.0,12876.0,4.0,0.216677171603328,0.0,0.0,0.0,3.9028736729433486,False,False,False,True
SB176,6,61.0,12876.0,12880.0,4.0,0.0260096879165158,0.0,0.0,0.0,1.0185418419595578,True,False,False,True
SB176,6,62.0,12880.0,12884.0,4.0,-0.0040477916691664,0.0,0.0,0.0,5.120020024812864,False,False,False,True
SB176,6,63.0,12884.0,12888.0,4.0,0.2280522861494598,0.0,0.0,0.0,2.815955004562665,False,False,False,True
SB176,6,64.0,12888.0,12892.0,4.0,-0.0050487317285746,0.0,0.0,0.0,2.1981073976671635,False,False,False,True
SB176,6,65.0,12892.0,12896.0,4.0,0.0599543029360195,0.0,0.0,0.0,1.1054989029766478,True,False,False,True
SB176,6,66.0,12896.0,12900.0,4.0,-0.1018802752607249,0.0,0.0,0.0,2.689243613039838,False,False,False,True
SB176,6,67.0,12900.0,12904.0,4.0,0.0447343670873845,1.0,4.0,1.0,2.6070948145283035,False,True,True,True
SB176,6,68.0,12904.0,12908.0,4.0,-0.3887938347719689,0.265625,1.0625,1.0,1.0378281571727097,True,False,False,True
SB176,6,69.0,12908.0,12912.0,4.0,-0.2041477650960558,0.0,0.0,0.0,2.178893174953626,False,False,False,True
SB176,6,70.0,12912.0,12916.0,4.0,-0.0054835357191582,0.0,0.0,0.0,1.1014346523390475,True,False,False,True
SB176,6,71.0,12916.0,12920.0,4.0,-0.0171451268619903,0.0,0.0,0.0,2.6117526642316453,False,False,False,True
SB176,6,72.0,12920.0,12924.0,4.0,-0.2678442411138749,0.2529296875,1.01171875,2.0,1.0449719618211362,True,False,False,True
SB176,6,73.0,12924.0,12928.0,4.0,0.13645961577247628,1.0,4.0,3.0,4.148498922734576,True,True,True,True
SB176,6,74.0,12928.0,12932.0,4.0,0.0433669229372397,0.1005859375,0.40234375,1.0,1.08873574424375,True,False,False,True
SB176,6,75.0,12932.0,12936.0,4.0,-0.0786915439434477,0.0,0.0,0.0,1.01874580495262,True,False,False,True
SB176,6,77.0,12940.0,12944.0,4.0,0.1550721154317459,0.0,0.0,0.0,1.0783858689435348,True,False,False,True
SB176,6,78.0,12944.0,12948.0,4.0,0.0323350619074764,0.060546875,0.2421875,1.0,1.0400017936902484,True,False,False,True
SB176,6,79.0,12948.0,12952.0,4.0,0.0849060515479227,0.0,0.0,0.0,1.0033881645480214,True,False,False,True
SB176,6,80.0,12952.0,12956.0,4.0,0.08828404187986051,0.0,0.0,0.0,7.038962941827246,False,False,False,True
SB176,6,81.0,12956.0,12960.0,4.0,0.00977047701271835,1.0,4.0,1.0,3.108247797339941,False,True,True,True
SB176,6,82.0,12960.0,12964.0,4.0,-0.0507171789474515,1.0,4.0,2.0,6.561758643005613,False,True,True,True
SB176,6,83.0,12964.0,12968.0,4.0,0.0723811278778137,1.0,4.0,5.0,5.135517960018877,,True,True,True
SB176,6,84.0,12968.0,12972.0,4.0,-0.1032194875449334,1.0,4.0,3.0,7.144454058739989,,True,True,True
SB176,6,85.0,12972.0,12976.0,4.0,-0.0943525543950561,0.3525390625,1.41015625,1.0,2.2062074194751395,True,False,False,True
SB176,6,86.0,12976.0,12980.0,4.0,0.2100103575150457,0.0,0.0,0.0,2.6387350788669486,False,False,False,True
SB176,6,87.0,12980.0,12984.0,4.0,-0.0876344154614405,0.0,0.0,0.0,1.148274704869653,True,False,False,True
SB176,6,88.0,12984.0,12988.0,4.0,-0.0256057089411326,0.0,0.0,0.0,1.5024391508825863,True,False,False,True
SB176,6,89.0,12988.0,12992.0,4.0,-0.06556104951623294,0.810546875,3.2421875,2.0,1.3496219948158823,True,True,True,True
SB176,6,90.0,12992.0,12996.0,4.0,0.051107236335488,0.5400390625,2.16015625,1.0,1.4120086421771656,False,False,False,True
SB176,6,91.0,12996.0,13000.0,4.0,-0.004269633420291,0.044921875,0.1796875,1.0,1.1113964269365535,True,False,False,True
SB176,6,92.0,13000.0,13004.0,4.0,0.0529480920185998,1.0,4.0,3.0,7.480916112919085,False,True,True,True
SB176,6,93.0,13004.0,13008.0,4.0,0.097233092240391,1.0,4.0,3.0,4.29759969257508,False,True,True,True
SB176,6,94.0,13008.0,13012.0,4.0,-0.06672324952834086,0.8486328125,3.39453125,1.0,4.1105762634506515,True,True,True,True
SB176,6,95.0,13012.0,13016.0,4.0,0.0975991929198624,0.1396484375,0.55859375,1.0,1.3799372675886503,True,False,False,True
SB176,6,96.0,13016.0,13020.0,4.0,0.1206628904430395,1.0,4.0,2.0,7.91360788465931,False,True,True,True
SB176,6,97.0,13020.0,13024.0,4.0,-0.10560686056342894,0.39453125,1.578125,1.0,1.847436154568618,True,False,False,True
SB176,6,98.0,13024.0,13028.0,4.0,-0.02521853578250465,0.654296875,2.6171875,4.0,3.143279747899144,True,False,False,True
SB176,6,99.0,13028.0,13032.0,4.0,0.1164930498901175,1.0,4.0,6.0,7.005419092845275,False,True,True,True
SB176,6,100.0,13032.0,13036.0,4.0,-0.0136324995313985,1.0,4.0,4.0,15.408158251854392,False,True,True,True
SB176,6,101.0,13036.0,13040.0,4.0,0.2722541386290318,1.0,4.0,4.0,59.86948748295025,False,True,True,True
SB176,6,102.0,13040.0,13044.0,4.0,0.0764804235401704,1.0,4.0,4.0,70.76256167545228,False,True,True,True
SB176,6,103.0,13044.0,13048.0,4.0,-0.0803633803974668,1.0,4.0,4.0,14.808469134251746,False,True,True,True
SB176,6,104.0,13048.0,13052.0,4.0,-0.2084510761783429,1.0,4.0,2.0,1.616898033364033,False,True,True,True
SB176,6,105.0,13052.0,13056.0,4.0,0.1222778270090841,1.0,4.0,1.0,1.6472645634340728,,True,True,True
SB176,6,106.0,13056.0,13060.0,4.0,0.047189577027374204,0.7646484375,3.05859375,1.0,1.4378066800285825,False,True,True,True
SB176,6,108.0,13064.0,13068.0,4.0,0.0828015107208966,0.1552734375,0.62109375,1.0,1.4333096538302388,False,False,False,True
SB176,6,109.0,13068.0,13072.0,4.0,0.1110926289832617,0.0,0.0,0.0,1.6728359347116095,False,False,False,True
SB176,6,110.0,13072.0,13076.0,4.0,-0.04160265538979155,0.0,0.0,0.0,1.1589235095358308,True,False,False,True
SB176,6,111.0,13076.0,13080.0,4.0,0.0613466881382125,0.4443359375,1.77734375,1.0,1.0583743412719362,True,False,False,True
SB176,6,112.0,13080.0,13084.0,4.0,-0.0209012250630438,1.0,4.0,1.0,4.818491906537604,False,True,True,True
SB176,6,113.0,13084.0,13088.0,4.0,0.0203294305918566,1.0,4.0,1.0,6.8714117496377405,False,True,True,True
SB176,6,114.0,13088.0,13092.0,4.0,0.3926311498302032,1.0,4.0,1.0,6.149855001281448,False,True,True,True
SB176,6,115.0,13092.0,13096.0,4.0,-0.2279853264373802,0.0,0.0,0.0,1.5765117772739627,False,False,False,True
SB176,6,116.0,13096.0,13100.0,4.0,0.0804223758009459,0.3349609375,1.33984375,1.0,1.0688597767166583,True,False,False,True
SB176,6,117.0,13100.0,13104.0,4.0,-0.0561297345573208,0.0,0.0,0.0,0.9733505708309412,True,False,False,True
SB176,6,124.0,13128.0,13132.0,4.0,0.1936074406626843,0.0,0.0,0.0,3.5871821778333723,False,False,False,True
SB176,6,125.0,13132.0,13136.0,4.0,0.1307884044362579,0.0,0.0,0.0,1.5360660672046766,True,False,False,True
SB176,6,126.0,13136.0,13140.0,4.0,0.26012969982045714,0.705078125,2.8203125,1.0,1.5785491911730638,False,False,False,True
SB176,6,127.0,13140.0,13144.0,4.0,-0.0005912524240227,1.0,4.0,1.0,2.1280873625243677,False,True,True,True
SB176,6,128.0,13144.0,13148.0,4.0,0.059513190054797,0.39453125,1.578125,1.0,1.1951378348513466,True,False,False,True
SB176,6,129.0,13148.0,13152.0,4.0,-0.0699967517379617,0.0,0.0,0.0,0.9556377160181088,True,False,False,True
SB176,6,130.0,13152.0,13156.0,4.0,-0.0619354246293167,0.0,0.0,0.0,1.3401312968782142,False,False,False,True
SB176,6,131.0,13156.0,13160.0,4.0,0.0099909918075805,0.0,0.0,0.0,1.044580473969975,True,False,False,True
SB176,6,132.0,13160.0,13164.0,4.0,-0.0201369730549997,0.0,0.0,0.0,0.9882308166987556,True,False,False,True
SB176,6,133.0,13164.0,13168.0,4.0,0.02117543619237569,0.0,0.0,0.0,2.5192567291325103,False,False,False,True
SB176,6,136.0,13176.0,13180.0,4.0,0.3573380505670367,1.0,4.0,3.0,7.501639687308084,False,True,True,True
SB176,6,137.0,13180.0,13184.0,4.0,-0.236935009137131,0.193359375,0.7734375,3.0,1.0799190996990062,True,False,False,True
SB176,6,138.0,13184.0,13188.0,4.0,0.1407767761113814,0.0,0.0,0.0,1.1069780798225255,True,False,False,True
SB176,6,139.0,13188.0,13192.0,4.0,0.027853880853837,0.0,0.0,0.0,1.381072824915033,False,False,False,True
SB176,6,140.0,13192.0,13196.0,4.0,0.2349965568446788,0.0,0.0,0.0,1.2807598117708143,True,False,False,True
SB176,6,141.0,13196.0,13200.0,4.0,-0.0613706814185088,0.0,0.0,0.0,1.473189554776218,True,False,False,True
SB176,6,142.0,13200.0,13204.0,4.0,-0.1164814108772579,0.0,0.0,0.0,1.2528759368965818,True,False,False,True
SB176,6,143.0,13204.0,13208.0,4.0,0.0519427335747964,0.453125,1.8125,1.0,1.7608277898259614,True,False,False,True
SB176,6,144.0,13208.0,13212.0,4.0,0.0048200423840347,0.0,0.0,0.0,1.2572987658512609,True,False,False,True
SB176,6,145.0,13212.0,13216.0,4.0,0.1219600367089024,0.0,0.0,0.0,1.918514368182804,False,False,False,True
SB176,6,146.0,13216.0,13220.0,4.0,0.2014243819372549,0.0,0.0,0.0,0.944371212450068,True,False,False,True
SB176,6,147.0,13220.0,13224.0,4.0,0.0748508459368109,0.0,0.0,0.0,1.0315375385623808,True,False,False,True
SB176,6,148.0,13224.0,13228.0,4.0,0.0461244571633189,0.0,0.0,0.0,1.0885806131045033,True,False,False,True
SB176,6,149.0,13228.0,13232.0,4.0,0.0035071419443659,0.0,0.0,0.0,1.729976211769185,False,False,False,True
SB176,6,150.0,13232.0,13236.0,4.0,-0.0048642690546677496,0.0,0.0,0.0,1.765738584304081,True,False,False,True
SB176,6,151.0,13236.0,13240.0,4.0,0.1089467716800089,1.0,4.0,1.0,2.0205634546095643,False,True,True,True
SB176,6,152.0,13240.0,13244.0,4.0,0.34060847469612765,1.0,4.0,2.0,2.214186182383189,False,True,True,True
SB176,6,153.0,13244.0,13248.0,4.0,-0.0898325930604442,0.0,0.0,0.0,1.5164286182215192,False,False,False,True
SB176,6,154.0,13248.0,13252.0,4.0,0.4919683428538494,0.0,0.0,0.0,5.449600986067792,False,False,False,True
SB176,6,155.0,13252.0,13256.0,4.0,0.2410792100844232,0.3291015625,1.31640625,1.0,1.615844682317721,True,False,False,True
SB176,6,156.0,13256.0,13260.0,4.0,0.0475507363535841,0.0,0.0,0.0,2.4821156007558325,False,False,False,True
SB176,6,157.0,13260.0,13264.0,4.0,0.052622268882680644,0.0,0.0,0.0,3.378938136721576,False,False,False,True
SB176,6,158.0,13264.0,13268.0,4.0,0.1669141457096392,0.251953125,1.0078125,1.0,1.862284660772365,True,False,False,True
SB176,6,159.0,13268.0,13272.0,4.0,0.012389447922324742,0.0,0.0,0.0,5.592808588293326,False,False,False,True
SB176,6,160.0,13272.0,13276.0,4.0,-0.0757032192177679,0.46484375,1.859375,2.0,1.1002941636816936,True,False,False,True
SB176,6,161.0,13276.0,13280.0,4.0,0.0860991371634851,1.0,4.0,4.0,12.749633201680494,True,True,True,True
SB176,6,162.0,13280.0,13284.0,4.0,0.3258966081079709,0.4169921875,1.66796875,2.0,1.257730660535847,True,False,False,True
SB176,6,163.0,13284.0,13288.0,4.0,0.050647540796949754,0.0,0.0,0.0,2.440306044119268,False,False,False,True
SB176,6,164.0,13288.0,13292.0,4.0,0.2390637217124661,0.0,0.0,0.0,5.051945055855511,False,False,False,True
SB176,6,165.0,13292.0,13296.0,4.0,0.1107634463667685,0.0,0.0,0.0,3.530171233727902,False,False,False,True
SB176,6,166.0,13296.0,13300.0,4.0,0.090374005007867,0.0,0.0,0.0,4.8939656993276754,False,False,False,True
SB176,6,167.0,13300.0,13304.0,4.0,0.1308499859834011,0.8388671875,3.35546875,1.0,3.2426385337817742,False,True,True,True
SB176,6,168.0,13304.0,13308.0,4.0,-0.0204673047432528,0.07421875,0.296875,1.0,1.013829184081775,True,False,False,True
SB176,6,169.0,13308.0,13312.0,4.0,-0.04622134866789335,0.0,0.0,0.0,2.0379006917115365,False,False,False,True
SB176,6,170.0,13312.0,13316.0,4.0,-0.1037029924290738,0.9970703125,3.98828125,1.0,1.5665680644984772,False,True,True,True
SB176,6,171.0,13316.0,13320.0,4.0,0.01735621859809045,0.8486328125,3.39453125,1.0,1.6927390295067344,True,True,True,True
SB176,6,172.0,13320.0,13324.0,4.0,-0.055384377050495,0.0,0.0,0.0,1.8405087170463843,False,False,False,True
SB176,6,173.0,13324.0,13328.0,4.0,0.0973262692720142,0.0,0.0,0.0,1.5700989026174097,False,False,False,True
SB176,6,174.0,13328.0,13332.0,4.0,-0.03341091132506295,0.0,0.0,0.0,1.9567467561612166,False,False,False,True
SB176,6,175.0,13332.0,13336.0,4.0,-0.0135823049990159,0.0,0.0,0.0,0.9424253565478972,True,False,False,True
SB176,6,176.0,13336.0,13340.0,4.0,-0.0216372254367416,0.0,0.0,0.0,0.9205369978900482,True,False,False,True
SB176,6,177.0,13340.0,13344.0,4.0,0.0520984293968685,0.0,0.0,0.0,2.115269409921938,False,False,False,True
SB176,6,178.0,13344.0,13348.0,4.0,-0.0130548338408322,0.0,0.0,0.0,2.008344805995311,False,False,False,True
SB176,6,179.0,13348.0,13352.0,4.0,0.2938066609191715,0.0,0.0,0.0,1.9574321326680943,False,False,False,True
SB176,6,180.0,13352.0,13356.0,4.0,-0.2914627706401614,0.0,0.0,0.0,1.713209621647081,False,False,False,True
SB176,6,181.0,13356.0,13360.0,4.0,-0.0031785602959303483,0.0,0.0,0.0,1.4906969857220627,False,False,False,True
SB176,6,182.0,13360.0,13364.0,4.0,0.01777858397014365,0.0,0.0,0.0,1.9512108338742515,False,False,False,True
SB176,6,183.0,13364.0,13368.0,4.0,0.1028821960411069,0.0,0.0,0.0,1.8863048475056519,False,False,False,True
SB176,6,184.0,13368.0,13372.0,4.0,0.0690811372393185,0.0,0.0,0.0,2.176764290462006,False,False,False,True
SB176,6,185.0,13372.0,13376.0,4.0,-0.0285708170866551,1.0,4.0,4.0,4.037630368510023,False,True,True,True
SB176,6,186.0,13376.0,13380.0,4.0,-0.1479490719440848,1.0,4.0,4.0,2.53475690564008,True,True,True,True
SB176,6,187.0,13380.0,13384.0,4.0,0.1902643023154201,1.0,4.0,1.0,3.6635011448433135,False,True,True,True
SB176,6,188.0,13384.0,13388.0,4.0,0.0581299598050061,0.822265625,3.2890625,1.0,1.844720616072136,False,True,True,True
SB176,6,189.0,13388.0,13392.0,4.0,-0.2794315090164309,0.759765625,3.0390625,2.0,2.694224417381843,False,True,True,True
SB176,6,190.0,13392.0,13396.0,4.0,0.2662755069774077,1.0,4.0,4.0,6.885287575159534,False,True,True,True
SB176,6,191.0,13396.0,13400.0,4.0,0.44689660633087147,0.46875,1.875,2.0,1.1869900870090628,True,False,False,True
SB176,6,192.0,13400.0,13404.0,4.0,0.0233015670986543,0.0,0.0,0.0,0.8827647417661689,True,False,False,True
SB176,6,193.0,13404.0,13408.0,4.0,0.0599070332053843,0.0,0.0,0.0,0.8290952032242439,True,False,False,True
SB176,6,194.0,13408.0,13412.0,4.0,0.0272075501411883,0.0,0.0,0.0,0.8599692655550063,True,False,False,True
SB176,6,195.0,13412.0,13416.0,4.0,-0.0376526292232388,0.0,0.0,0.0,2.580155419862862,False,False,False,True
SB176,6,196.0,13416.0,13420.0,4.0,0.050243664956648906,0.0,0.0,0.0,1.7654122886187005,False,False,False,True
SB176,6,197.0,13420.0,13424.0,4.0,0.0707700588403427,0.0,0.0,0.0,0.9605719058614616,True,False,False,True
SB176,6,198.0,13424.0,13428.0,4.0,-0.009959237403469049,0.0,0.0,0.0,1.9766959608633896,False,False,False,True
SB176,6,199.0,13428.0,13432.0,4.0,-0.07354785278538506,0.0,0.0,0.0,2.1387648405235766,False,False,False,True
SB176,6,200.0,13432.0,13436.0,4.0,-0.3278641731349592,0.0,0.0,0.0,2.7614180674228033,False,False,False,True
SB176,6,201.0,13436.0,13440.0,4.0,-0.0672217722237356,0.0,0.0,0.0,1.8178865295312243,False,False,False,True
SB176,6,202.0,13440.0,13444.0,4.0,0.02440705708506695,0.0,0.0,0.0,1.7914690404972617,False,False,False,True
SB176,6,203.0,13444.0,13448.0,4.0,-0.0121578074222218,0.0,0.0,0.0,0.8510758364017389,True,False,False,True
SB176,6,204.0,13448.0,13452.0,4.0,0.1503921836249462,0.0,0.0,0.0,2.4347988685652058,False,False,False,True
SB176,6,205.0,13452.0,13456.0,4.0,0.0571233949469587,0.0,0.0,0.0,2.723157546322972,False,False,False,True
SB176,6,206.0,13456.0,13460.0,4.0,0.0444712664803426,0.0,0.0,0.0,1.7978706276244063,False,False,False,True
SB176,6,207.0,13460.0,13464.0,4.0,0.0047753233320096,0.0,0.0,0.0,2.2116999371148816,False,False,False,True
SB176,6,208.0,13464.0,13468.0,4.0,0.2256136645203018,0.0,0.0,0.0,2.1392265054214503,False,False,False,True
SB176,6,209.0,13468.0,13472.0,4.0,0.0894126800405233,1.0,4.0,4.0,13.456937305278991,False,True,True,True
SB176,6,210.0,13472.0,13476.0,4.0,0.7949709957460362,0.2138671875,0.85546875,1.0,1.37271314605483,False,False,False,True
SB176,6,211.0,13476.0,13480.0,4.0,0.0823595264655305,0.0,0.0,0.0,1.4918167904277135,False,False,False,True
SB176,6,212.0,13480.0,13484.0,4.0,0.1496171553389317,0.0,0.0,0.0,2.837944031534421,False,False,False,True
SB176,6,214.0,13488.0,13492.0,4.0,-0.0293509036943174,0.0,0.0,0.0,0.8740894976506197,True,False,False,True
SB176,6,215.0,13492.0,13496.0,4.0,0.0461967678526423,0.0,0.0,0.0,3.805816253843057,False,False,False,True
SB176,6,216.0,13496.0,13500.0,4.0,-0.0495615865006925,0.0,0.0,0.0,1.5572627910295236,False,False,False,True
SB176,6,217.0,13500.0,13504.0,4.0,-0.0118143489923991,0.0,0.0,0.0,1.141215272080486,True,False,False,True
SB176,6,219.0,13508.0,13512.0,4.0,0.0584227748582644,0.0,0.0,0.0,0.9285677334206396,True,False,False,True
SB176,6,221.0,13516.0,13520.0,4.0,0.0587515604156889,1.0,4.0,4.0,5.174308816848953,False,True,True,True
SB176,6,222.0,13520.0,13524.0,4.0,0.0674730023592191,0.029296875,0.1171875,1.0,1.7020667153869242,False,False,False,True
SB176,6,223.0,13524.0,13528.0,4.0,-0.0612359326989901,1.0,4.0,3.0,5.678990378783526,False,True,True,True
SB176,6,224.0,13528.0,13532.0,4.0,0.13784381008631091,0.25390625,1.015625,2.0,2.2315948510613066,True,False,False,True
SB176,6,225.0,13532.0,13536.0,4.0,0.0828553747514238,0.0,0.0,0.0,2.143486221318788,False,False,False,True
SB176,6,226.0,13536.0,13540.0,4.0,0.0522733334591445,0.0,0.0,0.0,10.782928797218569,False,False,False,True
SB176,6,227.0,13540.0,13544.0,4.0,-0.19349941050689065,0.3134765625,1.25390625,1.0,1.6145828084185398,True,False,False,True
SB176,6,228.0,13544.0,13548.0,4.0,0.5004236440839722,0.330078125,1.3203125,4.0,1.048931766097403,True,False,False,True
SB176,6,229.0,13548.0,13552.0,4.0,0.0883051914653033,1.0,4.0,4.0,5.924368933431709,False,True,True,True
SB176,6,230.0,13552.0,13556.0,4.0,-0.0031918196769882,0.39453125,1.578125,2.0,1.0509991914913142,True,False,False,True
SB176,6,231.0,13556.0,13560.0,4.0,0.1314973173646428,0.0,0.0,0.0,0.9464492567453864,True,False,False,True
SB176,6,232.0,13560.0,13564.0,4.0,0.09261438916435284,0.0478515625,0.19140625,1.0,2.9825548246481928,False,False,False,True
SB176,6,233.0,13564.0,13568.0,4.0,-0.012648510040308647,0.0,0.0,0.0,2.5160607374517356,False,False,False,True
SB176,6,234.0,13568.0,13572.0,4.0,-0.0794354113043725,0.0,0.0,0.0,0.9421552320376356,True,False,False,True
SB176,6,235.0,13572.0,13576.0,4.0,0.0692981624212236,0.0,0.0,0.0,0.8397022326553326,True,False,False,True
SB176,6,236.0,13576.0,13580.0,4.0,0.06174301946297144,0.0,0.0,0.0,4.802047374718694,False,False,False,True
SB176,6,237.0,13580.0,13584.0,4.0,0.1288216214808024,0.0,0.0,0.0,4.599414816304898,False,False,False,True
SB176,6,238.0,13584.0,13588.0,4.0,0.0452705661721,0.0,0.0,0.0,2.319652746573221,False,False,False,True
SB176,6,239.0,13588.0,13592.0,4.0,-0.0611484071695306,0.0,0.0,0.0,0.944258687443428,True,False,False,True
SB176,6,240.0,13592.0,13596.0,4.0,0.0725138913837867,0.0,0.0,0.0,0.92551039270652,True,False,False,True
SB176,6,241.0,13596.0,13600.0,4.0,0.0205745320961569,0.1337890625,0.53515625,1.0,0.978215237287598,True,False,False,True
SB176,6,242.0,13600.0,13604.0,4.0,-0.07054153625670675,0.0,0.0,0.0,5.2726258700380075,False,False,False,True
SB176,6,243.0,13604.0,13608.0,4.0,0.1168568710820264,0.0,0.0,0.0,2.192225782090568,False,False,False,True
SB176,6,244.0,13608.0,13612.0,4.0,0.24705902134866858,0.6201171875,2.48046875,1.0,2.456990262547359,False,False,False,True
SB176,6,245.0,13612.0,13616.0,4.0,0.0532849950347513,0.0,0.0,0.0,4.823335176911693,False,False,False,True
SB176,6,246.0,13616.0,13620.0,4.0,0.1247634708732803,0.314453125,1.2578125,1.0,3.287537871041703,False,False,False,True
SB176,6,247.0,13620.0,13624.0,4.0,-0.31528345460804796,1.0,4.0,2.0,4.659066878974418,False,True,True,True
SB176,6,248.0,13624.0,13628.0,4.0,-0.0262443552810519,0.0966796875,0.38671875,1.0,0.9066530138951016,True,False,False,True
SB176,6,249.0,13628.0,13632.0,4.0,-0.0716981982865963,0.0,0.0,0.0,1.4314674516460557,True,False,False,True
SB176,6,250.0,13632.0,13636.0,4.0,0.2832452724273888,0.0,0.0,0.0,1.5186808648980994,False,False,False,True
SB176,6,251.0,13636.0,13640.0,4.0,-0.1042867602143293,0.0,0.0,0.0,3.621574379454989,False,False,False,True
SB176,6,252.0,13640.0,13644.0,4.0,0.0159023639626529,0.0,0.0,0.0,2.3951219400142967,False,False,False,True
SB176,6,253.0,13644.0,13648.0,4.0,0.0044665230306627,0.0,0.0,0.0,1.0221615778183983,True,False,False,True
SB176,7,2.0,13870.0,13874.0,4.0,0.0509485984541801,0.0,0.0,0.0,1.5638756092335755,False,False,False,True
SB176,7,3.0,13874.0,13878.0,4.0,0.05940697693220115,0.0,0.0,0.0,1.6018006411297732,False,False,False,True
SB176,7,4.0,13878.0,13882.0,4.0,0.2294910703900398,0.0,0.0,0.0,1.3013004732393283,False,False,False,True
SB176,7,5.0,13882.0,13886.0,4.0,-0.0172614388554106,0.0,0.0,0.0,0.9518568185267968,True,False,False,True
SB176,7,6.0,13886.0,13890.0,4.0,-0.1560181580204012,0.0,0.0,0.0,1.405634591115196,False,False,False,True
SB176,7,7.0,13890.0,13894.0,4.0,0.1812513145779869,1.0,4.0,4.0,1.404506763903626,True,True,True,True
SB176,7,8.0,13894.0,13898.0,4.0,0.0739726683016533,1.0,4.0,4.0,6.969314997612435,False,True,True,True
SB176,7,9.0,13898.0,13902.0,4.0,0.23440046679478593,1.0,4.0,4.0,4.116607268595494,False,True,True,True
SB176,7,10.0,13902.0,13906.0,4.0,-0.2290040625397969,0.0,0.0,0.0,1.3759916499476068,False,False,False,True
SB176,7,11.0,13906.0,13910.0,4.0,0.5561340636796916,1.0,4.0,2.0,1.7038626112519328,False,True,True,True
SB176,7,12.0,13910.0,13914.0,4.0,-0.8904578772506856,1.0,4.0,2.0,9.221456364736904,False,True,True,True
SB176,7,13.0,13914.0,13918.0,4.0,0.1625538861344071,0.3525390625,1.41015625,1.0,1.5908090081199648,True,False,False,True
SB176,7,15.0,13922.0,13926.0,4.0,-0.121661142969865,0.0,0.0,0.0,0.9826445894253656,True,False,False,True
SB176,7,16.0,13926.0,13930.0,4.0,0.0863774870755473,0.4501953125,1.80078125,2.0,1.1809456134855636,True,False,False,True
SB176,7,17.0,13930.0,13934.0,4.0,0.3096850716879022,0.45703125,1.828125,2.0,0.97078000354091,True,False,False,True
SB176,7,19.0,13938.0,13942.0,4.0,-0.0013850673321412,0.7578125,3.03125,1.0,1.3149732087166113,,True,True,True
SB176,7,20.0,13942.0,13946.0,4.0,0.19244959039942416,0.5439453125,2.17578125,2.0,1.6927212903101299,False,False,False,True
SB176,7,21.0,13946.0,13950.0,4.0,-0.0632013302674692,0.0,0.0,0.0,1.0439271969522483,True,False,False,True
SB176,7,22.0,13950.0,13954.0,4.0,-0.1126099414369736,0.0,0.0,0.0,1.0036779600685863,True,False,False,True
SB176,7,23.0,13954.0,13958.0,4.0,0.0165437169431862,0.0,0.0,0.0,1.009117291824741,True,False,False,True
SB176,7,24.0,13958.0,13962.0,4.0,0.0840323203960634,0.875,3.5,1.0,1.3188206093539725,,True,True,True
SB176,7,25.0,13962.0,13966.0,4.0,0.1962852797391946,0.7138671875,2.85546875,1.0,1.379749689001872,,False,False,True
SB176,7,27.0,13970.0,13974.0,4.0,-0.0651717836635909,0.427734375,1.7109375,2.0,0.9805302947036931,True,False,False,True
SB176,7,28.0,13974.0,13978.0,4.0,0.1205951578947538,1.0,4.0,3.0,5.210616354361279,False,True,True,True
SB176,7,29.0,13978.0,13982.0,4.0,-0.0468319582305619,0.2734375,1.09375,3.0,1.0614171883188024,True,False,False,True
SB176,7,31.0,13986.0,13990.0,4.0,0.122141303374661,0.0,0.0,0.0,1.2568111251307506,True,False,False,True
SB176,7,32.0,13990.0,13994.0,4.0,0.1261358501070693,0.0,0.0,0.0,1.0944080530078562,True,False,False,True
SB176,7,33.0,13994.0,13998.0,4.0,-0.1567647631164763,0.0,0.0,0.0,1.4881872227126243,False,False,False,True
SB176,7,36.0,14006.0,14010.0,4.0,0.1793099200130031,0.0,0.0,0.0,1.7596928205800162,False,False,False,True
SB176,7,37.0,14010.0,14014.0,4.0,-0.0161844296327145,0.0,0.0,0.0,0.9990541049081484,True,False,False,True
SB176,7,38.0,14014.0,14018.0,4.0,-0.1286777983768756,0.0,0.0,0.0,1.0121495114003844,True,False,False,True
SB176,7,39.0,14018.0,14022.0,4.0,-0.09348785788608904,0.0,0.0,0.0,1.7266128012304922,False,False,False,True
SB176,7,42.0,14030.0,14034.0,4.0,-0.1190281917546737,0.7333984375,2.93359375,1.0,1.5585901538246942,,False,False,True
SB176,7,43.0,14034.0,14038.0,4.0,-0.1021822231713914,1.0,4.0,1.0,1.616664792589657,False,True,True,True
SB176,7,44.0,14038.0,14042.0,4.0,0.1365801640143077,0.2880859375,1.15234375,1.0,1.1974579466117463,True,False,False,True
SB176,7,45.0,14042.0,14046.0,4.0,0.0318161324444799,0.689453125,2.7578125,1.0,1.241431910745982,True,False,False,True
SB176,7,46.0,14046.0,14050.0,4.0,-0.1348985062640867,0.0,0.0,0.0,0.9994798524881242,True,False,False,True
SB176,7,47.0,14050.0,14054.0,4.0,-0.0172993414938272,0.0,0.0,0.0,0.9830879883399198,True,False,False,True
SB176,7,50.0,14062.0,14066.0,4.0,0.1997596012602025,0.0,0.0,0.0,1.3345154976485003,False,False,False,True
SB176,7,51.0,14066.0,14070.0,4.0,-0.0187021130131102,0.0,0.0,0.0,1.0319516384993743,True,False,False,True
SB176,7,54.0,14078.0,14082.0,4.0,-0.12336461258679694,0.3291015625,1.31640625,2.0,1.6080422275380137,False,False,False,True
SB176,7,55.0,14082.0,14086.0,4.0,-0.0003675323383759,1.0,4.0,5.0,16.179325224339646,,True,True,True
SB176,7,56.0,14086.0,14090.0,4.0,-0.0888429058957279,1.0,4.0,5.0,10.125810075837643,,True,True,True
SB176,7,57.0,14090.0,14094.0,4.0,0.1516656534782172,0.369140625,1.4765625,4.0,0.9699232730731608,True,False,False,True
SB176,7,58.0,14094.0,14098.0,4.0,-0.0325357032512234,0.0,0.0,0.0,0.9713907842080464,True,False,False,True
SB176,7,59.0,14098.0,14102.0,4.0,-0.0008927425039613,0.0,0.0,0.0,0.9786940380667928,True,False,False,True
SB176,7,62.0,14110.0,14114.0,4.0,0.1486715801437623,0.0,0.0,0.0,0.9343927391662694,True,False,False,True
SB176,7,63.0,14114.0,14118.0,4.0,0.0534608198041709,0.0,0.0,0.0,1.6780641340047562,False,False,False,True
SB176,7,65.0,14122.0,14126.0,4.0,0.16396297907519708,0.7568359375,3.02734375,2.0,1.31543151053015,True,True,True,True
SB176,7,66.0,14126.0,14130.0,4.0,-0.021456896010922648,1.0,4.0,2.0,4.99667424129032,,True,True,True
SB176,7,67.0,14130.0,14134.0,4.0,0.2022077931093409,0.2373046875,0.94921875,1.0,1.5629448109352806,False,False,False,True
SB176,7,68.0,14134.0,14138.0,4.0,-0.00785456916895965,0.0,0.0,0.0,1.0993835399399638,True,False,False,True
SB176,7,69.0,14138.0,14142.0,4.0,-0.0452272334921516,0.01171875,0.046875,1.0,1.0061719521556836,True,False,False,True
SB176,7,73.0,14154.0,14158.0,4.0,-0.0067071466442308,0.0,0.0,0.0,1.121153372276977,True,False,False,True
SB176,7,74.0,14158.0,14162.0,4.0,0.02093844470054604,0.0,0.0,0.0,1.611767870676536,False,False,False,True
SB176,7,75.0,14162.0,14166.0,4.0,0.054428080458365245,0.974609375,3.8984375,3.0,1.982977966659186,False,True,True,True
SB176,7,77.0,14170.0,14174.0,4.0,0.1175302104282858,0.0,0.0,0.0,1.0310674861773783,True,False,False,True
SB176,7,78.0,14174.0,14178.0,4.0,0.1527537396486504,0.0,0.0,0.0,1.0121860142011925,True,False,False,True
SB176,7,79.0,14178.0,14182.0,4.0,0.0428806955162894,0.0,0.0,0.0,3.681393210802015,False,False,False,True
SB176,7,80.0,14182.0,14186.0,4.0,-0.1725068401726191,0.6767578125,2.70703125,1.0,1.1418426795175904,True,False,False,True
SB176,7,81.0,14186.0,14190.0,4.0,0.0529970887066203,0.02734375,0.109375,1.0,1.5340473527171292,False,False,False,True
SB176,7,86.0,14206.0,14210.0,4.0,-0.2277761040814936,0.0,0.0,0.0,1.2158696363448684,True,False,False,True
SB176,7,87.0,14210.0,14214.0,4.0,-0.0996044053471738,0.0,0.0,0.0,2.568821359660284,False,False,False,True
SB176,7,90.0,14222.0,14226.0,4.0,-0.0438571632877459,0.0,0.0,0.0,0.9114996614897154,True,False,False,True
SB176,7,91.0,14226.0,14230.0,4.0,0.1430944020821017,0.0,0.0,0.0,1.010439430038117,True,False,False,True
SB176,7,92.0,14230.0,14234.0,4.0,-0.0555629742462562,0.0,0.0,0.0,1.004345671387301,True,False,False,True
SB176,7,93.0,14234.0,14238.0,4.0,-0.0292495734450359,0.0,0.0,0.0,0.9323391633304644,True,False,False,True
SB176,7,94.0,14238.0,14242.0,4.0,0.0196688473595072,0.1494140625,0.59765625,1.0,1.074527433916637,True,False,False,True
SB176,7,95.0,14242.0,14246.0,4.0,-0.0508067527464572,1.0,4.0,1.0,2.690966740266694,False,True,True,True
SB176,7,96.0,14246.0,14250.0,4.0,0.3930705724040313,0.2705078125,1.08203125,1.0,1.5071702782710221,True,False,False,True
SB176,7,97.0,14250.0,14254.0,4.0,-0.1264891088536803,0.0,0.0,0.0,1.0414614637810102,True,False,False,True
SB176,7,98.0,14254.0,14258.0,4.0,0.1313171897710503,0.0,0.0,0.0,0.9673616837937036,True,False,False,True
SB176,7,99.0,14258.0,14262.0,4.0,0.0050649102331754,0.0,0.0,0.0,0.945249929427266,True,False,False,True
SB176,7,100.0,14262.0,14266.0,4.0,-0.040198053824779,0.0947265625,0.37890625,1.0,0.9791990991676752,True,False,False,True
SB176,7,102.0,14270.0,14274.0,4.0,-0.0559321228805303,0.0,0.0,0.0,1.011767042697342,True,False,False,True
SB176,7,104.0,14278.0,14282.0,4.0,0.0274967011518356,0.0,0.0,0.0,0.9916431392365932,True,False,False,True
SB176,7,105.0,14282.0,14286.0,4.0,-0.0011423527470233,0.0,0.0,0.0,1.0504616630637735,True,False,False,True
SB176,7,106.0,14286.0,14290.0,4.0,0.1755139996573594,0.0,0.0,0.0,2.548980075541463,False,False,False,True
SB176,7,107.0,14290.0,14294.0,4.0,0.0132252124808094,0.0,0.0,0.0,1.0037796475946437,True,False,False,True
SB176,7,108.0,14294.0,14298.0,4.0,-0.0936272987012496,0.0,0.0,0.0,0.9968907085708084,True,False,False,True
SB176,7,110.0,14302.0,14306.0,4.0,0.072855509542329,0.0,0.0,0.0,1.0379544619586514,True,False,False,True
SB176,7,111.0,14306.0,14310.0,4.0,0.1228905174014926,0.0,0.0,0.0,0.9424690541921648,True,False,False,True
SB176,7,113.0,14314.0,14318.0,4.0,-0.0169032750133371,0.0,0.0,0.0,1.3367260702143309,False,False,False,True
SB176,7,114.0,14318.0,14322.0,4.0,-0.002563123871588552,1.0,4.0,2.0,3.648298473071385,False,True,True,True
SB176,7,115.0,14322.0,14326.0,4.0,0.1561572449522318,1.0,4.0,1.0,11.612010890501132,,True,True,True
SB176,7,116.0,14326.0,14330.0,4.0,0.0593143446231652,1.0,4.0,1.0,4.395299710543998,,True,True,True
SB176,7,117.0,14330.0,14334.0,4.0,-0.0749238891394695,1.0,4.0,1.0,7.45632795759261,,True,True,True
SB176,7,118.0,14334.0,14338.0,4.0,0.3157674809166787,0.9326171875,3.73046875,1.0,2.1166406765286725,,True,True,True
SB176,7,119.0,14338.0,14342.0,4.0,0.10994708598320099,1.0,4.0,1.0,1.533606213845259,True,True,True,True
SB176,7,120.0,14342.0,14346.0,4.0,-0.2187817822063852,0.0,0.0,0.0,1.8645641372190735,False,False,False,True
SB176,7,121.0,14346.0,14350.0,4.0,0.0344025006860056,0.0,0.0,0.0,1.0954047994255458,True,False,False,True
SB176,7,122.0,14350.0,14354.0,4.0,-0.0323205197056048,0.0,0.0,0.0,1.673995655747064,False,False,False,True
SB176,7,123.0,14354.0,14358.0,4.0,-0.0408326183045329,0.0,0.0,0.0,1.00286370995263,True,False,False,True
SB176,7,124.0,14358.0,14362.0,4.0,0.0358597400701784,0.0,0.0,0.0,1.4035327650535154,False,False,False,True
SB176,7,125.0,14362.0,14366.0,4.0,0.0872472652335311,0.0,0.0,0.0,1.4732306601974017,False,False,False,True
SB176,7,126.0,14366.0,14370.0,4.0,-0.1515017040039655,0.0,0.0,0.0,1.5431084779328297,False,False,False,True
SB176,7,127.0,14370.0,14374.0,4.0,-0.0294478942519344,0.0,0.0,0.0,0.91802683693896,True,False,False,True
SB176,7,128.0,14374.0,14378.0,4.0,-0.0765525926906413,0.0,0.0,0.0,1.563125952401298,False,False,False,True
SB176,7,129.0,14378.0,14382.0,4.0,0.039045316900034,0.0,0.0,0.0,1.0503407417926676,True,False,False,True
SB176,7,131.0,14386.0,14390.0,4.0,0.2120005083067046,0.919921875,3.6796875,1.0,1.470414467201153,,True,True,True
SB176,7,133.0,14394.0,14398.0,4.0,0.2121348465372717,0.3623046875,1.44921875,2.0,1.018023231085809,True,False,False,True
SB176,7,134.0,14398.0,14402.0,4.0,0.0055051865798175,1.0,4.0,2.0,5.937498943123935,False,True,True,True
SB176,7,135.0,14402.0,14406.0,4.0,-0.08414105232525834,1.0,4.0,4.0,3.517484994770042,,True,True,True
SB176,7,136.0,14406.0,14410.0,4.0,-0.0766723187573358,1.0,4.0,3.0,2.215315572124714,False,True,True,True
SB176,7,137.0,14410.0,14414.0,4.0,-0.1423753324591752,1.0,4.0,2.0,5.912294512855364,False,True,True,True
SB176,7,138.0,14414.0,14418.0,4.0,-0.044699308085349346,1.0,4.0,3.0,12.469256898701813,False,True,True,True
SB176,7,139.0,14418.0,14422.0,4.0,-0.0296052683868968,0.4677734375,1.87109375,6.0,0.9841785449289198,True,False,False,True
SB176,7,140.0,14422.0,14426.0,4.0,0.10571987898510504,1.0,4.0,2.0,1.286728641554992,True,True,True,True
SB176,7,141.0,14426.0,14430.0,4.0,0.0091627027672122,1.0,4.0,1.0,12.51380127007166,,True,True,True
SB176,7,142.0,14430.0,14434.0,4.0,-0.2387023536771113,1.0,4.0,5.0,1.8064921864910013,False,True,True,True
SB176,7,143.0,14434.0,14438.0,4.0,0.0051438085889337,1.0,4.0,3.0,0.9936806199772412,True,True,True,True
SB176,7,144.0,14438.0,14442.0,4.0,-0.05411093350026121,0.0,0.0,0.0,0.9676140863430143,True,False,False,True
SB176,7,145.0,14442.0,14446.0,4.0,-0.2154558854227071,0.0,0.0,0.0,1.00952363791645,True,False,False,True
SB176,7,148.0,14454.0,14458.0,4.0,0.0442158669411914,0.0,0.0,0.0,0.9949486623341264,True,False,False,True
SB176,7,149.0,14458.0,14462.0,4.0,0.0030927162534147,0.0,0.0,0.0,0.9644274135518224,True,False,False,True
SB176,7,150.0,14462.0,14466.0,4.0,0.0815722404921517,0.0,0.0,0.0,1.04583137633574,True,False,False,True
SB176,7,151.0,14466.0,14470.0,4.0,-0.0135309644659791,0.0,0.0,0.0,1.04479762354551,True,False,False,True
SB176,7,153.0,14474.0,14478.0,4.0,0.1634539656520722,0.0,0.0,0.0,1.0235328427820711,True,False,False,True
SB176,7,155.0,14482.0,14486.0,4.0,-0.1860533259325423,0.0,0.0,0.0,0.9096030593485768,True,False,False,True
SB176,7,160.0,14502.0,14506.0,4.0,0.0471092429629783,0.0,0.0,0.0,1.0243008936414222,True,False,False,True
SB176,7,166.0,14526.0,14530.0,4.0,0.4437984893217573,0.763671875,3.0546875,1.0,1.310056101256316,,True,True,True
SB176,7,167.0,14530.0,14534.0,4.0,0.0728197396764236,0.0,0.0,0.0,1.0223608363290444,True,False,False,True
SB176,7,168.0,14534.0,14538.0,4.0,-0.0014267015290658,0.0,0.0,0.0,1.0365922025174987,True,False,False,True
SB176,7,169.0,14538.0,14542.0,4.0,-0.2443140631586649,0.0,0.0,0.0,0.9326784469390944,True,False,False,True
SB176,7,170.0,14542.0,14546.0,4.0,-0.0749785904654213,0.0,0.0,0.0,1.158007416776385,True,False,False,True
SB176,7,171.0,14546.0,14550.0,4.0,0.1633677353817391,0.0,0.0,0.0,1.0481411817526038,True,False,False,True
SB176,7,173.0,14554.0,14558.0,4.0,0.2374994333863984,0.0,0.0,0.0,0.9747910593020772,True,False,False,True
SB176,7,174.0,14558.0,14562.0,4.0,0.1192408586538659,0.0,0.0,0.0,0.9683119537764886,True,False,False,True
SB176,7,175.0,14562.0,14566.0,4.0,0.0852390910887804,0.0,0.0,0.0,0.94723905234656,True,False,False,True
SB176,7,177.0,14570.0,14574.0,4.0,0.2012380972555113,1.0,4.0,1.0,3.640263368929032,,True,True,True
SB176,7,178.0,14574.0,14578.0,4.0,0.1162572680601161,1.0,4.0,4.0,1.1088871650574084,True,True,True,True
SB176,7,179.0,14578.0,14582.0,4.0,-0.0009828667542044,0.01953125,0.078125,1.0,1.035430852696811,True,False,False,True
SB176,7,180.0,14582.0,14586.0,4.0,0.1383077609868606,0.0,0.0,0.0,0.9950893217185368,True,False,False,True
SB176,7,182.0,14590.0,14594.0,4.0,-0.0775198056041059,0.0,0.0,0.0,0.967729364838128,True,False,False,True
SB176,7,185.0,14602.0,14606.0,4.0,0.0182682112209915,0.0,0.0,0.0,0.9476034503392428,True,False,False,True
SB176,7,188.0,14614.0,14618.0,4.0,0.1020309589266979,1.0,4.0,2.0,3.4724392510055235,False,True,True,True
SB176,7,189.0,14618.0,14622.0,4.0,0.1359946914386838,0.0,0.0,0.0,2.572520641298025,False,False,False,True
SB176,7,190.0,14622.0,14626.0,4.0,0.1478883143950748,0.0,0.0,0.0,1.3398667905558033,False,False,False,True
SB176,7,192.0,14630.0,14634.0,4.0,0.013370971341759144,1.0,4.0,1.0,2.023786497906604,False,True,True,True
SB176,7,194.0,14638.0,14642.0,4.0,0.0539775067554722,0.0,0.0,0.0,1.0245366134725569,True,False,False,True
SB176,7,197.0,14650.0,14654.0,4.0,0.1276578043196524,0.0,0.0,0.0,1.5748895438476014,False,False,False,True
SB176,7,198.0,14654.0,14658.0,4.0,0.0209120869140864,0.0,0.0,0.0,1.0170280481755032,True,False,False,True
SB176,7,200.0,14662.0,14666.0,4.0,0.1558046570148729,0.611328125,2.4453125,2.0,1.754783514907328,,False,False,True
SB176,8,0.0,26102.0,26106.0,4.0,0.1389639318202935,0.0,0.0,0.0,1.3000898456013477,False,False,False,True
SB176,8,1.0,26106.0,26110.0,4.0,-0.12301981758435104,0.861328125,3.4453125,1.0,1.4773336433021993,False,True,True,True
SB176,8,2.0,26110.0,26114.0,4.0,-0.0259070245027416,0.89453125,3.578125,1.0,1.7168548608842489,False,True,True,True
SB176,8,3.0,26114.0,26118.0,4.0,0.08905002033225395,1.0,4.0,2.0,2.4680601568654197,False,True,True,True
SB176,8,4.0,26118.0,26122.0,4.0,-0.0651391022214989,0.736328125,2.9453125,3.0,1.7567418052978447,True,False,False,True
SB176,8,5.0,26122.0,26126.0,4.0,0.34409534865449976,0.0,0.0,0.0,2.5703844241677687,False,False,False,True
SB176,8,6.0,26126.0,26130.0,4.0,-0.3582421085070826,0.0,0.0,0.0,1.3871588053595734,False,False,False,True
SB176,8,7.0,26130.0,26134.0,4.0,0.2921467167215557,0.845703125,3.3828125,2.0,1.58648232173931,False,True,True,True
SB176,8,8.0,26134.0,26138.0,4.0,0.09518007712843365,0.0,0.0,0.0,1.8378356892588257,False,False,False,True
SB176,8,9.0,26138.0,26142.0,4.0,-0.0109827582620001,0.0,0.0,0.0,1.0502874685122374,True,False,False,True
SB176,8,11.0,26146.0,26150.0,4.0,0.1165187884843547,0.0,0.0,0.0,0.9584622070319172,True,False,False,True
SB176,8,13.0,26154.0,26158.0,4.0,-0.0002524344282148,0.0,0.0,0.0,1.1820720351007683,True,False,False,True
SB176,8,17.0,26170.0,26174.0,4.0,-0.0010457251830437025,0.0,0.0,0.0,1.5128496065082873,False,False,False,True
SB176,8,18.0,26174.0,26178.0,4.0,-0.0916555736584312,1.0,4.0,2.0,3.555582649695195,True,True,True,True
SB176,8,19.0,26178.0,26182.0,4.0,0.0680027786265269,1.0,4.0,2.0,4.802143075426717,False,True,True,True
SB176,8,20.0,26182.0,26186.0,4.0,-0.21527277328429376,1.0,4.0,2.0,4.785129243673104,,True,True,True
SB176,8,21.0,26186.0,26190.0,4.0,0.0867524835316683,0.955078125,3.8203125,2.0,1.939750280229184,True,True,True,True
SB176,8,22.0,26190.0,26194.0,4.0,-0.18749125793785,0.0,0.0,0.0,5.448873763765161,False,False,False,True
SB176,8,23.0,26194.0,26198.0,4.0,-0.04976511343744835,0.0,0.0,0.0,6.521800990496471,False,False,False,True
SB176,8,24.0,26198.0,26202.0,4.0,0.4268037636467954,0.0,0.0,0.0,2.4896136990170814,False,False,False,True
SB176,8,27.0,26210.0,26214.0,4.0,0.0516825953458895,0.0,0.0,0.0,0.9547130265008752,True,False,False,True
SB176,8,28.0,26214.0,26218.0,4.0,-0.0802887108564109,0.0,0.0,0.0,0.9449967594403446,True,False,False,True
SB176,9,3.0,26324.0,26328.0,4.0,0.062351077106188,0.0,0.0,0.0,1.5896395739029774,False,False,False,True
SB176,9,5.0,26332.0,26336.0,4.0,1.7840665256476156e-06,0.0,0.0,0.0,1.8705488287607548,False,False,False,True
SB176,9,7.0,26340.0,26344.0,4.0,-0.1502508244339458,0.0,0.0,0.0,2.2667786712328617,False,False,False,True
SB176,9,9.0,26348.0,26352.0,4.0,-0.1015231907508778,0.0,0.0,0.0,1.7465716147865953,False,False,False,True
SB176,9,12.0,26360.0,26364.0,4.0,-0.050509830390667,0.2470703125,0.98828125,1.0,0.9703959024048808,True,False,False,True
SB176,9,13.0,26364.0,26368.0,4.0,0.0508355801478651,1.0,4.0,1.0,5.9962666102579725,False,True,True,True
SB176,9,14.0,26368.0,26372.0,4.0,0.1318968045407129,1.0,4.0,4.0,2.6956104214649783,False,True,True,True
SB176,9,15.0,26372.0,26376.0,4.0,0.0985403468076243,1.0,4.0,2.0,2.738864585788816,False,True,True,True
SB176,9,17.0,26380.0,26384.0,4.0,-0.1644642279835913,0.0,0.0,0.0,1.808792841699056,False,False,False,True
SB176,9,18.0,26384.0,26388.0,4.0,-0.0043386006990686,0.0,0.0,0.0,0.969258027679358,True,False,False,True
SB176,10,1.0,26526.0,26530.0,4.0,-0.0525929265129112,0.0,0.0,0.0,0.6869402810685138,True,False,False,True
SB176,10,3.0,26534.0,26538.0,4.0,0.0458826925189769,0.0,0.0,0.0,0.6865844248368261,True,False,False,True
SB176,10,7.0,26550.0,26554.0,4.0,-0.0280773562990089,0.0,0.0,0.0,0.7039923367971793,True,False,False,True
SB176,10,8.0,26554.0,26558.0,4.0,-0.0052333658890064,0.0,0.0,0.0,2.224073755874897,False,False,False,True
SB176,10,9.0,26558.0,26562.0,4.0,-0.021290282150246365,0.0,0.0,0.0,2.964376894524437,False,False,False,True
SB176,10,10.0,26562.0,26566.0,4.0,0.2152460430546889,0.0,0.0,0.0,2.0712827485058485,False,False,False,True
SB176,10,11.0,26566.0,26570.0,4.0,0.1369447021991444,0.0,0.0,0.0,0.6148721737679025,True,False,False,True
SB176,10,12.0,26570.0,26574.0,4.0,0.06559307622119384,0.0,0.0,0.0,2.6279244606338388,False,False,False,True
SB176,10,13.0,26574.0,26578.0,4.0,-0.1901530462819623,0.0,0.0,0.0,0.5722475388600269,True,False,False,True
SB176,10,14.0,26578.0,26582.0,4.0,0.0585846044349736,0.0,0.0,0.0,0.608929056969402,True,False,False,True
SB176,10,15.0,26582.0,26586.0,4.0,-0.0444253571360701,0.0,0.0,0.0,0.658057840730853,True,False,False,True
SB176,10,20.0,26602.0,26606.0,4.0,-0.1858867400323946,0.0,0.0,0.0,2.040795220358831,False,False,False,True
SB176,10,21.0,26606.0,26610.0,4.0,0.2216615820770258,0.0,0.0,0.0,2.195501535258301,False,False,False,True
SB176,10,22.0,26610.0,26614.0,4.0,-0.1163075267823278,0.0,0.0,0.0,2.343084136102415,False,False,False,True
SB176,10,23.0,26614.0,26618.0,4.0,-0.16476206879393204,0.0,0.0,0.0,6.35336693541198,False,False,False,True
SB176,10,24.0,26618.0,26622.0,4.0,0.0170606875388365,0.0,0.0,0.0,7.054904658868975,False,False,False,True
SB176,10,25.0,26622.0,26626.0,4.0,-0.20215338708820174,0.0,0.0,0.0,2.82220060237123,False,False,False,True
SB176,10,26.0,26626.0,26630.0,4.0,0.040119284192562596,0.0,0.0,0.0,17.654705396018315,False,False,False,True
SB176,10,27.0,26630.0,26634.0,4.0,0.16179964237105243,0.0,0.0,0.0,3.1410532827361,False,False,False,True
SB176,10,28.0,26634.0,26638.0,4.0,0.0036630725488449,0.0,0.0,0.0,11.2011192554439,False,False,False,True
SB176,10,29.0,26638.0,26642.0,4.0,-0.34199798981795476,0.0,0.0,0.0,5.381515877730378,False,False,False,True
SB176,10,30.0,26642.0,26646.0,4.0,-0.0559145622587839,0.0,0.0,0.0,11.707444772994284,False,False,False,True
SB176,10,31.0,26646.0,26650.0,4.0,-0.2555001416252234,0.0,0.0,0.0,10.688690392869608,False,False,False,True
SB176,10,32.0,26650.0,26654.0,4.0,-0.06418053804602339,0.0,0.0,0.0,4.540558236387762,False,False,False,True
SB176,10,33.0,26654.0,26658.0,4.0,-0.3355390974292979,0.0,0.0,0.0,1.522648565197957,False,False,False,True
SB176,10,34.0,26658.0,26662.0,4.0,0.2359149036915382,0.751953125,3.0078125,1.0,13.321580377934724,False,True,True,True
SB176,10,35.0,26662.0,26666.0,4.0,-0.5640233303848812,0.0,0.0,0.0,2.234342118845441,False,False,False,True
SB176,10,36.0,26666.0,26670.0,4.0,-0.1468806549614558,0.0,0.0,0.0,3.177669749929205,False,False,False,True
SB176,10,37.0,26670.0,26674.0,4.0,-0.1355120581530068,0.0,0.0,0.0,2.0964773389432825,False,False,False,True
SB176,10,38.0,26674.0,26678.0,4.0,-0.5546007923552894,0.0,0.0,0.0,2.4160448036717583,False,False,False,True
SB176,10,42.0,26690.0,26694.0,4.0,-0.4184490061679249,0.0,0.0,0.0,1.9334528723793096,False,False,False,True
SB176,10,43.0,26694.0,26698.0,4.0,0.13047780971718106,0.0,0.0,0.0,2.7474583270056794,False,False,False,True
SB176,10,44.0,26698.0,26702.0,4.0,0.1729979939579926,0.0,0.0,0.0,2.320151129629119,False,False,False,True
SB176,10,45.0,26702.0,26706.0,4.0,0.24137033697431487,0.0,0.0,0.0,4.737003575801933,False,False,False,True
SB176,10,46.0,26706.0,26710.0,4.0,-0.1271129059674419,0.0,0.0,0.0,16.844860678654207,False,False,False,True
SB176,10,50.0,26722.0,26726.0,4.0,-0.0144513287142657,0.0,0.0,0.0,2.472172540932715,False,False,False,True
SB176,10,51.0,26726.0,26730.0,4.0,-0.0259947129855221,0.0,0.0,0.0,0.8239294381376668,True,False,False,True
SB176,10,52.0,26730.0,26734.0,4.0,-0.1553007155093197,0.5517578125,2.20703125,1.0,2.425632371771038,False,False,False,True
SB176,10,53.0,26734.0,26738.0,4.0,0.0614138918605663,0.5400390625,2.16015625,1.0,4.2100235942751,False,False,False,True
SB176,10,54.0,26738.0,26742.0,4.0,-0.28656588892618706,0.0,0.0,0.0,3.4308269734685046,False,False,False,True
SB176,10,55.0,26742.0,26746.0,4.0,0.4634426415489623,0.0,0.0,0.0,2.6171475147694507,False,False,False,True
SB176,10,56.0,26746.0,26750.0,4.0,-0.0971266300393019,0.0,0.0,0.0,6.070747323308707,False,False,False,True
SB176,10,57.0,26750.0,26754.0,4.0,-0.0935194451475672,0.0,0.0,0.0,4.698860524761235,False,False,False,True
SB176,10,58.0,26754.0,26758.0,4.0,0.1235465058761271,0.0,0.0,0.0,1.926226098187953,True,False,False,True
SB176,10,59.0,26758.0,26762.0,4.0,0.2248304019634972,0.0,0.0,0.0,5.281430069503802,False,False,False,True
SB176,10,60.0,26762.0,26766.0,4.0,-0.6294522596436553,0.0,0.0,0.0,1.507072924752296,False,False,False,True
SB176,10,61.0,26766.0,26770.0,4.0,-0.0281135296974646,0.0,0.0,0.0,1.932420298498404,False,False,False,True
SB176,10,62.0,26770.0,26774.0,4.0,0.078269225391129,0.0,0.0,0.0,2.259978178464342,False,False,False,True
SB176,10,63.0,26774.0,26778.0,4.0,0.15682908701733314,0.0,0.0,0.0,6.231348566424619,False,False,False,True
SB176,10,64.0,26778.0,26782.0,4.0,0.0551885335426368,0.0,0.0,0.0,4.861038537639166,False,False,False,True
SB176,10,65.0,26782.0,26786.0,4.0,0.0457329276124398,0.0,0.0,0.0,17.37623776318764,False,False,False,True
SB176,10,66.0,26786.0,26790.0,4.0,0.4340301659185725,0.0,0.0,0.0,1.5306403647782043,False,False,False,True
SB176,10,67.0,26790.0,26794.0,4.0,0.0032976248723281497,0.0,0.0,0.0,3.528021447956988,False,False,False,True
SB176,10,68.0,26794.0,26798.0,4.0,0.127457218721894,0.0,0.0,0.0,4.765415301456131,True,False,False,True
SB176,10,69.0,26798.0,26802.0,4.0,-0.0788161886483261,0.0,0.0,0.0,1.61758981105153,True,False,False,True
SB176,10,70.0,26802.0,26806.0,4.0,-0.1673897315616154,0.0,0.0,0.0,3.4171086165198163,False,False,False,True
SB176,10,71.0,26806.0,26810.0,4.0,0.5370877519446212,0.0,0.0,0.0,2.1605409499807022,False,False,False,True
SB176,10,72.0,26810.0,26814.0,4.0,-0.172857818400179,0.0,0.0,0.0,3.6220435775832946,False,False,False,True
SB176,10,73.0,26814.0,26818.0,4.0,0.1613146962503026,0.0,0.0,0.0,2.9321636531051007,False,False,False,True
SB176,10,75.0,26822.0,26826.0,4.0,-0.0123540213596112,0.0,0.0,0.0,0.7895253659450567,True,False,False,True
SB176,10,76.0,26826.0,26830.0,4.0,0.0084379138803617,0.0,0.0,0.0,0.9285180028773372,True,False,False,True
SB176,10,77.0,26830.0,26834.0,4.0,-0.282710653540295,0.0,0.0,0.0,2.228388666121014,False,False,False,True
SB176,10,78.0,26834.0,26838.0,4.0,0.0965114628804654,0.0,0.0,0.0,1.032394879688105,True,False,False,True
SB176,10,79.0,26838.0,26842.0,4.0,-0.101885276970602,0.0,0.0,0.0,0.8099605873837372,True,False,False,True
SB176,10,80.0,26842.0,26846.0,4.0,0.0379794851770009,0.0,0.0,0.0,0.9202182282992428,True,False,False,True
SB176,10,82.0,26850.0,26854.0,4.0,0.1128418060502105,0.0,0.0,0.0,0.8170229173780741,True,False,False,True
SB176,10,83.0,26854.0,26858.0,4.0,0.17581549387035164,0.0,0.0,0.0,2.942552690533267,False,False,False,True
SB176,10,84.0,26858.0,26862.0,4.0,0.0672516730543338,0.0,0.0,0.0,2.017136372765473,False,False,False,True
SB176,10,85.0,26862.0,26866.0,4.0,-0.24560964611477185,0.0,0.0,0.0,3.3061906503798593,False,False,False,True
SB176,10,87.0,26870.0,26874.0,4.0,-0.045918503201046144,0.0,0.0,0.0,3.465328980887905,False,False,False,True
SB176,10,88.0,26874.0,26878.0,4.0,0.2410518028242204,0.0,0.0,0.0,2.659611201465639,False,False,False,True
SB176,10,89.0,26878.0,26882.0,4.0,0.3363274206390698,0.0,0.0,0.0,3.285178571773918,False,False,False,True
SB176,10,90.0,26882.0,26886.0,4.0,-0.0345894573376606,0.0,0.0,0.0,2.463095034479964,False,False,False,True
SB176,10,91.0,26886.0,26890.0,4.0,-0.2175695810333907,0.0,0.0,0.0,2.177946565338522,False,False,False,True
SB176,10,92.0,26890.0,26894.0,4.0,-0.1022548583501532,0.0,0.0,0.0,0.8152101528319989,True,False,False,True
SB176,10,94.0,26898.0,26902.0,4.0,0.3167825396359192,0.0,0.0,0.0,5.409498792109464,False,False,False,True
SB176,10,95.0,26902.0,26906.0,4.0,0.0388238277404636,0.59375,2.375,1.0,21.181209368858507,False,False,False,True
SB176,10,96.0,26906.0,26910.0,4.0,-0.3678533157632274,0.0,0.0,0.0,3.133459136723025,False,False,False,True
SB176,10,97.0,26910.0,26914.0,4.0,-0.1685009595267391,0.0,0.0,0.0,0.7361685369513215,True,False,False,True
SB176,10,98.0,26914.0,26918.0,4.0,-0.1158689981414199,0.0,0.0,0.0,0.8444410461050245,True,False,False,True
SB176,10,100.0,26922.0,26926.0,4.0,-0.004551215617565949,0.0,0.0,0.0,1.6472835588029044,False,False,False,True
SB176,10,101.0,26926.0,26930.0,4.0,0.0018886719939328,0.0,0.0,0.0,1.5585214474747917,False,False,False,True
SB176,10,102.0,26930.0,26934.0,4.0,-0.0495213073348825,0.0,0.0,0.0,0.7540817623405653,True,False,False,True
SB176,10,103.0,26934.0,26938.0,4.0,0.1312288799242824,0.0,0.0,0.0,1.7493429146605428,False,False,False,True
SB176,10,105.0,26942.0,26946.0,4.0,-0.1499568644895313,0.0,0.0,0.0,0.5950156068135863,True,False,False,True
SB176,10,106.0,26946.0,26950.0,4.0,0.1451390894595921,0.0,0.0,0.0,0.593904434028197,True,False,False,True
SB176,10,107.0,26950.0,26954.0,4.0,0.1832726111624403,0.0,0.0,0.0,0.8171045684398761,True,False,False,True
SB176,10,108.0,26954.0,26958.0,4.0,0.2001015395744695,0.0,0.0,0.0,4.210082838060389,False,False,False,True
SB176,10,109.0,26958.0,26962.0,4.0,0.0909155746221342,0.0,0.0,0.0,2.0178075704048983,False,False,False,True
SB176,10,110.0,26962.0,26966.0,4.0,-0.1887126369400321,0.0,0.0,0.0,2.136129584096896,False,False,False,True
SB176,10,111.0,26966.0,26970.0,4.0,-0.0917209488384558,0.0,0.0,0.0,0.9495799408601068,True,False,False,True
SB176,10,112.0,26970.0,26974.0,4.0,-0.0229207677058037,0.0,0.0,0.0,1.343634259029716,False,False,False,True
SB176,10,113.0,26974.0,26978.0,4.0,0.0679151696157928,0.89453125,3.578125,1.0,4.280980225552347,False,True,True,True
SB176,10,114.0,26978.0,26982.0,4.0,-0.0032608142003574,0.0,0.0,0.0,3.741430042030074,False,False,False,True
SB176,10,118.0,26994.0,26998.0,4.0,-0.0185430981130136,0.0,0.0,0.0,0.8162022363378801,True,False,False,True
SB176,10,119.0,26998.0,27002.0,4.0,0.04626545193467735,0.0,0.0,0.0,2.3844244757994115,False,False,False,True
SB176,10,120.0,27002.0,27006.0,4.0,0.0889291485436114,0.0,0.0,0.0,8.536701241437456,False,False,False,True
SB176,10,121.0,27006.0,27010.0,4.0,0.4759661932946503,0.0,0.0,0.0,2.3386779124017276,False,False,False,True
SB176,10,122.0,27010.0,27014.0,4.0,0.3767326109019743,0.0,0.0,0.0,2.1170528849000085,False,False,False,True
SB176,10,123.0,27014.0,27018.0,4.0,0.5235509372364743,0.0,0.0,0.0,3.830208681474039,False,False,False,True
SB176,10,124.0,27018.0,27022.0,4.0,-0.7680947681959813,0.0,0.0,0.0,3.266475695414485,False,False,False,True
SB176,10,125.0,27022.0,27026.0,4.0,0.2619404166021583,0.0,0.0,0.0,4.599047969470308,False,False,False,True
SB176,10,126.0,27026.0,27030.0,4.0,-0.31078192026024687,0.0,0.0,0.0,1.9897670658232849,False,False,False,True
SB176,10,127.0,27030.0,27034.0,4.0,-0.1827089491967357,0.0,0.0,0.0,1.5758909486165775,False,False,False,True
SB176,10,128.0,27034.0,27038.0,4.0,-0.0330738390999235,0.0,0.0,0.0,0.8866977170543371,True,False,False,True
SB176,10,129.0,27038.0,27042.0,4.0,0.0928551594362745,0.0,0.0,0.0,0.8238695398839756,True,False,False,True
SB176,10,130.0,27042.0,27046.0,4.0,-0.10374805119776945,0.0,0.0,0.0,5.241816720426625,False,False,False,True
SB176,10,131.0,27046.0,27050.0,4.0,0.3147858043417255,0.0,0.0,0.0,0.8577719741389749,True,False,False,True
SB176,10,132.0,27050.0,27054.0,4.0,-0.10256677654243296,0.0,0.0,0.0,2.3392088089353837,False,False,False,True
SB176,10,133.0,27054.0,27058.0,4.0,-0.24676479978677446,0.0,0.0,0.0,3.803847353719385,False,False,False,True
SB176,10,134.0,27058.0,27062.0,4.0,-0.0194953038110867,0.0,0.0,0.0,4.882975988730687,False,False,False,True
SB176,10,135.0,27062.0,27066.0,4.0,-0.19597718234030348,0.0,0.0,0.0,4.792665535097411,False,False,False,True
SB176,10,136.0,27066.0,27070.0,4.0,-0.017767341010238955,0.822265625,3.2890625,1.0,6.208461077731889,True,True,True,True
SB176,10,137.0,27070.0,27074.0,4.0,0.00432433256435775,0.0,0.0,0.0,8.007186055798682,False,False,False,True
SB176,10,138.0,27074.0,27078.0,4.0,-0.0611220003425481,0.0,0.0,0.0,1.4637276200205456,True,False,False,True
SB176,10,139.0,27078.0,27082.0,4.0,-0.0994634226973409,0.0625,0.25,1.0,4.746787554306382,False,False,False,True
SB176,10,140.0,27082.0,27086.0,4.0,-0.033230065492946,0.7255859375,2.90234375,1.0,3.8845630381430936,,False,False,True
SB176,10,141.0,27086.0,27090.0,4.0,0.1112203592292945,0.0,0.0,0.0,1.507848284524158,False,False,False,True
SB176,10,143.0,27094.0,27098.0,4.0,0.0243291306214802,0.0,0.0,0.0,0.9219751086583692,True,False,False,True
SB176,10,144.0,27098.0,27102.0,4.0,0.0894813905734626,0.0,0.0,0.0,4.987912925750059,False,False,False,True
SB176,10,145.0,27102.0,27106.0,4.0,-0.0989112889971515,0.0,0.0,0.0,5.9548725465074215,False,False,False,True
SB176,10,146.0,27106.0,27110.0,4.0,-0.13258056200877635,0.0,0.0,0.0,2.958690985464514,False,False,False,True
SB176,10,147.0,27110.0,27114.0,4.0,0.09159768353732765,0.0,0.0,0.0,4.360433047325389,False,False,False,True
SB176,10,148.0,27114.0,27118.0,4.0,-0.1297655092119435,0.0,0.0,0.0,3.2342439310701496,False,False,False,True
SB176,10,149.0,27118.0,27122.0,4.0,0.0044450898072889,0.0,0.0,0.0,1.996753559384163,False,False,False,True
SB176,10,150.0,27122.0,27126.0,4.0,0.1152887054730739,0.0,0.0,0.0,4.155498926655368,False,False,False,True
SB176,10,151.0,27126.0,27130.0,4.0,-0.0144679506108018,0.0,0.0,0.0,0.907949439906116,True,False,False,True
SB176,10,152.0,27130.0,27134.0,4.0,0.010098673336286348,0.0,0.0,0.0,2.7232286582221215,False,False,False,True
SB176,10,153.0,27134.0,27138.0,4.0,0.18094645110472454,0.0,0.0,0.0,1.3745200571813792,False,False,False,True
SB176,10,154.0,27138.0,27142.0,4.0,0.1058696378096342,0.0,0.0,0.0,3.591050575371705,True,False,False,True
SB176,10,155.0,27142.0,27146.0,4.0,0.2195918157186837,0.0,0.0,0.0,2.447533160560236,False,False,False,True
SB176,10,156.0,27146.0,27150.0,4.0,0.14218587549772815,0.0,0.0,0.0,1.8928035113837984,False,False,False,True
SB176,10,157.0,27150.0,27154.0,4.0,0.0968997395771507,0.0,0.0,0.0,1.6823941339185216,False,False,False,True
SB176,10,158.0,27154.0,27158.0,4.0,-0.023112499523197397,0.0,0.0,0.0,3.4665563116492284,False,False,False,True
SB176,10,159.0,27158.0,27162.0,4.0,0.16076749099332155,0.0,0.0,0.0,4.265413498975985,False,False,False,True
SB176,10,161.0,27166.0,27170.0,4.0,-0.1806225273387195,0.0,0.0,0.0,1.1614112439869513,True,False,False,True
SB176,10,162.0,27170.0,27174.0,4.0,-0.0946046586411572,0.0,0.0,0.0,0.8082492216419095,True,False,False,True
SB176,10,163.0,27174.0,27178.0,4.0,-0.0684750856940303,0.0,0.0,0.0,2.7940456688156563,False,False,False,True
SB176,10,164.0,27178.0,27182.0,4.0,0.26134938360481047,0.0,0.0,0.0,3.053147145292047,False,False,False,True
SB176,10,165.0,27182.0,27186.0,4.0,0.26445078335216365,0.0,0.0,0.0,2.5377046450730747,False,False,False,True
SB176,10,166.0,27186.0,27190.0,4.0,-0.0038484139128835,0.0,0.0,0.0,2.1449372782581624,False,False,False,True
SB176,10,167.0,27190.0,27194.0,4.0,0.1311448057761537,0.5087890625,2.03515625,1.0,2.7226388862818536,False,False,False,True
SB176,10,168.0,27194.0,27198.0,4.0,-0.0408832681577556,0.4599609375,1.83984375,1.0,2.330481840389137,True,False,False,True
SB176,10,169.0,27198.0,27202.0,4.0,-0.0870967281043814,0.0,0.0,0.0,2.2244604775065153,False,False,False,True
SB176,10,170.0,27202.0,27206.0,4.0,0.0413553713981217,0.0,0.0,0.0,1.0086672813645612,True,False,False,True
SB176,10,171.0,27206.0,27210.0,4.0,0.0685642468087553,0.0,0.0,0.0,0.8634257734879701,True,False,False,True
SB176,10,172.0,27210.0,27214.0,4.0,0.0688636992114649,0.0,0.0,0.0,3.0302458972291983,False,False,False,True
SB176,10,173.0,27214.0,27218.0,4.0,-0.001951634952497,0.0,0.0,0.0,1.8055945314787307,False,False,False,True
SB176,10,175.0,27222.0,27226.0,4.0,0.19748984931801,0.0,0.0,0.0,0.9432311070404208,True,False,False,True
SB176,10,176.0,27226.0,27230.0,4.0,0.0289069545709019,0.0,0.0,0.0,4.065861213880035,False,False,False,True
SB176,10,177.0,27230.0,27234.0,4.0,0.37615518463515346,0.0,0.0,0.0,7.09949879391047,False,False,False,True
SB176,10,178.0,27234.0,27238.0,4.0,-0.0315741863990941,0.0,0.0,0.0,2.7279104950863475,False,False,False,True
SB176,10,179.0,27238.0,27242.0,4.0,0.1634978782133777,0.0,0.0,0.0,2.9848144177345075,False,False,False,True
SB176,10,180.0,27242.0,27246.0,4.0,-0.06386355998865505,0.0,0.0,0.0,1.733245158641469,False,False,False,True
SB176,10,181.0,27246.0,27250.0,4.0,-0.2880038415227567,0.0,0.0,0.0,1.7129792666154557,False,False,False,True
SB176,10,182.0,27250.0,27254.0,4.0,-0.031798045532584945,0.0,0.0,0.0,1.675188184403116,False,False,False,True
SB176,10,183.0,27254.0,27258.0,4.0,-0.04048520297424905,0.0,0.0,0.0,1.8864456021997706,False,False,False,True
SB176,10,184.0,27258.0,27262.0,4.0,0.3566172587489823,0.0,0.0,0.0,3.792556053079416,False,False,False,True
SB176,10,185.0,27262.0,27266.0,4.0,0.0106631674675372,0.0,0.0,0.0,1.879873570171387,False,False,False,True
SB176,10,186.0,27266.0,27270.0,4.0,0.0399553009738929,0.0,0.0,0.0,4.811470489541279,False,False,False,True
SB176,10,187.0,27270.0,27274.0,4.0,-0.4767992305887894,0.0,0.0,0.0,3.5303272798304235,False,False,False,True
SB176,10,188.0,27274.0,27278.0,4.0,0.0631599454713204,0.0,0.0,0.0,4.520683727627284,False,False,False,True
SB176,10,189.0,27278.0,27282.0,4.0,0.2624352358635979,0.0,0.0,0.0,1.7076873816433804,False,False,False,True
SB176,10,190.0,27282.0,27286.0,4.0,0.35106197799428085,0.0,0.0,0.0,1.786474699634839,False,False,False,True
SB176,10,191.0,27286.0,27290.0,4.0,-0.4234515974293649,0.0,0.0,0.0,2.227905475338994,False,False,False,True
SB176,10,192.0,27290.0,27294.0,4.0,-0.08027907788646961,0.0,0.0,0.0,4.007372983551352,False,False,False,True
SB176,10,193.0,27294.0,27298.0,4.0,-0.26691367557618373,0.0,0.0,0.0,4.541444249339726,False,False,False,True
SB176,10,194.0,27298.0,27302.0,4.0,-0.2157719849769782,0.0,0.0,0.0,2.660840891523703,False,False,False,True
SB176,10,195.0,27302.0,27306.0,4.0,-0.0887328448913132,0.0,0.0,0.0,4.730562032048491,False,False,False,True
SB176,10,196.0,27306.0,27310.0,4.0,0.1868148604826777,0.0,0.0,0.0,1.438845919837571,True,False,False,True
SB176,10,198.0,27314.0,27318.0,4.0,-0.0409322739548648,0.0,0.0,0.0,2.735239876486918,False,False,False,True
SB176,10,199.0,27318.0,27322.0,4.0,-0.068003765560245,0.0,0.0,0.0,2.456336286393018,False,False,False,True
SB176,10,200.0,27322.0,27326.0,4.0,-0.0536299964657051,0.0,0.0,0.0,2.395209697297317,False,False,False,True
SB176,10,201.0,27326.0,27330.0,4.0,-0.0643293197625091,0.0,0.0,0.0,2.5307761644334565,False,False,False,True
SB176,10,202.0,27330.0,27334.0,4.0,-0.0304496563030821,0.0,0.0,0.0,4.905073581209959,False,False,False,True
SB176,10,203.0,27334.0,27338.0,4.0,0.1880336338584885,0.0,0.0,0.0,5.130025337867432,False,False,False,True
SB176,10,204.0,27338.0,27342.0,4.0,-0.2270214013006202,0.0,0.0,0.0,4.362705675304824,False,False,False,True
SB176,10,205.0,27342.0,27346.0,4.0,-0.05646278706557615,0.0,0.0,0.0,1.8426947984066704,False,False,False,True
SB176,10,206.0,27346.0,27350.0,4.0,-0.10635697842886105,0.0,0.0,0.0,4.324360574886544,False,False,False,True
SB176,10,207.0,27350.0,27354.0,4.0,0.2210860250998875,0.0,0.0,0.0,9.210513175538033,False,False,False,True
SB176,10,208.0,27354.0,27358.0,4.0,0.0571400150011422,0.0,0.0,0.0,1.8851787676515837,False,False,False,True
SB176,11,3.0,27434.0,27438.0,4.0,0.1426689447444439,0.0,0.0,0.0,0.1235368821424349,True,False,False,True
SB176,11,7.0,27450.0,27454.0,4.0,-0.0639101847731477,0.0,0.0,0.0,3.610321635479119,False,False,False,True
SB176,11,8.0,27454.0,27458.0,4.0,0.0287588558725635,0.0,0.0,0.0,2.202159768506972,False,False,False,True
SB176,11,9.0,27458.0,27462.0,4.0,0.1217753072821241,0.0,0.0,0.0,0.1094526510322665,True,False,False,True
SB176,11,10.0,27462.0,27466.0,4.0,0.0250234912151973,0.0,0.0,0.0,0.118556758518402,True,False,False,True
SB176,11,11.0,27466.0,27470.0,4.0,0.0805838180065378,0.0,0.0,0.0,0.1433550834635989,True,False,False,True
SB176,11,14.0,27478.0,27482.0,4.0,-0.0933462551391285,0.0,0.0,0.0,0.1771969685546753,True,False,False,True
SB176,11,15.0,27482.0,27486.0,4.0,-0.0060705304390911,0.0,0.0,0.0,0.1645236870053363,True,False,False,True
SB176,11,16.0,27486.0,27490.0,4.0,0.0263428033373974,0.0,0.0,0.0,0.1391945351144778,True,False,False,True
SB176,11,19.0,27498.0,27502.0,4.0,-0.5712189545806532,0.0,0.0,0.0,2.974516911318072,False,False,False,True
SB176,11,20.0,27502.0,27506.0,4.0,-0.4357975947018592,0.0,0.0,0.0,3.574770101368532,False,False,False,True
SB176,12,0.0,27542.0,27546.0,4.0,0.1757257469825712,1.0,4.0,1.0,3.668115294945392,False,True,True,True
SB176,12,1.0,27546.0,27550.0,4.0,-0.1186605017035648,0.8876953125,3.55078125,1.0,1.7455197223653964,,True,True,True
SB176,12,2.0,27550.0,27554.0,4.0,-0.1316884250163187,0.0,0.0,0.0,1.4082229135992144,False,False,False,True
SB176,12,4.0,27558.0,27562.0,4.0,0.0173827298164905,0.0,0.0,0.0,0.5181307742058013,True,False,False,True
SB176,12,7.0,27570.0,27574.0,4.0,0.221077591698062,0.4609375,1.84375,1.0,1.4960259621940262,True,False,False,True
SB176,12,8.0,27574.0,27578.0,4.0,0.0638197472071539,1.0,4.0,1.0,1.3917385020345858,False,True,True,True
SB176,12,9.0,27578.0,27582.0,4.0,-0.09697851394644345,0.4140625,1.65625,1.0,2.0099888835484854,True,False,False,True
SB176,12,10.0,27582.0,27586.0,4.0,0.0009857262737848,0.0,0.0,0.0,0.5245145010302268,True,False,False,True
SB176,12,12.0,27590.0,27594.0,4.0,-0.04133845970635,0.0,0.0,0.0,0.8854884425207781,True,False,False,True
SB176,12,13.0,27594.0,27598.0,4.0,0.0129456451674028,0.0,0.0,0.0,2.306952807804978,False,False,False,True
SB176,12,18.0,27614.0,27618.0,4.0,-0.0090902408032462,0.0,0.0,0.0,0.5387739157312661,True,False,False,True
SB176,12,20.0,27622.0,27626.0,4.0,0.0090454948732482,0.0,0.0,0.0,0.4972448293382174,True,False,False,True
SB176,12,21.0,27626.0,27630.0,4.0,-0.2265554534397715,0.88671875,3.546875,1.0,2.843583551148714,,True,True,True
SB176,12,22.0,27630.0,27634.0,4.0,0.0797937365814329,1.0,4.0,5.0,4.401195270342939,,True,True,True
SB176,12,23.0,27634.0,27638.0,4.0,-0.025027849038997452,0.8603515625,3.44140625,2.0,2.0380069071100673,False,True,True,True
SB176,12,24.0,27638.0,27642.0,4.0,-0.1374984045561976,0.0,0.0,0.0,1.7137700734084218,False,False,False,True
SB176,12,25.0,27642.0,27646.0,4.0,0.1609219042110622,0.0,0.0,0.0,1.3916335849699335,False,False,False,True
SB176,12,28.0,27654.0,27658.0,4.0,-0.0264675478129312,0.0,0.0,0.0,0.4987689934998153,True,False,False,True
SB176,12,31.0,27666.0,27670.0,4.0,0.2616997305551458,0.0,0.0,0.0,1.4753462872218437,False,False,False,True
SB176,12,32.0,27670.0,27674.0,4.0,-0.1774106298042159,0.423828125,1.6953125,1.0,1.4221965069222977,False,False,False,True
SB176,12,33.0,27674.0,27678.0,4.0,0.0971730079319037,1.0,4.0,1.0,2.558615059663357,,True,True,True
SB176,12,34.0,27678.0,27682.0,4.0,0.2105436629895856,0.5693359375,2.27734375,1.0,1.5909267425794984,,False,False,True
SB176,12,35.0,27682.0,27686.0,4.0,0.1689605294294089,0.0,0.0,0.0,1.656439447553363,False,False,False,True
SB178,0,0.0,12842.0,12846.0,4.0,-0.1661664410213865,0.0,0.0,0.0,3.1735477243443486,False,False,False,True
SB178,0,1.0,12846.0,12850.0,4.0,-0.2882091075739493,0.0,0.0,0.0,3.1660044511816303,False,False,False,True
SB178,0,2.0,12850.0,12854.0,4.0,-0.0963610979537077,0.0,0.0,0.0,3.037171684423002,False,False,False,True
SB178,0,3.0,12854.0,12858.0,4.0,0.0352351775648474,0.0,0.0,0.0,2.8127813444386125,False,False,False,True
SB178,0,4.0,12858.0,12862.0,4.0,-0.0612275733256086,0.0,0.0,0.0,2.710654958477848,False,False,False,True
SB178,0,5.0,12862.0,12866.0,4.0,0.016683123954695,0.0,0.0,0.0,2.7784835381982496,False,False,False,True
SB178,0,6.0,12866.0,12870.0,4.0,0.277221464109209,0.0,0.0,0.0,2.581388867263158,False,False,False,True
SB178,0,7.0,12870.0,12874.0,4.0,0.4007045662892213,0.0,0.0,0.0,2.2306049882496093,False,False,False,True
SB178,0,13.0,12894.0,12898.0,4.0,-0.014269349702466953,0.0,0.0,0.0,2.8277387854254874,False,False,False,True
SB178,0,14.0,12898.0,12902.0,4.0,0.1730821514960912,0.0,0.0,0.0,1.4366414104988443,False,False,False,True
SB178,0,15.0,12902.0,12906.0,4.0,0.17337582999560147,0.0,0.0,0.0,33.78861545526379,False,False,False,True
SB178,0,16.0,12906.0,12910.0,4.0,-0.5587545064531632,0.0,0.0,0.0,4.613698245018631,False,False,False,True
SB178,0,17.0,12910.0,12914.0,4.0,-0.1053925718585548,0.0,0.0,0.0,2.7615002539968714,False,False,False,True
SB178,0,18.0,12914.0,12918.0,4.0,-0.1188745164352919,0.0,0.0,0.0,2.3050643866365084,False,False,False,True
SB178,0,19.0,12918.0,12922.0,4.0,-0.1428679631414066,0.0,0.0,0.0,2.4573877068311747,False,False,False,True
SB178,0,20.0,12922.0,12926.0,4.0,0.1792054871823071,0.0,0.0,0.0,2.4502260717509285,False,False,False,True
SB178,0,21.0,12926.0,12930.0,4.0,0.06301562501508019,0.0,0.0,0.0,1.7335617240879104,False,False,False,True
SB178,0,22.0,12930.0,12934.0,4.0,-0.3232333041081117,0.0,0.0,0.0,1.533548232173952,False,False,False,True
SB178,0,23.0,12934.0,12938.0,4.0,0.2115765655839244,0.0,0.0,0.0,1.3906549553960506,False,False,False,True
SB178,0,24.0,12938.0,12942.0,4.0,-0.190164352389843,0.0,0.0,0.0,1.34897777995882,False,False,False,True
SB178,0,30.0,12962.0,12966.0,4.0,-0.2184191685686443,0.0,0.0,0.0,2.233824954156537,False,False,False,True
SB178,0,31.0,12966.0,12970.0,4.0,0.21194588882408344,0.0,0.0,0.0,4.664192750027476,False,False,False,True
SB178,0,32.0,12970.0,12974.0,4.0,-0.0416236703145948,0.0,0.0,0.0,4.461207928261929,False,False,False,True
SB178,0,33.0,12974.0,12978.0,4.0,0.15996690258277904,0.0,0.0,0.0,28.523667731022304,False,False,False,True
SB178,0,39.0,12998.0,13002.0,4.0,-0.143107578758125,0.0,0.0,0.0,1.7638706101314077,False,False,False,True
SB178,0,40.0,13002.0,13006.0,4.0,0.3660987321577368,0.0,0.0,0.0,3.2795638892154395,False,False,False,True
SB178,0,41.0,13006.0,13010.0,4.0,0.1539334206331157,0.0,0.0,0.0,3.1736420797574194,False,False,False,True
SB178,0,45.0,13022.0,13026.0,4.0,0.10679551806987395,0.0,0.0,0.0,0.8192421446134874,True,False,False,True
SB178,0,63.0,13094.0,13098.0,4.0,0.29188042102743667,0.0,0.0,0.0,3.45789818142684,False,False,False,True
SB178,0,64.0,13098.0,13102.0,4.0,-0.0419857887486769,0.0,0.0,0.0,1.4318927231030338,False,False,False,True
SB178,0,71.0,13126.0,13130.0,4.0,0.2819708155766294,0.0,0.0,0.0,1.5480233656791629,False,False,False,True
SB178,0,72.0,13130.0,13134.0,4.0,0.20998015524836006,0.0,0.0,0.0,4.964205001205016,False,False,False,True
SB178,0,73.0,13134.0,13138.0,4.0,0.3091647049943109,0.0,0.0,0.0,4.022959386853043,False,False,False,True
SB178,0,74.0,13138.0,13142.0,4.0,0.3845279063268067,0.0,0.0,0.0,2.986837431397734,False,False,False,True
SB178,0,75.0,13142.0,13146.0,4.0,-0.1674408146117585,0.0,0.0,0.0,2.3563300578833504,False,False,False,True
SB178,0,93.0,13214.0,13218.0,4.0,-0.465693103844639,0.0,0.0,0.0,1.4065136633124244,False,False,False,True
SB178,0,94.0,13218.0,13222.0,4.0,-0.6497258628917019,0.0,0.0,0.0,1.3678030943631656,False,False,False,True
SB178,0,98.0,13234.0,13238.0,4.0,-0.1142274396550602,0.0,0.0,0.0,1.3412167318100388,False,False,False,True
SB178,1,1.0,13326.0,13330.0,4.0,0.5031387296364633,0.0,0.0,0.0,1.609966614844212,False,False,False,True
SB178,1,3.0,13334.0,13338.0,4.0,0.031469501327208195,0.0,0.0,0.0,0.8171097002833717,True,False,False,True
SB178,1,5.0,13342.0,13346.0,4.0,-0.1447894437145528,0.0,0.0,0.0,0.78289302338749,True,False,False,True
SB178,2,8.0,13714.0,13718.0,4.0,-0.1973497918592327,0.0,0.0,0.0,1.4894634287164743,False,False,False,True
SB178,2,11.0,13726.0,13730.0,4.0,0.1511469613961623,0.0,0.0,0.0,1.704101988122168,False,False,False,True
SB178,2,13.0,13734.0,13738.0,4.0,0.0440709683931391,0.0,0.0,0.0,1.6729170193053349,False,False,False,True
SB178,4,6.0,29606.0,29610.0,4.0,-0.1350348647500412,0.0,0.0,0.0,1.3235049906445653,False,False,False,True
SB178,4,21.0,29666.0,29670.0,4.0,0.1074967198940679,0.0,0.0,0.0,1.3087132215519393,False,False,False,True
SB178,4,22.0,29670.0,29674.0,4.0,-0.141454557634908,0.0,0.0,0.0,1.4462792992731155,False,False,False,True
SB178,5,6.0,30086.0,30090.0,4.0,-0.03179538184032351,0.0,0.0,0.0,0.6446538529661016,True,False,False,True
SB178,5,26.0,30166.0,30170.0,4.0,-0.2161748408914426,0.0,0.0,0.0,1.3349924057255755,False,False,False,True
SB178,5,28.0,30174.0,30178.0,4.0,0.11653862716036295,0.0,0.0,0.0,0.5858272034200758,True,False,False,True
SB178,5,30.0,30182.0,30186.0,4.0,-0.14632988491891769,0.0,0.0,0.0,0.6536207765077049,True,False,False,True
SB178,5,31.0,30186.0,30190.0,4.0,-0.3350453533778896,0.0,0.0,0.0,1.3139642429846192,False,False,False,True
SB178,5,33.0,30194.0,30198.0,4.0,0.2429643691650139,0.0,0.0,0.0,1.3306276826150931,False,False,False,True
SB178,5,35.0,30202.0,30206.0,4.0,0.0440014971974319,0.0,0.0,0.0,0.4559616286807181,True,False,False,True
SB178,5,41.0,30226.0,30230.0,4.0,-0.0542633388485108,0.0,0.0,0.0,3.4203772025042847,False,False,False,True
SB178,5,47.0,30250.0,30254.0,4.0,-0.0091504072307295,0.0,0.0,0.0,13.597321143333094,False,False,False,True
SB178,5,48.0,30254.0,30258.0,4.0,0.2709898726977825,0.0,0.0,0.0,2.7361100718151956,False,False,False,True
SB178,5,49.0,30258.0,30262.0,4.0,0.1364975104808862,0.0,0.0,0.0,5.208690217736401,False,False,False,True
SB178,7,0.0,30572.0,30576.0,4.0,-0.0985974203170787,0.0,0.0,0.0,1.6190805791172027,False,False,False,True
SB178,7,1.0,30576.0,30580.0,4.0,0.042548794281593,0.0,0.0,0.0,1.4346253926918893,False,False,False,True
SB178,7,2.0,30580.0,30584.0,4.0,0.1545113734979375,0.0,0.0,0.0,1.4640895775693274,False,False,False,True
SB178,7,14.0,30628.0,30632.0,4.0,0.046993103368233646,0.1962890625,0.78515625,1.0,2.3530398000334345,False,False,False,True
SB178,7,15.0,30632.0,30636.0,4.0,-0.2386501480252113,1.0,4.0,1.0,8.32610833229943,,True,True,True
SB178,7,16.0,30636.0,30640.0,4.0,-0.0831314997291782,1.0,4.0,1.0,5.105113798576252,False,True,True,True
SB178,7,17.0,30640.0,30644.0,4.0,-0.5641500054795555,1.0,4.0,1.0,6.751159393713557,,True,True,True
SB178,7,18.0,30644.0,30648.0,4.0,-0.3180424803143396,0.0849609375,0.33984375,1.0,3.193537093764469,False,False,False,True
SB178,7,19.0,30648.0,30652.0,4.0,-0.1399709110717802,0.0,0.0,0.0,1.3012283396530036,False,False,False,True
SB178,7,23.0,30664.0,30668.0,4.0,-0.230179849965418,0.9296875,3.71875,1.0,2.7995024918268028,False,True,True,True
SB178,7,24.0,30668.0,30672.0,4.0,-0.2060661938772602,0.0,0.0,0.0,1.568915558415051,False,False,False,True
SB178,7,25.0,30672.0,30676.0,4.0,0.0896451209928118,0.0,0.0,0.0,1.3363501240053408,False,False,False,True
SB178,7,26.0,30676.0,30680.0,4.0,-0.0128668311792365,0.0,0.0,0.0,1.5122670453399425,False,False,False,True
SB178,7,27.0,30680.0,30684.0,4.0,-0.1940504351558352,0.0,0.0,0.0,1.3169436148348912,False,False,False,True
SB178,7,48.0,30764.0,30768.0,4.0,-0.0768681822617026,0.0,0.0,0.0,5.742135972071597,False,False,False,True
SB178,7,50.0,30772.0,30776.0,4.0,0.08644213299060055,0.0,0.0,0.0,0.610792180976789,True,False,False,True
SB178,7,54.0,30788.0,30792.0,4.0,-0.14127749187254796,0.0,0.0,0.0,0.8453353899151901,True,False,False,True
SB178,7,62.0,30820.0,30824.0,4.0,-0.1155951650362591,0.0,0.0,0.0,7.602164960383343,False,False,False,True
SB178,7,65.0,30832.0,30836.0,4.0,0.04057964458106139,0.0,0.0,0.0,0.6701499916342814,True,False,False,True
SB178,7,67.0,30840.0,30844.0,4.0,-0.0049637772736478986,0.0,0.0,0.0,0.6566979486174243,True,False,False,True
SB178,7,70.0,30852.0,30856.0,4.0,-0.029774087423515255,0.0,0.0,0.0,0.5435880177989537,True,False,False,True
SB178,7,71.0,30856.0,30860.0,4.0,0.01175819973637315,0.0,0.0,0.0,0.6086933075008134,True,False,False,True
SB178,8,0.0,30902.0,30906.0,4.0,0.0986337128822773,0.0,0.0,0.0,7.636335066926675,False,False,False,True
SB178,8,1.0,30906.0,30910.0,4.0,0.0980009365942774,0.0,0.0,0.0,6.257208471817067,False,False,False,True
SB178,8,2.0,30910.0,30914.0,4.0,-0.0623711509417796,0.0,0.0,0.0,3.231274574149741,False,False,False,True
SB178,8,4.0,30918.0,30922.0,4.0,0.0989049099959026,0.0,0.0,0.0,1.361158123494916,False,False,False,True
SB178,8,8.0,30934.0,30938.0,4.0,0.0568277719874046,0.0,0.0,0.0,0.6941022657213566,True,False,False,True
SB178,8,28.0,31014.0,31018.0,4.0,-0.1155644566008855,0.0,0.0,0.0,1.4526564427658868,False,False,False,True
SB178,8,29.0,31018.0,31022.0,4.0,-0.2409666662129058,0.0,0.0,0.0,2.1406774614196107,False,False,False,True
SB178,8,35.0,31042.0,31046.0,4.0,-0.2491632528759689,0.0,0.0,0.0,0.7951322476739078,True,False,False,True
SB178,8,39.0,31058.0,31062.0,4.0,-0.0240236140010069,0.0,0.0,0.0,1.6425271334832678,False,False,False,True
SB178,8,41.0,31066.0,31070.0,4.0,0.0520099850967256,0.0,0.0,0.0,2.8670003022672588,False,False,False,True
SB178,8,42.0,31070.0,31074.0,4.0,0.0676150215740249,0.0,0.0,0.0,1.8665697688064624,False,False,False,True
SB178,8,43.0,31074.0,31078.0,4.0,0.2598168805312105,0.0,0.0,0.0,6.710279412951816,False,False,False,True
SB178,8,47.0,31090.0,31094.0,4.0,-0.0478020681992736,0.0,0.0,0.0,1.7284217590671072,False,False,False,True
TJ127,0,10.0,20202.0,20206.0,4.0,-0.0984659354738762,0.0,0.0,0.0,1.6873807648066574,False,False,False,True
TJ127,0,12.0,20210.0,20214.0,4.0,-0.1517830821150946,0.0,0.0,0.0,1.988937877296352,False,False,False,True
TJ127,0,19.0,20238.0,20242.0,4.0,0.2167578613219323,0.0,0.0,0.0,1.336126283501906,False,False,False,True
TJ127,0,21.0,20246.0,20250.0,4.0,0.1607839744456397,0.701171875,2.8046875,1.0,1.3165555894428569,,False,False,True
TJ127,0,26.0,20266.0,20270.0,4.0,-0.1705071100735842,0.0,0.0,0.0,1.310235870282276,False,False,False,True
TJ127,0,27.0,20270.0,20274.0,4.0,-0.0365824710567233,0.0,0.0,0.0,2.031464286284252,False,False,False,True
TJ127,0,30.0,20282.0,20286.0,4.0,0.0444606142622279,0.0,0.0,0.0,1.4317502705380216,False,False,False,True
TJ127,0,31.0,20286.0,20290.0,4.0,-0.04482081808708055,0.646484375,2.5859375,1.0,1.4495107078616718,False,False,False,True
TJ127,0,32.0,20290.0,20294.0,4.0,-0.0078177470381626,0.0,0.0,0.0,2.174905746218573,False,False,False,True
TJ127,0,34.0,20298.0,20302.0,4.0,-0.34294715115692254,0.0126953125,0.05078125,1.0,1.5618279051772523,False,False,False,True
TJ127,0,35.0,20302.0,20306.0,4.0,0.012262875443220852,1.0,4.0,1.0,1.5074481517600407,False,True,True,True
TJ127,0,36.0,20306.0,20310.0,4.0,-0.0241634345057641,1.0,4.0,1.0,2.8599557214655795,,True,True,True
TJ127,0,37.0,20310.0,20314.0,4.0,0.0781965227246391,0.4052734375,1.62109375,1.0,1.3126236115933156,False,False,False,True
TJ127,0,38.0,20314.0,20318.0,4.0,0.0006531134601900496,1.0,4.0,1.0,2.13220859297139,False,True,True,True
TJ127,0,39.0,20318.0,20322.0,4.0,0.1522217216652981,1.0,4.0,1.0,2.717648453194802,,True,True,True
TJ127,0,40.0,20322.0,20326.0,4.0,-0.3372587741199849,0.4267578125,1.70703125,1.0,1.5193562776806495,False,False,False,True
TJ127,0,42.0,20330.0,20334.0,4.0,-0.0752018161997069,0.0,0.0,0.0,1.3039498319622267,False,False,False,True
TJ127,0,43.0,20334.0,20338.0,4.0,-0.08269632791778884,0.0,0.0,0.0,1.7650032597614067,False,False,False,True
TJ127,0,47.0,20350.0,20354.0,4.0,0.11403566342688595,0.0,0.0,0.0,1.667061720927114,False,False,False,True
TJ127,0,53.0,20374.0,20378.0,4.0,0.0419124237714133,0.0,0.0,0.0,2.1448489161675277,False,False,False,True
TJ127,0,55.0,20382.0,20386.0,4.0,-0.1718804233599039,0.0,0.0,0.0,1.3519419708202105,False,False,False,True
TJ127,0,56.0,20386.0,20390.0,4.0,-0.3311870051763098,0.0,0.0,0.0,1.590714907324874,False,False,False,True
TJ127,0,59.0,20398.0,20402.0,4.0,0.2145540440301994,0.93359375,3.734375,1.0,1.4862676133567732,,True,True,True
TJ127,0,60.0,20402.0,20406.0,4.0,0.0634773131033195,0.0,0.0,0.0,1.342997876314522,False,False,False,True
TJ127,0,63.0,20414.0,20418.0,4.0,-0.0628742357933299,0.0,0.0,0.0,1.3692658307876562,False,False,False,True
TJ127,0,65.0,20422.0,20426.0,4.0,0.1392719881515129,1.0,4.0,1.0,2.70392262116952,,True,True,True
TJ127,0,66.0,20426.0,20430.0,4.0,-0.1642504088818036,0.5615234375,2.24609375,1.0,2.068751392618178,,False,False,True
TJ127,0,67.0,20430.0,20434.0,4.0,0.2223747366294166,0.0,0.0,0.0,1.7109097932346606,False,False,False,True
TJ127,0,71.0,20446.0,20450.0,4.0,-0.1785752795381762,0.0,0.0,0.0,1.3798327929597751,False,False,False,True
TJ127,0,72.0,20450.0,20454.0,4.0,0.1842574743519996,0.6328125,2.53125,1.0,1.6757060786102065,,False,False,True
TJ127,0,73.0,20454.0,20458.0,4.0,0.0936589318195712,1.0,4.0,1.0,7.940483642157832,,True,True,True
TJ127,0,74.0,20458.0,20462.0,4.0,0.200738073117224,1.0,4.0,1.0,14.706825327136505,,True,True,True
TJ127,0,75.0,20462.0,20466.0,4.0,0.0623343464098004,1.0,4.0,1.0,11.191369860774916,,True,True,True
TJ127,0,76.0,20466.0,20470.0,4.0,0.0670220032475405,1.0,4.0,1.0,15.7608999567653,,True,True,True
TJ127,0,77.0,20470.0,20474.0,4.0,0.0474008344851799,1.0,4.0,1.0,18.931911828239617,,True,True,True
TJ127,0,78.0,20474.0,20478.0,4.0,-0.0763065403105705,1.0,4.0,1.0,23.85478408887524,,True,True,True
TJ127,0,79.0,20478.0,20482.0,4.0,0.3862124968741457,1.0,4.0,1.0,26.706878752446503,,True,True,True
TJ127,0,80.0,20482.0,20486.0,4.0,-0.0120991591389702,1.0,4.0,1.0,25.556044815297778,,True,True,True
TJ127,0,81.0,20486.0,20490.0,4.0,-0.0307827484947903,1.0,4.0,1.0,29.33904385528365,,True,True,True
TJ127,0,82.0,20490.0,20494.0,4.0,0.131414123953514,1.0,4.0,1.0,47.16898402565961,,True,True,True
TJ127,0,83.0,20494.0,20498.0,4.0,0.1029990337211272,1.0,4.0,1.0,17.938768233818248,,True,True,True
TJ127,0,84.0,20498.0,20502.0,4.0,0.0424767128040984,1.0,4.0,1.0,6.409814154191701,,True,True,True
TJ127,0,85.0,20502.0,20506.0,4.0,-0.2437173946510466,1.0,4.0,1.0,2.765201047924738,,True,True,True
TJ127,0,86.0,20506.0,20510.0,4.0,0.0427481528675841,1.0,4.0,1.0,2.337441837717747,,True,True,True
TJ127,0,87.0,20510.0,20514.0,4.0,-0.1091378875728735,1.0,4.0,1.0,2.899284236958675,,True,True,True
TJ127,0,88.0,20514.0,20518.0,4.0,-0.1096809254548743,0.76171875,3.046875,1.0,1.769462181232825,,True,True,True
TJ127,0,89.0,20518.0,20522.0,4.0,0.0667747424314729,0.0,0.0,0.0,1.8567554906319648,False,False,False,True
TJ127,0,90.0,20522.0,20526.0,4.0,-0.0309837856694072,0.1298828125,0.51953125,1.0,2.701763867453685,False,False,False,True
TJ127,0,91.0,20526.0,20530.0,4.0,0.0145863962233872,1.0,4.0,1.0,10.929451535541864,,True,True,True
TJ127,0,92.0,20530.0,20534.0,4.0,-0.0444093423690731,0.1904296875,0.76171875,1.0,1.6918497792634102,False,False,False,True
TJ127,0,93.0,20534.0,20538.0,4.0,0.0559843261635068,0.0,0.0,0.0,1.908359771328764,False,False,False,True
TJ127,0,95.0,20542.0,20546.0,4.0,-0.0072647019541459,0.0,0.0,0.0,2.032018838344434,False,False,False,True
TJ127,0,96.0,20546.0,20550.0,4.0,-0.0022818887084272,0.0,0.0,0.0,2.2527323882252195,False,False,False,True
TJ127,0,97.0,20550.0,20554.0,4.0,-0.395461201420455,0.0,0.0,0.0,1.6221803274837212,False,False,False,True
TJ127,0,101.0,20566.0,20570.0,4.0,-0.1506655326732598,0.2236328125,0.89453125,1.0,1.5629879148451484,False,False,False,True
TJ127,0,102.0,20570.0,20574.0,4.0,-0.2856735070635325,0.5126953125,2.05078125,1.0,1.3500830485068216,,False,False,True
TJ127,0,103.0,20574.0,20578.0,4.0,0.4124333371868804,1.0,4.0,1.0,5.538782244149902,,True,True,True
TJ127,0,104.0,20578.0,20582.0,4.0,-0.1074167932478933,1.0,4.0,1.0,2.867117617378135,,True,True,True
TJ127,0,105.0,20582.0,20586.0,4.0,-0.0189874941087937,1.0,4.0,1.0,2.744666050018284,,True,True,True
TJ127,0,106.0,20586.0,20590.0,4.0,0.2462147682193781,0.2392578125,0.95703125,1.0,1.4860520205607477,False,False,False,True
TJ127,0,107.0,20590.0,20594.0,4.0,0.0075940909369293,0.0,0.0,0.0,1.484566787749844,False,False,False,True
TJ127,0,111.0,20606.0,20610.0,4.0,0.3294041650250174,0.4501953125,1.80078125,1.0,1.1682599340646411,True,False,False,True
TJ127,0,112.0,20610.0,20614.0,4.0,-0.0744925132937743,0.0,0.0,0.0,1.5666817466232676,False,False,False,True
TJ127,0,115.0,20622.0,20626.0,4.0,0.0708629064932202,0.0,0.0,0.0,1.359029532400711,False,False,False,True
TJ127,0,121.0,20646.0,20650.0,4.0,0.2242084103495424,0.0,0.0,0.0,1.328749420862949,False,False,False,True
TJ127,0,125.0,20662.0,20666.0,4.0,0.0275134426805937,1.0,4.0,1.0,14.610815123412433,,True,True,True
TJ127,1,0.0,28172.0,28176.0,4.0,-0.0320065526122741,0.0,0.0,0.0,1.3576492694943003,False,False,False,True
TJ127,1,1.0,28176.0,28180.0,4.0,-0.0879348741991621,0.0,0.0,0.0,1.5280212092181713,False,False,False,True
TJ127,1,3.0,28184.0,28188.0,4.0,-0.2417660174767071,0.0,0.0,0.0,1.6009044249885969,False,False,False,True
TJ127,1,11.0,28216.0,28220.0,4.0,-0.0508320344820824,0.0,0.0,0.0,1.4124206335184846,False,False,False,True
TJ127,1,12.0,28220.0,28224.0,4.0,-0.1522173299995943,0.0,0.0,0.0,1.5462143273362934,False,False,False,True
TJ127,1,13.0,28224.0,28228.0,4.0,0.0260461083153581,0.0,0.0,0.0,1.5641522774419825,False,False,False,True
TJ127,1,14.0,28228.0,28232.0,4.0,-0.3679204327889945,0.0,0.0,0.0,1.3430345269150872,False,False,False,True
TJ127,1,17.0,28240.0,28244.0,4.0,0.3834053206605432,0.0,0.0,0.0,1.4954951419957672,False,False,False,True
TJ127,1,19.0,28248.0,28252.0,4.0,0.0418476222721077,0.0,0.0,0.0,1.3621113835718832,False,False,False,True
TJ127,1,21.0,28256.0,28260.0,4.0,0.0281548950639365,0.0,0.0,0.0,2.6901471162142583,False,False,False,True
TJ127,1,26.0,28276.0,28280.0,4.0,-0.0928242518255444,0.0,0.0,0.0,1.94272648553453,False,False,False,True
TJ127,1,28.0,28284.0,28288.0,4.0,-0.191581748937382,0.310546875,1.2421875,1.0,1.696538767272518,False,False,False,True
TJ127,1,30.0,28292.0,28296.0,4.0,0.20020287896716,0.0,0.0,0.0,1.3365633673344768,False,False,False,True
TJ127,1,33.0,28304.0,28308.0,4.0,0.1080101593151468,0.0,0.0,0.0,1.7250746283330354,False,False,False,True
TJ127,1,34.0,28308.0,28312.0,4.0,0.0144085113272761,0.0,0.0,0.0,2.732014005903906,False,False,False,True
TJ127,1,35.0,28312.0,28316.0,4.0,0.2756361463450712,0.0,0.0,0.0,1.6650671135660324,False,False,False,True
TJ127,1,36.0,28316.0,28320.0,4.0,-0.1913018779452719,0.0,0.0,0.0,1.6940572040676394,False,False,False,True
TJ127,1,38.0,28324.0,28328.0,4.0,0.3758193835593619,0.0,0.0,0.0,1.6744507509040298,False,False,False,True
TJ127,1,41.0,28336.0,28340.0,4.0,0.0972931609687066,0.0,0.0,0.0,1.7080881400093604,False,False,False,True
TJ127,1,46.0,28356.0,28360.0,4.0,0.0371640833111429,0.0,0.0,0.0,2.4090345381619462,False,False,False,True
TJ127,1,47.0,28360.0,28364.0,4.0,0.03605249839561,0.0,0.0,0.0,1.3561273014150534,False,False,False,True
TJ127,1,48.0,28364.0,28368.0,4.0,-0.1037242398546286,0.0,0.0,0.0,1.3132133827951094,False,False,False,True
TJ127,1,50.0,28372.0,28376.0,4.0,0.1135972762044212,0.0,0.0,0.0,1.3179048600840284,False,False,False,True
TJ127,1,52.0,28380.0,28384.0,4.0,-0.2353384283118541,0.5849609375,2.33984375,1.0,1.4768936587484156,,False,False,True
TJ127,1,53.0,28384.0,28388.0,4.0,-0.0241027255119906,0.0,0.0,0.0,1.6545957336099129,False,False,False,True
TJ127,1,54.0,28388.0,28392.0,4.0,-0.00881047744557,0.0,0.0,0.0,2.131666292786221,False,False,False,True
TJ127,1,55.0,28392.0,28396.0,4.0,-0.0699198959793701,0.0,0.0,0.0,1.7394330165381853,False,False,False,True
TJ127,1,59.0,28408.0,28412.0,4.0,0.1475680894454495,0.0,0.0,0.0,1.4054634724657484,False,False,False,True
TJ127,1,62.0,28420.0,28424.0,4.0,-0.1066381816332917,0.0,0.0,0.0,1.3314298692898516,False,False,False,True
TJ127,1,65.0,28432.0,28436.0,4.0,0.0611158286805663,0.0,0.0,0.0,1.4146488425535793,False,False,False,True
TJ127,1,70.0,28452.0,28456.0,4.0,0.1042300479082634,0.0,0.0,0.0,1.4794822961136915,False,False,False,True
TJ127,2,0.0,28502.0,28506.0,4.0,-0.1832129154201875,1.0,4.0,1.0,3.615517117077653,,True,True,True
TJ127,2,1.0,28506.0,28510.0,4.0,0.08295922078642234,1.0,4.0,2.0,6.399404334233907,,True,True,True
TJ127,2,2.0,28510.0,28514.0,4.0,-0.11471264625988085,1.0,4.0,2.0,11.613064080223886,,True,True,True
TJ127,2,3.0,28514.0,28518.0,4.0,-0.0297584508838882,1.0,4.0,1.0,4.468711469441025,,True,True,True
TJ127,2,4.0,28518.0,28522.0,4.0,-0.2816543502385299,1.0,4.0,1.0,2.390312546188876,,True,True,True
TJ127,2,5.0,28522.0,28526.0,4.0,-0.0073109468299906,1.0,4.0,1.0,3.0414947720420926,,True,True,True
TJ127,2,6.0,28526.0,28530.0,4.0,-0.0393108995327456,0.3720703125,1.48828125,1.0,1.8473701893122108,False,False,False,True
TJ127,2,7.0,28530.0,28534.0,4.0,-0.027295841581174,0.1220703125,0.48828125,1.0,1.6851362806387395,False,False,False,True
TJ127,2,8.0,28534.0,28538.0,4.0,0.173618311384479,1.0,4.0,1.0,4.2246444535211625,,True,True,True
TJ127,2,9.0,28538.0,28542.0,4.0,0.0282409954455946,1.0,4.0,1.0,4.697400587553657,,True,True,True
TJ127,2,10.0,28542.0,28546.0,4.0,-0.0024549030243353,1.0,4.0,1.0,3.322505564894626,,True,True,True
TJ127,2,11.0,28546.0,28550.0,4.0,0.0205252532660654,1.0,4.0,1.0,3.5651935094707943,,True,True,True
TJ127,2,12.0,28550.0,28554.0,4.0,-0.0843274366303827,1.0,4.0,1.0,3.841847808302381,,True,True,True
TJ127,2,13.0,28554.0,28558.0,4.0,-0.2354295581795648,1.0,4.0,1.0,4.006129781832673,,True,True,True
TJ127,2,14.0,28558.0,28562.0,4.0,0.0621730918082565,1.0,4.0,1.0,5.50007604436384,,True,True,True
TJ127,2,15.0,28562.0,28566.0,4.0,-0.2289688269039522,1.0,4.0,1.0,5.2554779664841,,True,True,True
TJ127,2,16.0,28566.0,28570.0,4.0,-0.0829956635286392,1.0,4.0,1.0,4.982424202694362,,True,True,True
TJ127,2,17.0,28570.0,28574.0,4.0,-0.031135014922089553,1.0,4.0,1.0,2.416597909880123,False,True,True,True
TJ127,2,18.0,28574.0,28578.0,4.0,0.08195505695396724,0.9287109375,3.71484375,1.0,1.6226641242009257,False,True,True,True
TJ127,2,20.0,28582.0,28586.0,4.0,-0.0003889786073919,0.0,0.0,0.0,1.5774922072932005,False,False,False,True
TJ127,2,21.0,28586.0,28590.0,4.0,-0.0102677817849331,0.0,0.0,0.0,1.9008869964298891,False,False,False,True
TJ127,2,22.0,28590.0,28594.0,4.0,0.08616148878614294,1.0,4.0,1.0,1.8039355745693744,False,True,True,True
TJ127,2,23.0,28594.0,28598.0,4.0,0.048624849130314146,1.0,4.0,2.0,1.9917663441584594,,True,True,True
TJ127,2,24.0,28598.0,28602.0,4.0,0.25797544107918724,1.0,4.0,2.0,5.143832667234985,,True,True,True
TJ127,2,25.0,28602.0,28606.0,4.0,0.0436716785676343,1.0,4.0,1.0,3.0756439273866265,False,True,True,True
TJ127,2,26.0,28606.0,28610.0,4.0,0.16389047604479,1.0,4.0,1.0,4.328496190082209,False,True,True,True
TJ127,2,27.0,28610.0,28614.0,4.0,-0.1030728214966675,1.0,4.0,1.0,13.297676126424015,,True,True,True
TJ127,2,28.0,28614.0,28618.0,4.0,0.1410280751726298,1.0,4.0,1.0,5.309252822963683,,True,True,True
TJ127,2,29.0,28618.0,28622.0,4.0,-0.0944122044535284,1.0,4.0,1.0,14.26806902221916,,True,True,True
TJ127,2,30.0,28622.0,28626.0,4.0,0.0096886315086169,1.0,4.0,1.0,11.356575661797882,,True,True,True
TJ127,2,31.0,28626.0,28630.0,4.0,0.0125794805755406,1.0,4.0,1.0,4.043668430779055,,True,True,True
TJ127,2,32.0,28630.0,28634.0,4.0,-0.090481395533443,1.0,4.0,1.0,3.8397805169898698,,True,True,True
TJ127,2,33.0,28634.0,28638.0,4.0,0.3265245260132835,1.0,4.0,2.0,1.9214602580675417,,True,True,True
TJ127,2,34.0,28638.0,28642.0,4.0,0.23227196782736906,1.0,4.0,2.0,2.2713593186219168,,True,True,True
TJ127,2,35.0,28642.0,28646.0,4.0,0.014271327130500852,1.0,4.0,1.0,2.535073594196769,False,True,True,True
TJ127,2,36.0,28646.0,28650.0,4.0,-0.004300087137643155,0.646484375,2.5859375,1.0,1.7420118960542168,False,False,False,True
TJ127,2,37.0,28650.0,28654.0,4.0,0.01574569983347895,0.0234375,0.09375,1.0,1.6601752794134885,False,False,False,True
TJ127,2,38.0,28654.0,28658.0,4.0,0.1517181077619537,1.0,4.0,1.0,4.305685323614562,,True,True,True
TJ127,2,39.0,28658.0,28662.0,4.0,0.1813436522040224,1.0,4.0,1.0,2.490844841395888,,True,True,True
TJ127,2,40.0,28662.0,28666.0,4.0,-0.04753953994522825,0.5556640625,2.22265625,1.0,1.4624623759705255,False,False,False,True
TJ127,2,41.0,28666.0,28670.0,4.0,-0.016871554114165403,0.0,0.0,0.0,1.4227238631674748,False,False,False,True
TJ127,2,42.0,28670.0,28674.0,4.0,0.151653445713192,0.0,0.0,0.0,1.447287753005638,False,False,False,True
TJ127,2,43.0,28674.0,28678.0,4.0,0.05471254375747985,0.0,0.0,0.0,1.870966764576988,False,False,False,True
TJ127,2,44.0,28678.0,28682.0,4.0,0.04055106981024925,0.0,0.0,0.0,1.7867252882861937,False,False,False,True
TJ127,2,45.0,28682.0,28686.0,4.0,0.036647026038321,0.0,0.0,0.0,1.6032457212476312,False,False,False,True
TJ127,2,46.0,28686.0,28690.0,4.0,-0.2561138388834607,0.0,0.0,0.0,1.7070389040601297,False,False,False,True
TJ127,2,47.0,28690.0,28694.0,4.0,-0.0832497874250369,0.0,0.0,0.0,2.2230332045288144,False,False,False,True
TJ127,2,48.0,28694.0,28698.0,4.0,-0.06168736645498475,0.0,0.0,0.0,1.7749679776504275,False,False,False,True
TJ127,2,49.0,28698.0,28702.0,4.0,0.11725006478596825,0.0,0.0,0.0,1.3852021248057147,False,False,False,True
TJ127,2,50.0,28702.0,28706.0,4.0,-0.11258899927115934,0.0,0.0,0.0,1.3516692982110179,False,False,False,True
TJ127,2,51.0,28706.0,28710.0,4.0,0.08376364433078304,0.0,0.0,0.0,1.4526842246875251,False,False,False,True
TJ127,2,52.0,28710.0,28714.0,4.0,0.1817834294282556,0.2802734375,1.12109375,1.0,1.4511922615096713,False,False,False,True
TJ127,2,53.0,28714.0,28718.0,4.0,-0.2319695930709922,0.572265625,2.2890625,1.0,1.6641842455429183,,False,False,True
TJ127,2,54.0,28718.0,28722.0,4.0,0.1066435381350996,0.0,0.0,0.0,1.561918213360394,False,False,False,True
TJ127,2,55.0,28722.0,28726.0,4.0,-0.0255825594847043,0.0,0.0,0.0,1.395681861459581,False,False,False,True
TJ127,2,56.0,28726.0,28730.0,4.0,-0.13062727629167925,0.0,0.0,0.0,1.412167537910911,False,False,False,True
TJ127,2,57.0,28730.0,28734.0,4.0,0.04458809161695585,0.9423828125,3.76953125,1.0,1.5126787281399416,False,True,True,True
TJ127,2,58.0,28734.0,28738.0,4.0,0.1009855791293364,1.0,4.0,1.0,1.9878259310306352,False,True,True,True
TJ127,2,59.0,28738.0,28742.0,4.0,-0.068830236899412,0.4951171875,1.98046875,1.0,1.3758000992545367,False,False,False,True
TJ127,2,61.0,28746.0,28750.0,4.0,0.0262558668501859,0.0,0.0,0.0,1.379332425980785,False,False,False,True
TJ127,2,67.0,28770.0,28774.0,4.0,-0.0930633375763455,0.0,0.0,0.0,1.702470544967078,False,False,False,True
TJ127,2,68.0,28774.0,28778.0,4.0,-0.10899930823523844,0.080078125,0.3203125,1.0,1.5489900392462288,False,False,False,True
TJ127,2,69.0,28778.0,28782.0,4.0,0.0921200879417436,1.0,4.0,1.0,1.6666866560326739,False,True,True,True
TJ127,2,70.0,28782.0,28786.0,4.0,-0.0261882969217618,1.0,4.0,1.0,1.6077613070068968,,True,True,True
TJ127,2,71.0,28786.0,28790.0,4.0,0.0020879789428285,1.0,4.0,1.0,1.6756625573537864,,True,True,True
TJ127,2,72.0,28790.0,28794.0,4.0,-0.013775874196347302,0.2001953125,0.80078125,1.0,1.3482006211668243,False,False,False,True
TJ127,2,73.0,28794.0,28798.0,4.0,-0.0642294319492846,0.0,0.0,0.0,1.532255578196321,False,False,False,True
TJ127,2,74.0,28798.0,28802.0,4.0,0.0108127406170911,0.0,0.0,0.0,1.3728816429628827,False,False,False,True
TJ127,2,75.0,28802.0,28806.0,4.0,-0.1188842790218911,0.0,0.0,0.0,1.3761806242776944,False,False,False,True
TJ127,2,78.0,28814.0,28818.0,4.0,-0.0017629782394761,0.0,0.0,0.0,1.5195690900675245,False,False,False,True
TJ127,2,79.0,28818.0,28822.0,4.0,-0.0993658078511154,0.0,0.0,0.0,2.0148076225940312,False,False,False,True
TJ127,2,80.0,28822.0,28826.0,4.0,0.0193300867082159,0.0,0.0,0.0,1.466615886184579,False,False,False,True
TJ127,3,0.0,28862.0,28866.0,4.0,-0.0392932318258106,1.0,4.0,1.0,34.682842284722085,,True,True,True
TJ127,3,1.0,28866.0,28870.0,4.0,0.2105375927055635,0.71875,2.875,1.0,10.895829837554375,,False,False,True
TJ127,3,2.0,28870.0,28874.0,4.0,0.0761050162263766,0.0,0.0,0.0,7.510516998870186,False,False,False,True
TJ127,3,3.0,28874.0,28878.0,4.0,-0.0688533565003611,0.0,0.0,0.0,3.320446122762112,False,False,False,True
TJ127,3,4.0,28878.0,28882.0,4.0,0.0997988179812004,0.0,0.0,0.0,3.007096330685233,False,False,False,True
TJ127,3,6.0,28886.0,28890.0,4.0,0.0632465766461198,1.0,4.0,1.0,3.2364798297015933,,True,True,True
TJ127,3,7.0,28890.0,28894.0,4.0,0.0223665304691452,1.0,4.0,1.0,3.865624128840721,,True,True,True
TJ127,3,8.0,28894.0,28898.0,4.0,0.009930814969282302,1.0,4.0,1.0,2.537968270827611,False,True,True,True
TJ127,3,9.0,28898.0,28902.0,4.0,-0.0892188982615726,1.0,4.0,1.0,2.839997988195313,,True,True,True
TJ127,3,10.0,28902.0,28906.0,4.0,-0.0029581434827488,1.0,4.0,1.0,2.006474451253335,,True,True,True
TJ127,3,11.0,28906.0,28910.0,4.0,-0.0283896599057247,1.0,4.0,1.0,2.02375175189109,,True,True,True
TJ127,3,12.0,28910.0,28914.0,4.0,-0.0285800080340978,1.0,4.0,1.0,2.18324475720666,,True,True,True
TJ127,3,13.0,28914.0,28918.0,4.0,-0.0782038443017411,1.0,4.0,1.0,1.996458920875896,,True,True,True
TJ127,3,14.0,28918.0,28922.0,4.0,-0.0781617863465493,1.0,4.0,1.0,2.120841701720566,,True,True,True
TJ127,3,15.0,28922.0,28926.0,4.0,-0.1219365969977993,1.0,4.0,1.0,1.955403712274029,,True,True,True
TJ127,3,16.0,28926.0,28930.0,4.0,0.04916973909544625,1.0,4.0,1.0,1.705831542906186,False,True,True,True
TJ127,3,17.0,28930.0,28934.0,4.0,0.089477155251747,1.0,4.0,1.0,3.2302014853581174,,True,True,True
TJ127,3,18.0,28934.0,28938.0,4.0,-0.0446820180879461,1.0,4.0,1.0,6.060753021233654,,True,True,True
TJ127,3,19.0,28938.0,28942.0,4.0,0.07321237838352815,1.0,4.0,1.0,3.1417577092164817,False,True,True,True
TJ127,3,20.0,28942.0,28946.0,4.0,-0.227459102399931,1.0,4.0,1.0,2.5232036914230163,,True,True,True
TJ127,4,0.0,28982.0,28986.0,4.0,0.0147669208751081,0.0,0.0,0.0,2.717685239417587,False,False,False,True
TJ127,4,1.0,28986.0,28990.0,4.0,0.0377098519666962,1.0,4.0,1.0,2.0652078328463293,,True,True,True
TJ127,4,2.0,28990.0,28994.0,4.0,0.2642554972112382,1.0,4.0,1.0,2.720584323207863,,True,True,True
TJ127,4,3.0,28994.0,28998.0,4.0,0.2765148092679063,1.0,4.0,1.0,3.7152088716307294,,True,True,True
TJ127,4,4.0,28998.0,29002.0,4.0,0.1049733674809614,1.0,4.0,1.0,3.441368799780107,,True,True,True
TJ127,4,5.0,29002.0,29006.0,4.0,0.1907898899812173,1.0,4.0,1.0,4.358065899537526,,True,True,True
TJ127,4,6.0,29006.0,29010.0,4.0,0.3181900602375339,1.0,4.0,1.0,2.70014356769566,,True,True,True
TJ127,4,7.0,29010.0,29014.0,4.0,-0.20218228354957984,1.0,4.0,1.0,2.5514313201707224,False,True,True,True
TJ127,4,8.0,29014.0,29018.0,4.0,0.5255463104809089,1.0,4.0,1.0,2.6366484661848184,,True,True,True
TJ127,4,9.0,29018.0,29022.0,4.0,0.30006202178047975,1.0,4.0,1.0,1.9890010420561408,False,True,True,True
TJ127,4,10.0,29022.0,29026.0,4.0,-0.2530018875456054,1.0,4.0,1.0,2.430195653269529,,True,True,True
TJ127,4,11.0,29026.0,29030.0,4.0,-0.02170055617616385,1.0,4.0,1.0,1.6887290124037577,True,True,True,True
TJ127,4,12.0,29030.0,29034.0,4.0,-0.5970180448381308,1.0,4.0,1.0,2.322203937568227,,True,True,True
TJ127,4,13.0,29034.0,29038.0,4.0,-0.02167615227932604,1.0,4.0,1.0,1.7893005903719978,False,True,True,True
TJ127,4,14.0,29038.0,29042.0,4.0,0.023914308164233497,1.0,4.0,1.0,2.0381306478915873,False,True,True,True
TJ127,4,15.0,29042.0,29046.0,4.0,0.0063247692677574,1.0,4.0,1.0,1.8842832309349027,False,True,True,True
TJ127,4,16.0,29046.0,29050.0,4.0,-0.11688753836617445,1.0,4.0,1.0,1.4868916949614897,True,True,True,True
TJ127,4,17.0,29050.0,29054.0,4.0,0.1324668515032769,1.0,4.0,1.0,2.1030061996511784,,True,True,True
TJ127,4,18.0,29054.0,29058.0,4.0,0.04349221014689985,1.0,4.0,1.0,1.6340335851295746,True,True,True,True
TJ127,4,19.0,29058.0,29062.0,4.0,-0.1080955836376451,1.0,4.0,1.0,2.25282663464297,,True,True,True
TJ127,4,20.0,29062.0,29066.0,4.0,0.1773343405301118,1.0,4.0,1.0,1.6372019586760274,,True,True,True
TJ127,4,21.0,29066.0,29070.0,4.0,-0.2318218369782121,1.0,4.0,1.0,2.4168172417809903,,True,True,True
TJ127,4,22.0,29070.0,29074.0,4.0,-0.061078937702099,1.0,4.0,1.0,2.220428836087762,,True,True,True
TJ127,4,23.0,29074.0,29078.0,4.0,0.1250758849832032,1.0,4.0,1.0,1.972402838535289,,True,True,True
TJ127,4,24.0,29078.0,29082.0,4.0,-0.1716476421405013,1.0,4.0,1.0,2.106514488476108,,True,True,True
TJ127,4,25.0,29082.0,29086.0,4.0,0.3693023776282044,1.0,4.0,1.0,3.142335376518225,,True,True,True
TJ127,4,26.0,29086.0,29090.0,4.0,-0.1405739942702357,1.0,4.0,1.0,4.022823836289443,,True,True,True
TJ127,4,27.0,29090.0,29094.0,4.0,-0.3107723197967484,1.0,4.0,1.0,2.7739435752910757,,True,True,True
TJ127,4,28.0,29094.0,29098.0,4.0,-0.1112890169624541,1.0,4.0,1.0,2.6942512132938115,,True,True,True
TJ127,4,29.0,29098.0,29102.0,4.0,-0.099866511128975,1.0,4.0,1.0,2.7838748980135137,,True,True,True
TJ127,4,30.0,29102.0,29106.0,4.0,-0.038470179419981,1.0,4.0,1.0,2.668257857825521,,True,True,True
TJ127,4,31.0,29106.0,29110.0,4.0,-0.0262381827199807,1.0,4.0,1.0,2.6510302991848995,,True,True,True
TJ127,4,32.0,29110.0,29114.0,4.0,-0.2727614744756038,1.0,4.0,1.0,2.838455574300475,,True,True,True
TJ127,4,33.0,29114.0,29118.0,4.0,0.2299849795913185,1.0,4.0,1.0,2.882069708236821,,True,True,True
TJ127,4,34.0,29118.0,29122.0,4.0,-0.1167147121336995,1.0,4.0,1.0,2.444414871462648,,True,True,True
TJ127,4,35.0,29122.0,29126.0,4.0,0.05241548644145465,1.0,4.0,1.0,2.286518367698891,True,True,True,True
TJ127,4,36.0,29126.0,29130.0,4.0,0.020511364429251402,1.0,4.0,1.0,2.4679542746024663,False,True,True,True
TJ127,4,37.0,29130.0,29134.0,4.0,-0.0057165016452136,1.0,4.0,1.0,3.195462016242216,,True,True,True
TJ127,4,38.0,29134.0,29138.0,4.0,0.0354790999541921,1.0,4.0,1.0,3.313323005559044,,True,True,True
TJ127,4,39.0,29138.0,29142.0,4.0,-0.5105597325634376,1.0,4.0,1.0,3.0367997446215265,,True,True,True
TJ127,4,40.0,29142.0,29146.0,4.0,0.0005107689328494,1.0,4.0,1.0,3.795784136232862,,True,True,True
TJ127,4,41.0,29146.0,29150.0,4.0,0.1006336082747202,1.0,4.0,1.0,4.314268203757496,,True,True,True
TJ127,4,42.0,29150.0,29154.0,4.0,0.0777757139810779,1.0,4.0,1.0,2.4577023322320164,,True,True,True
TJ127,4,43.0,29154.0,29158.0,4.0,-0.0204431276981908,1.0,4.0,1.0,2.367090224528414,,True,True,True
TJ127,4,44.0,29158.0,29162.0,4.0,0.2533069821398288,1.0,4.0,1.0,2.7329454083111457,,True,True,True
TJ127,4,45.0,29162.0,29166.0,4.0,-0.068948516547597,1.0,4.0,1.0,2.583656066794259,,True,True,True
TJ127,4,46.0,29166.0,29170.0,4.0,0.0555270734189736,1.0,4.0,1.0,2.8421661392824973,,True,True,True
TJ127,4,47.0,29170.0,29174.0,4.0,0.0277042042540904,1.0,4.0,1.0,2.7019495753565343,,True,True,True
TJ127,4,48.0,29174.0,29178.0,4.0,-0.3067658559750351,1.0,4.0,1.0,2.618037498292461,,True,True,True
TJ127,4,49.0,29178.0,29182.0,4.0,-0.4869905533310862,1.0,4.0,1.0,2.803952343914367,,True,True,True
TJ127,4,50.0,29182.0,29186.0,4.0,0.0822624964251555,1.0,4.0,1.0,2.532272974532611,False,True,True,True
TJ127,5,0.0,29312.0,29316.0,4.0,0.164762246831047,0.8359375,3.34375,1.0,1.8294467147882725,,True,True,True
TJ127,5,2.0,29320.0,29324.0,4.0,0.007411536947183453,0.0,0.0,0.0,1.0092607202699844,True,False,False,True
TJ127,5,3.0,29324.0,29328.0,4.0,0.06375041916075186,0.0,0.0,0.0,0.9026923685716575,True,False,False,True
TJ127,5,4.0,29328.0,29332.0,4.0,-0.1481004794166131,0.0,0.0,0.0,0.9621343418883135,True,False,False,True
TJ127,5,5.0,29332.0,29336.0,4.0,0.0016984210787692952,0.0,0.0,0.0,0.7957692745210274,True,False,False,True
TJ127,5,6.0,29336.0,29340.0,4.0,-0.08021442943612445,0.0,0.0,0.0,0.9224767450285096,True,False,False,True
TJ127,5,7.0,29340.0,29344.0,4.0,-0.09249614073640079,0.0,0.0,0.0,0.8771270780206424,True,False,False,True
TJ127,5,8.0,29344.0,29348.0,4.0,-0.17882439064998928,0.0,0.0,0.0,0.9289418607101887,True,False,False,True
TJ127,5,9.0,29348.0,29352.0,4.0,0.0831396185962188,0.767578125,3.0703125,1.0,1.4269553511303243,False,True,True,True
TJ127,5,10.0,29352.0,29356.0,4.0,0.349177625409011,0.0,0.0,0.0,1.339710385882871,False,False,False,True
TJ127,5,11.0,29356.0,29360.0,4.0,-0.1202080969059039,0.0,0.0,0.0,1.5372841757495157,False,False,False,True
TJ127,6,1.0,29796.0,29800.0,4.0,-0.1622503841048684,0.0,0.0,0.0,2.660652859500327,False,False,False,True
TJ127,7,0.0,30992.0,30996.0,4.0,-0.0242578102897076,0.0,0.0,0.0,1.8217914606814265,False,False,False,True
TJ127,7,1.0,30996.0,31000.0,4.0,0.1640453565870505,0.0,0.0,0.0,2.794633524205041,False,False,False,True
TJ127,7,2.0,31000.0,31004.0,4.0,0.0980626488942095,0.0,0.0,0.0,1.750203681242574,False,False,False,True
TJ127,7,7.0,31020.0,31024.0,4.0,0.027691948786403,0.0,0.0,0.0,1.6557101385534383,False,False,False,True
TJ127,7,9.0,31028.0,31032.0,4.0,-0.0161010252565927,0.0,0.0,0.0,1.7349700621064428,False,False,False,True
TJ127,7,10.0,31032.0,31036.0,4.0,0.1220018438569637,0.0,0.0,0.0,1.5392246331113053,False,False,False,True
TJ127,7,13.0,31044.0,31048.0,4.0,0.0347728348755981,0.765625,3.0625,1.0,1.437624320580635,,True,True,True
TJ127,8,0.0,31232.0,31236.0,4.0,-0.3410341371935227,0.0,0.0,0.0,1.5882005510927424,False,False,False,True
TJ127,8,12.0,31280.0,31284.0,4.0,-0.0556687020412418,0.0,0.0,0.0,2.0100853709277877,False,False,False,True
TJ127,8,13.0,31284.0,31288.0,4.0,0.114758946870203,0.0,0.0,0.0,1.5910688162724596,False,False,False,True
TJ127,9,0.0,31592.0,31596.0,4.0,0.002081328929248,0.2216796875,0.88671875,1.0,1.4788021538184486,False,False,False,True
TJ127,9,1.0,31596.0,31600.0,4.0,-0.0146212715081483,1.0,4.0,1.0,1.494556677320747,False,True,True,True
TJ127,9,2.0,31600.0,31604.0,4.0,0.1211258195376129,1.0,4.0,1.0,1.9162252660942032,,True,True,True
TJ127,9,3.0,31604.0,31608.0,4.0,-0.10797332874621204,0.611328125,2.4453125,1.0,1.7004574530469436,False,False,False,True
TJ127,10,2.0,32830.0,32834.0,4.0,-0.0311605972561083,0.0,0.0,0.0,2.164248695853248,False,False,False,True
TJ127,10,3.0,32834.0,32838.0,4.0,0.0424263258136081,0.0,0.0,0.0,3.662686347135281,False,False,False,True
TJ127,10,4.0,32838.0,32842.0,4.0,-0.0348530898655059,0.9404296875,3.76171875,1.0,3.3582616486178307,,True,True,True
TJ127,10,5.0,32842.0,32846.0,4.0,-0.0486281403716296,1.0,4.0,1.0,8.070377334912852,,True,True,True
TJ127,10,6.0,32846.0,32850.0,4.0,-0.0268838147111663,0.68359375,2.734375,1.0,3.35169503603882,,False,False,True
TJ127,10,7.0,32850.0,32854.0,4.0,0.1270095205390103,0.0,0.0,0.0,2.175238399460881,False,False,False,True
TJ127,10,8.0,32854.0,32858.0,4.0,-0.0160375482977356,0.0,0.0,0.0,1.815463979363957,False,False,False,True
TJ127,10,11.0,32866.0,32870.0,4.0,-0.0241723006409698,0.0,0.0,0.0,1.3832678388827406,False,False,False,True
TJ127,10,13.0,32874.0,32878.0,4.0,-0.0311090025268464,0.0,0.0,0.0,1.5015305179276794,False,False,False,True
TJ127,10,14.0,32878.0,32882.0,4.0,0.0277979107887474,0.0,0.0,0.0,1.3178641572441896,False,False,False,True
TJ127,10,15.0,32882.0,32886.0,4.0,0.0354255191064139,0.0,0.0,0.0,1.7218833392330593,False,False,False,True
TJ127,10,16.0,32886.0,32890.0,4.0,-0.0176126829717331,0.9306640625,3.72265625,1.0,1.4331673952706039,False,True,True,True
TJ127,10,17.0,32890.0,32894.0,4.0,0.0918693920329379,0.0,0.0,0.0,1.3035719716880916,False,False,False,True
TJ127,10,22.0,32910.0,32914.0,4.0,0.0995438024510527,0.0,0.0,0.0,1.7725106388596137,False,False,False,True
TJ127,10,31.0,32946.0,32950.0,4.0,0.1111179079717916,0.0,0.0,0.0,1.391730603833557,False,False,False,True
TJ127,10,35.0,32962.0,32966.0,4.0,0.029882861862525,0.0,0.0,0.0,1.3022900521798373,False,False,False,True
TJ127,10,37.0,32970.0,32974.0,4.0,0.012503703683726296,0.0,0.0,0.0,1.4762658913999482,False,False,False,True
TJ127,10,44.0,32998.0,33002.0,4.0,0.0151279260809923,0.0,0.0,0.0,1.3860641808787657,False,False,False,True
TJ127,10,48.0,33014.0,33018.0,4.0,-0.0070436353728948,0.6318359375,2.52734375,1.0,1.394630480218234,,False,False,True
TJ127,10,55.0,33042.0,33046.0,4.0,0.03327333729943,0.0,0.0,0.0,4.907990157984507,False,False,False,True
TJ127,10,56.0,33046.0,33050.0,4.0,-0.0146629998207985,0.0,0.0,0.0,4.5421296900431,False,False,False,True
TJ127,10,57.0,33050.0,33054.0,4.0,-0.0222031969302162,0.3935546875,1.57421875,1.0,3.316114510951893,False,False,False,True
TJ127,10,58.0,33054.0,33058.0,4.0,-0.0117846809131023,0.8076171875,3.23046875,1.0,1.7583099796837642,,True,True,True
TJ127,10,60.0,33062.0,33066.0,4.0,0.011786897609541,0.0,0.0,0.0,2.0581214992586165,False,False,False,True
TJ127,10,61.0,33066.0,33070.0,4.0,0.0710572398299412,0.0,0.0,0.0,2.159694804877323,False,False,False,True
TJ127,10,62.0,33070.0,33074.0,4.0,0.091226973431246,0.0,0.0,0.0,2.2682226639106173,False,False,False,True
TJ127,10,73.0,33114.0,33118.0,4.0,0.0448202515233224,0.0,0.0,0.0,4.995822491860879,False,False,False,True
TJ127,10,74.0,33118.0,33122.0,4.0,-0.0198405795467045,0.0,0.0,0.0,3.3688613756138173,False,False,False,True
TJ127,10,88.0,33174.0,33178.0,4.0,0.0175233731372452,0.0,0.0,0.0,1.5982883198779227,False,False,False,True
TJ127,10,89.0,33178.0,33182.0,4.0,0.0120684698603108,0.0,0.0,0.0,2.3534724812911745,False,False,False,True
TJ127,10,90.0,33182.0,33186.0,4.0,-0.0774795467545624,0.0,0.0,0.0,1.7179739671426704,False,False,False,True
TJ127,10,91.0,33186.0,33190.0,4.0,-0.0298320545647696,0.0,0.0,0.0,1.6325809630445254,False,False,False,True
TJ127,10,92.0,33190.0,33194.0,4.0,0.1065852268586617,0.0,0.0,0.0,2.0082326356336853,False,False,False,True
TJ127,10,93.0,33194.0,33198.0,4.0,-0.0178998255273671,0.0,0.0,0.0,1.775244604324249,False,False,False,True
TJ127,10,94.0,33198.0,33202.0,4.0,-0.0693628412627483,0.0,0.0,0.0,1.530383940959501,False,False,False,True
TJ127,10,96.0,33206.0,33210.0,4.0,0.0253310976234001,0.0,0.0,0.0,1.4414350673768046,False,False,False,True
TJ127,10,98.0,33214.0,33218.0,4.0,-0.0320148496633879,0.0,0.0,0.0,2.403408854956367,False,False,False,True
TJ127,10,99.0,33218.0,33222.0,4.0,-0.0818283765279765,0.0,0.0,0.0,1.6356535119743592,False,False,False,True
TJ127,10,100.0,33222.0,33226.0,4.0,-0.0383985851569586,0.0,0.0,0.0,2.5581431007438105,False,False,False,True
TJ127,10,101.0,33226.0,33230.0,4.0,0.0381715088249517,0.0,0.0,0.0,2.5173905114925166,False,False,False,True
TJ127,10,102.0,33230.0,33234.0,4.0,-0.030611867843272,0.0,0.0,0.0,1.598672199359309,False,False,False,True
TJ127,10,103.0,33234.0,33238.0,4.0,0.0060283355531293,0.0,0.0,0.0,1.4575478567224227,False,False,False,True
TJ127,11,1.0,33336.0,33340.0,4.0,0.0171270413085866,0.0,0.0,0.0,1.66817432488658,False,False,False,True
TJ127,11,5.0,33352.0,33356.0,4.0,0.2086088456506337,0.0,0.0,0.0,1.832482530250082,False,False,False,True
TJ127,11,6.0,33356.0,33360.0,4.0,0.2305311099452827,0.0,0.0,0.0,2.21107254548587,False,False,False,True
TJ127,11,7.0,33360.0,33364.0,4.0,-0.0223587601836082,0.0,0.0,0.0,2.5732985635452907,False,False,False,True
TJ127,11,8.0,33364.0,33368.0,4.0,-0.0656373752705268,0.0,0.0,0.0,2.88309243602057,False,False,False,True
TJ127,11,9.0,33368.0,33372.0,4.0,0.1645073875807535,0.0,0.0,0.0,3.8951909503613087,False,False,False,True
TJ127,11,19.0,33408.0,33412.0,4.0,0.0359830643826384,0.0,0.0,0.0,1.6085967184041667,False,False,False,True
TJ127,11,28.0,33444.0,33448.0,4.0,0.0506044501860261,0.0,0.0,0.0,2.0043524650034503,False,False,False,True
TJ127,11,29.0,33448.0,33452.0,4.0,0.0720244995711752,0.0,0.0,0.0,6.960114908447221,False,False,False,True
TJ127,11,30.0,33452.0,33456.0,4.0,-0.0292324161963597,0.0,0.0,0.0,1.6904176869338703,False,False,False,True
TJ127,11,31.0,33456.0,33460.0,4.0,0.1260539548267981,0.0,0.0,0.0,1.771130729767893,False,False,False,True
TJ127,11,32.0,33460.0,33464.0,4.0,-0.0012921369202654,0.0,0.0,0.0,5.019093272515035,False,False,False,True
TJ127,11,33.0,33464.0,33468.0,4.0,0.0372723144759675,0.0,0.0,0.0,2.6586084514059003,False,False,False,True
TJ127,11,34.0,33468.0,33472.0,4.0,0.0374979220574111,0.0,0.0,0.0,2.767952547231588,False,False,False,True
TJ127,11,45.0,33512.0,33516.0,4.0,-0.0719245117403842,0.0,0.0,0.0,1.582781495426446,False,False,False,True
TJ127,11,46.0,33516.0,33520.0,4.0,0.0039212982345062,0.0,0.0,0.0,2.4670557662367774,False,False,False,True
TJ127,11,47.0,33520.0,33524.0,4.0,-0.0214022839115503,0.0,0.0,0.0,3.759168822165332,False,False,False,True
TJ127,11,48.0,33524.0,33528.0,4.0,-0.036376485240855655,0.0,0.0,0.0,3.423711857253522,False,False,False,True
TJ127,11,49.0,33528.0,33532.0,4.0,-0.015470028888749,0.0,0.0,0.0,2.143073153463992,False,False,False,True
TJ127,11,50.0,33532.0,33536.0,4.0,-0.08585265553299311,0.0,0.0,0.0,1.465257851891499,False,False,False,True
TJ127,11,51.0,33536.0,33540.0,4.0,-0.06202004018553335,0.0,0.0,0.0,2.4455984396757278,False,False,False,True
TJ127,11,52.0,33540.0,33544.0,4.0,-0.13286410369271265,0.0,0.0,0.0,3.0383082863193662,False,False,False,True
TJ127,11,53.0,33544.0,33548.0,4.0,-0.0822536833177405,0.0,0.0,0.0,1.9888754394360435,False,False,False,True
TJ127,11,54.0,33548.0,33552.0,4.0,-0.021780143281145303,0.0,0.0,0.0,1.7890405003471521,False,False,False,True
TJ127,11,55.0,33552.0,33556.0,4.0,-0.0509671135844853,0.0,0.0,0.0,1.480150207680094,False,False,False,True
TJ127,11,57.0,33560.0,33564.0,4.0,-0.1854684152842223,0.0,0.0,0.0,3.510679863159192,False,False,False,True
TJ127,11,58.0,33564.0,33568.0,4.0,0.0634073564623227,0.0,0.0,0.0,2.069053480376853,False,False,False,True
TJ127,11,59.0,33568.0,33572.0,4.0,0.1463109459279169,0.0,0.0,0.0,1.4693280723668551,False,False,False,True
TJ127,11,60.0,33572.0,33576.0,4.0,-0.0986499807710549,0.0,0.0,0.0,1.4337044822179736,False,False,False,True
TJ127,11,61.0,33576.0,33580.0,4.0,-0.0971360350126825,0.0,0.0,0.0,1.3604231597472125,False,False,False,True
TJ127,11,62.0,33580.0,33584.0,4.0,0.1007516049661668,0.0,0.0,0.0,4.545569189046555,False,False,False,True
TJ127,11,63.0,33584.0,33588.0,4.0,-0.0264291145638279,0.0,0.0,0.0,1.4085789136416986,False,False,False,True
TJ127,11,64.0,33588.0,33592.0,4.0,-0.0564496573895003,0.0,0.0,0.0,1.830483267984802,False,False,False,True
TJ127,11,65.0,33592.0,33596.0,4.0,-0.0507811238102839,0.0,0.0,0.0,1.532041080274222,False,False,False,True
